chengzhongyoushan1;城中有山;;;;;;;;;;X,,,,,
zhuluzhongyuan1;逐鹿中原;;;;;;;;;;X,,,,,
desc_zhuluzhongyuan1;我国以极大的声势参与逐鹿中原的活动，我国强大的国力在一定程度上抵消了我国侵占其他中原诸侯领土所带来的负面影响。;;;;;;;;;;X,,,,,
zhuluzhongyuan2;逐鹿中原;;;;;;;;;;X,,,,,
desc_zhuluzhongyuan2;我国以极大的声势参与逐鹿中原的活动，我国强大的国力在一定程度上抵消了我国侵占其他中原诸侯领土所带来的负面影响。;;;;;;;;;;X,,,,,
zhuluzhongyuan3;逐鹿中原;;;;;;;;;;X,,,,,
desc_zhuluzhongyuan3;我国以极大的声势参与逐鹿中原的活动，我国强大的国力在一定程度上抵消了我国侵占其他中原诸侯领土所带来的负面影响。;;;;;;;;;;X,,,,,
guanji;官妓;;;;;;;;;;X,,,,,
desc_guanji;官妓;;;;;;;;;;X,,,,,
desc_huayi;夷狄之有君,不如诸夏之亡也。;;;;;;;;;;X,,,,
zongfazhi;宗法制;;;;;;;;;;X,,,,,
desc_zongfazhi;长子继承;;;;;;;;;;X,,,,,
zunwangrangyi;尊王攘夷;;;;;;;;;;X,,,,,
desc_zunwangrangyi;尊王攘夷;;;;;;;;;;X,,,,,
yidaimingjiang;一代名将;;;;;;;;;;X,,,,,
desc_yidaimingjiang;一代名将;;;;;;;;;;X,,,,,
liangcang;封邑建设;;;;;;;;;;X,,,,,
desc_liangcang;本地的贵族积极建设封邑，当地一派欣欣向荣，无论是军事防御设施还是经济发展，都取得了显著的成效。;;;;;;;;;;X,,,,,
zengshou;农业增长;;;;;;;;;;X,,,,,
desc_zengshou;粮仓;;;;;;;;;;X,,,,,
science_improvement;学术革新;;;;;;;;;;X,,,,,
desc_science_improvement;学术革新;;;;;;;;;;X,,,,,
army_improvement;士气高昂;;;;;;;;;;X,,,,,
desc_army_improvement;士气高昂;;;;;;;;;;X,,,,,
tax_decrease;税收不足;;;;;;;;;;X,,,,,
desc_tax_decrease;税收不足;;;;;;;;;;X,,,,,
colony_decrease;移民衰退长;;;;;;;;;;X,,,,,
desc_colony_decrease;移民衰退;;;;;;;;;;X,,,,,
zhengzhiqingming;政治清明;;;;;;;;;;X,,,,,
desc_zhengzhiqingming;我国当前内政清明，官员协力;;;;;;;;;;X,,,,,
xueshufanrong;学术繁荣;;;;;;;;;;X,,,,,
desc_xueshufanrong;来自各地的学者汇聚我国，这造就了学术繁荣;;;;;;;;;;X,,,,,
junshigeming;军事革命;;;;;;;;;;X,,,,,
desc_junshigeming;随着战术理论的发展，我军正在经历一场军事变革;;;;;;;;;;X,,,,,
dangshiminjiang;当世名将;;;;;;;;;;X,,,,,
desc_dangshiminjiang;这个时代最伟大的将军正在为我国效力;;;;;;;;;;X,,,,,
wenyixinglong;文艺兴隆;;;;;;;;;;X,,,,,
desc_wenyixinglong;大批文人汇聚于宫廷，我国文艺正处于空前的繁荣中;;;;;;;;;;X,,,,,
shangyefanrong;商业繁荣;;;;;;;;;;X,,,,,
desc_shangyefanrong;广阔的市场和优秀的官员为我国的商业开拓带来了极大提升，来自五湖四海的货物正在我国的市场上被交易;;;;;;;;;;X,,,,,
difangjianshe;地方建设;;;;;;;;;;X,,,,,
desc_difangjianshe;地方官员和贵族对于城邑的建设取得了重要成效，很多城市和首都一样处于安宁繁荣的状态;;;;;;;;;;X,,,,,
zhuhouchengfu;诸侯臣服;;;;;;;;;;X,,,,,
desc_zhuhouchengfu;我国的外交影响力空前强大，各国纷纷来朝，这得益于我们优秀的使节;;;;;;;;;;X,,,,,
anjuleye;安居乐业;;;;;;;;;;X,,,,,
desc_anjuleye;官员各司其职，人民生活安定，不稳定的因素大大减少了;;;;;;;;;;X,,,,,
siweisucan_1;尸位素餐的臣属;;;;;;;;;;X,,,,,
desc_siweisucan_1;我们的臣属由于和君主的政治理念不同，选择了沉默，实际上他对国家已经没有贡献了;;;;;;;;;;X,,,,,
siweisucan_2;尸位素餐的臣属;;;;;;;;;;X,,,,,
desc_siweisucan_2;我们的臣属由于和君主的政治理念不同，选择了沉默，实际上他对国家已经没有贡献了;;;;;;;;;;X,,,,,
siweisucan_3;尸位素餐的臣属;;;;;;;;;;X,,,,,
desc_siweisucan_3;我们的臣属由于和君主的政治理念不同，选择了沉默，实际上他对国家已经没有贡献了;;;;;;;;;;X,,,,,
siweisucan_4;尸位素餐的臣属;;;;;;;;;;X,,,,,
desc_siweisucan_4;我们的臣属由于和君主的政治理念不同，选择了沉默，实际上他对国家已经没有贡献了;;;;;;;;;;X,,,,,
siweisucan_5;尸位素餐的臣属;;;;;;;;;;X,,,,,
desc_siweisucan_5;我们的臣属由于和君主的政治理念不同，选择了沉默，实际上他对国家已经没有贡献了;;;;;;;;;;X,,,,,
siweisucan_6;尸位素餐的臣属;;;;;;;;;;X,,,,,
desc_siweisucan_6;我们的臣属由于和君主的政治理念不同，选择了沉默，实际上他对国家已经没有贡献了;;;;;;;;;;X,,,,,
building_program;正在修建工程;;;;;;;;;;X,,,,,
desc_building_program;此地正在修建国家工程，生产和劳役被大量征用。;;;;;;;;;;X,,,,,
hangoushuiqu;邗沟水渠;;;;;;;;;;X,,,,,
desc_hangoushuiqu;此地属于邗沟水渠沿岸，交通便利，军队通行无碍;;;;;;;;;;X,,,,,
lishimingguan;历史著名要塞;;;;;;;;;;X,,,,,
desc_lishimingguan;此地是历史著名要塞，当前已经修建完毕，固若金汤;;;;;;;;;;X,,,,,
flood_made;掘河放水;;;;;;;;;;X,,,,,
desc_flood_made;此地已经掘开河口放水，这是战争中国家采取的必要措施，此举将极大地影响下游城池，也对本地有少许负面作用。;;;;;;;;;;X,,,,,
flood_seige;洪水肆虐;;;;;;;;;;X,,,,,
desc_flood_seige;由于洪水肆虐，城市处于危机当中，眼看摇摇欲坠，生产也都陷入了停滞。;;;;;;;;;;X,,,,,
great_wall;万里长城;;;;;;;;;;X,,,,,
desc_great_wall;抵御草原游牧民族，以保卫我们北方边境的万里长城. ;;;;;;;;;;X,,,,,
heir_introduced;公子成人礼;;;;;;;;;;X,,,,,
desc_heir_introduced;一个公子已经成年岁了，我们可以为他举办一个加冠仪式作为他成年的象征，这将有利于国家的稳定和繁荣。;;;;;;;;;;X,,,,,
guoshi;编写国史;;;;;;;;;;X,,,,,
desc_guoshi;我们可以令史官每日记录朝堂上下之事，编撰成一部国史来彰显我们的昌盛，同时以史为鉴，也可以知兴衰得失。;;;;;;;;;;X,,,,,
zhouchaoyimin;收容西周遗民;;;;;;;;;;X,,,,,
desc_zhouchaoyimin;西周在犬戎各部的进攻下土崩瓦解，周王室被迫东迁，原来居住在关中地区的西周遗民也纷纷东迁，他们居无定所、漂泊流离，但传承着西周悠久的文化。;;;;;;;;;;X,,,,,
zajibaixi;杂技百戏;;;;;;;;;;X,,,,,
desc_zajibaixi;杂技百戏保罗万象，是民间丰富的文化娱乐活动，鼓励这些活动发展将让我们的人民更加安居乐业。;;;;;;;;;;X,,,,,
touzizhuzao;投资青铜器制造;;;;;;;;;;X,,,,,
desc_touzizhuzao;设立专门机构铸造青铜器，包括礼器、祭器和乐器，其品质将会得到全面的提升，当然，这是要花一大笔钱的。;;;;;;;;;;X,,,,,
bianzhong;编钟文化;;;;;;;;;;X,,,,,
desc_bianzhong;编钟是一种大型的青铜乐器，所谓音不正不行，定制乐礼规格是保证长治久安的前提。;;;;;;;;;;X,,,,,
daiyanzhisong;戴偃之宋;;;;;;;;;;X,,,,,
desc_daiyanzhisong;戴偃之宋;;;;;;;;;;X,,,,,
wuqiansheng;五千乘之劲宋;;;;;;;;;;X,,,,,
desc_wuqiansheng;五千乘之劲宋;;;;;;;;;;X,,,,,
jiesong;桀宋;;;;;;;;;;X,,,,,
desc_jiesong;桀宋;;;;;;;;;;X,,,,,
yingshanyigu;殷商遗孤之咆哮;;;;;;;;;;X,,,,,
desc_yingshanyigu;殷商遗孤之咆哮;;;;;;;;;;X,,,,,
ji;吉兆;;;;;;;;;;X,,,,,
desc_ji;吉兆;;;;;;;;;;X,,,,,
xiong;凶兆;;;;;;;;;;X,,,,,
desc_xiong;凶兆;;;;;;;;;;X,,,,,
jinian;吉年出战;;;;;;;;;;X,,,,,
desc_jinian;我师必胜、敌寇必诛;;;;;;;;;;X,,,,,
xiongnian;凶年出战;;;;;;;;;;X,,,,,
desc_xiongnian;我师必败、损兵折将;;;;;;;;;;X,,,,,
fangkuangguodu;疯狂国度;;;;;;;;;;X,,,,,
desc_fangkuangguodu;国君疯狂，是整个国家也陷入疯狂！;;;;;;;;;;X,,,,,
dashangjinnei;大赏境内;;;;;;;;;;X,,,,,
desc_dashangjinnei;大赏境内;;;;;;;;;;X,,,,,
zhengdunlizhi;整顿吏治;;;;;;;;;;X,,,,,
desc_zhengdunlizhi;整顿吏治;;;;;;;;;;X,,,,,
guangkaiyanlu;广开言路;;;;;;;;;;X,,,,,
desc_guangkaiyanlu;广开言路;;;;;;;;;;X,,,,,
bingchizhouli;秉持周礼;;;;;;;;;;X,,,,,
desc_bingchizhouli;秉持周礼;;;;;;;;;;X,,,,,
qishan;商礼;;;;;;;;;;X,,,,,
desc_qishan;商礼;;;;;;;;;;X,,,,,
xicui;西陲;;;;;;;;;;X,,,,,
desc_xicui;西陲;;;;;;;;;;X,,,,,
JIN_buff2;晋无公族;;;;;;;;;;X,,,,,
desc_JIN_buff2;晋国在曲沃代翼之后，为了避免公家实力过于强大，采取了不分封群公子的政策，从此晋国公族势力大为衰弱，六卿取而代之成为了国家政治核心。;;;;;;;;;;X,,,,,
JIN_buff1;万乘之国;;;;;;;;;;X,,,,,
desc_JIN_buff1;万乘之国;;;;;;;;;;X,,,,,
guangxi;关西;;;;;;;;;;X,,,,,
jisishangdi;祭祀上帝;;;;;;;;;;X,,,,,
zhoushizhizhang;周室之长;;;;;;;;;;X,,,,,
desc_guangxi;关西;;;;;;;;;;X,,,,,
desc_jisishangdi;祭祀上帝;;;;;;;;;;X,,,,,
desc_zhoushizhizhang;周室之长;;;;;;;;;;X,,,,,
yuenvjian;越女剑;;;;;;;;;;X,,,,,
desc_yuenvjian;越女剑;;;;;;;;;;X,,,,,
baihuzhilv;白虎之族;;;;;;;;;;X,,,,,
desc_baihuzhilv;巴族与白虎有着神秘的联系。;;;;;;;;;;X,,,,,
wangcongyijiao;望丛遗教;;;;;;;;;;X,,,,,
desc_wangcongyijiao;在春秋时代之前蜀国已经有悠久的本土开发历史。望帝杜宇教民务农，丛帝开明以水利留名，留下了蜀国的生产传统。;;;;;;;;;;X,,,,,
shuguoyiming;接受蜀国遗民;;;;;;;;;;X,,,,,
desc_shuguoyiming;蜀国灭亡后，遗民在王子的带领下南下。这只部族文化先进，而且据说拥有一支神弩。;;;;;;;;;;X,,,,,
weiwangtishen;威望提升;;;;;;;;;;X,,,,,
desc_weiwangtishen;威望提升;;;;;;;;;;X,,,,,
zhanguoshidai;战国时代;;;;;;;;;;;;;x;,,,,,
desc_zhanguoshidai;随着国家兼并战争加剧，中国进入了战国时代;;;;;;;;;;;;;x;,,,,,
luck_QIG;历史强国-齐国;;;;;;;;;;X,,,,,
desc_luck_QIG;齐国是春秋战国时期的重要国家，齐桓公是春秋时代第一个全国性质的霸主，此后齐国也一直保持着山东大国的地位，至战国宣王、威王时期，达到了另一个高峰;;;;;;;;;;X,,,,,
luck_QIN;历史强国-秦国;;;;;;;;;;X,,,,,
desc_luck_QIN;秦国在春秋早期并不显眼但迅速扩大了自己在关中地区的影响力，秦穆公称霸西戎后秦国中衰，至商鞅变法后再度崛起直到一统天下;;;;;;;;;;X,,,,,
luck_JIN;历史强国-晋国;;;;;;;;;;X,,,,,
desc_luck_JIN;晋国是整个春秋时期最大的霸主，在经历了早期的内部动荡后长期保持霸主地位，至春秋后期，六卿架空君主瓜分权力，最终导致晋国霸业中衰，直到三家分晋;;;;;;;;;;X,,,,,
luck_CHU;历史强国-楚国;;;;;;;;;;X,,,,,
desc_luck_CHU;春秋战国的统一进程有一半是由南方不同文化的楚国完成的，进入春秋时代后，楚国就开始了急速扩张的过程并多次问鼎中原，被吴国击破后楚国一度在战国复兴，但怀王之后，庞大的楚国最终衰落;;;;;;;;;;X,,,,,
luck_WUG;历史强国-吴国;;;;;;;;;;X,,,,,
desc_luck_WUG;吴国是春秋后期舞台上的重要国家，经过几代人的改革，逐渐成为东南强国并在阖闾时代攻克楚国首都郢，夫差即位后积极争霸中原，但被勾践所灭。;;;;;;;;;;X,,,,,
luck_YGO;历史强国-越国;;;;;;;;;;X,,,,,
desc_luck_YGO;越国作为偏远落后国家，直到春秋末期才和中原发生接触，但在勾践时期成功消灭当时的霸主吴国，勾践随后也成为了春秋时期最后一个霸主。;;;;;;;;;;X,,,,,
luck_ZGO;历史强国-郑国;;;;;;;;;;X,,,,,
desc_luck_ZGO;郑国是春秋时期中原的主要诸侯国，郑庄公充分利用外交和军事手段扩展势力，是春秋时代第一个小霸主。;;;;;;;;;;X,,,,,
luck_WEI;历史强国-魏国;;;;;;;;;;X,,,,,
desc_luck_WEI;魏国源自三家分晋，从战国一开始就成为了中原强国，魏文侯时期魏国人才济济，北灭中山，西取秦河西，南征楚，是战国早期第一强国。;;;;;;;;;;X,,,,,
luck_ZHO;历史强国-赵国;;;;;;;;;;X,,,,,
desc_luck_ZHO;赵国在战国前期表现平平，但在武灵王胡服骑射改革后逐渐成为唯一能和秦国抗衡的国家，至战国末期仍保持着较为强大的军事实力。;;;;;;;;;;X,,,,,
luck_YAN;历史强国-燕国;;;;;;;;;;X,,,,,
desc_luck_YAN;燕国位置偏远，整个春秋时代默默无闻，但在燕昭王时期也曾实现短暂的辉煌，一度攻取齐国七十余城。;;;;;;;;;;X,,,,,
goverment_tech_5;行政科技加成;;;;;;;;;;X,,,,,
desc_goverment_tech_5;行政科技加成;;;;;;;;;;X,,,,,
goverment_tech_10;行政科技加成;;;;;;;;;;X,,,,,
desc_goverment_tech_10;行政科技加成;;;;;;;;;;X,,,,,
goverment_tech_15;行政科技加成;;;;;;;;;;X,,,,,
desc_goverment_tech_15;行政科技加成;;;;;;;;;;X,,,,,
goverment_tech_20;行政科技加成;;;;;;;;;;X,,,,,
desc_goverment_tech_20;行政科技加成;;;;;;;;;;X,,,,,
goverment_tech_25;行政科技加成;;;;;;;;;;X,,,,,
desc_goverment_tech_25;行政科技加成;;;;;;;;;;X,,,,,
goverment_tech_30;行政科技加成;;;;;;;;;;X,,,,,
desc_goverment_tech_30;行政科技加成;;;;;;;;;;X,,,,,
goverment_tech_35;行政科技加成;;;;;;;;;;X,,,,,
desc_goverment_tech_35;行政科技加成;;;;;;;;;;X,,,,,
goverment_tech_40;行政科技加成;;;;;;;;;;X,,,,,
desc_goverment_tech_40;行政科技加成;;;;;;;;;;X,,,,,
goverment_tech_45;行政科技加成;;;;;;;;;;X,,,,,
desc_goverment_tech_45;行政科技加成;;;;;;;;;;X,,,,,
goverment_tech_50;行政科技加成;;;;;;;;;;X,,,,,
desc_goverment_tech_50;行政科技加成;;;;;;;;;;X,,,,,
goverment_tech_55;行政科技加成;;;;;;;;;;X,,,,,
desc_goverment_tech_55;行政科技加成;;;;;;;;;;X,,,,,
goverment_tech_60;行政科技加成;;;;;;;;;;X,,,,,
desc_goverment_tech_60;行政科技加成;;;;;;;;;;X,,,,,
goverment_tech_65;行政科技加成;;;;;;;;;;X,,,,,
desc_goverment_tech_65;行政科技加成;;;;;;;;;;X,,,,,
goverment_tech_70;行政科技加成;;;;;;;;;;X,,,,,
desc_goverment_tech_70;行政科技加成;;;;;;;;;;X,,,,,
goverment_tech_75;行政科技加成;;;;;;;;;;X,,,,,
desc_goverment_tech_75;行政科技加成;;;;;;;;;;X,,,,,
goverment_tech_80;行政科技加成;;;;;;;;;;X,,,,,
desc_goverment_tech_80;行政科技加成;;;;;;;;;;X,,,,,
land_tech_5;军事科技加成;;;;;;;;;;X,,,,,
desc_land_tech_5;军事科技加成;;;;;;;;;;X,,,,,
land_tech_10;军事科技加成;;;;;;;;;;X,,,,,
desc_land_tech_10;军事科技加成;;;;;;;;;;X,,,,,
land_tech_15;军事科技加成;;;;;;;;;;X,,,,,
desc_land_tech_15;军事科技加成;;;;;;;;;;X,,,,,
land_tech_20;军事科技加成;;;;;;;;;;X,,,,,
desc_land_tech_20;军事科技加成;;;;;;;;;;X,,,,,
land_tech_25;军事科技加成;;;;;;;;;;X,,,,,
desc_land_tech_25;军事科技加成;;;;;;;;;;X,,,,,
land_tech_30;军事科技加成;;;;;;;;;;X,,,,,
desc_land_tech_30;军事科技加成;;;;;;;;;;X,,,,,
land_tech_35;军事科技加成;;;;;;;;;;X,,,,,
desc_land_tech_35;军事科技加成;;;;;;;;;;X,,,,,
land_tech_40;军事科技加成;;;;;;;;;;X,,,,,
desc_land_tech_40;军事科技加成;;;;;;;;;;X,,,,,
land_tech_45;军事科技加成;;;;;;;;;;X,,,,,
desc_land_tech_45;军事科技加成;;;;;;;;;;X,,,,,
land_tech_50;军事科技加成;;;;;;;;;;X,,,,,
desc_land_tech_50;军事科技加成;;;;;;;;;;X,,,,,
land_tech_55;军事科技加成;;;;;;;;;;X,,,,,
desc_land_tech_55;军事科技加成;;;;;;;;;;X,,,,,
land_tech_60;军事科技加成;;;;;;;;;;X,,,,,
desc_land_tech_60;军事科技加成;;;;;;;;;;X,,,,,
land_tech_65;军事科技加成;;;;;;;;;;X,,,,,
desc_land_tech_65;军事科技加成;;;;;;;;;;X,,,,,
land_tech_70;军事科技加成;;;;;;;;;;X,,,,,
desc_land_tech_70;军事科技加成;;;;;;;;;;X,,,,,
land_tech_75;军事科技加成;;;;;;;;;;X,,,,,
desc_land_tech_75;军事科技加成;;;;;;;;;;X,,,,,
land_tech_80;军事科技加成;;;;;;;;;;X,,,,,
desc_land_tech_80;军事科技加成;;;;;;;;;;X,,,,,
naval_tech_5;文化科技加成;;;;;;;;;;X,,,,,
desc_naval_tech_5;文化科技加成;;;;;;;;;;X,,,,,
naval_tech_10;文化科技加成;;;;;;;;;;X,,,,,
desc_naval_tech_10;文化科技加成;;;;;;;;;;X,,,,,
naval_tech_15;文化科技加成;;;;;;;;;;X,,,,,
desc_naval_tech_15;文化科技加成;;;;;;;;;;X,,,,,
naval_tech_20;文化科技加成;;;;;;;;;;X,,,,,
desc_naval_tech_20;文化科技加成;;;;;;;;;;X,,,,,
naval_tech_25;文化科技加成;;;;;;;;;;X,,,,,
desc_naval_tech_25;文化科技加成;;;;;;;;;;X,,,,,
naval_tech_30;文化科技加成;;;;;;;;;;X,,,,,
desc_naval_tech_30;文化科技加成;;;;;;;;;;X,,,,,
naval_tech_35;文化科技加成;;;;;;;;;;X,,,,,
desc_naval_tech_35;文化科技加成;;;;;;;;;;X,,,,,
naval_tech_40;文化科技加成;;;;;;;;;;X,,,,,
desc_naval_tech_40;文化科技加成;;;;;;;;;;X,,,,,
naval_tech_45;文化科技加成;;;;;;;;;;X,,,,,
desc_naval_tech_45;文化科技加成;;;;;;;;;;X,,,,,
naval_tech_50;文化科技加成;;;;;;;;;;X,,,,,
desc_naval_tech_50;文化科技加成;;;;;;;;;;X,,,,,
naval_tech_55;文化科技加成;;;;;;;;;;X,,,,,
desc_naval_tech_55;文化科技加成;;;;;;;;;;X,,,,,
naval_tech_60;文化科技加成;;;;;;;;;;X,,,,,
desc_naval_tech_60;文化科技加成;;;;;;;;;;X,,,,,
naval_tech_65;文化科技加成;;;;;;;;;;X,,,,,
desc_naval_tech_65;文化科技加成;;;;;;;;;;X,,,,,
naval_tech_70;文化科技加成;;;;;;;;;;X,,,,,
desc_naval_tech_70;文化科技加成;;;;;;;;;;X,,,,,
naval_tech_75;文化科技加成;;;;;;;;;;X,,,,,
desc_naval_tech_75;文化科技加成;;;;;;;;;;X,,,,,
naval_tech_80;文化科技加成;;;;;;;;;;X,,,,,
desc_naval_tech_80;文化科技加成;;;;;;;;;;X,,,,,
trade_tech_5;商业科技加成;;;;;;;;;;X,,,,,
desc_trade_tech_5;商业科技加成;;;;;;;;;;X,,,,,
trade_tech_10;商业科技加成;;;;;;;;;;X,,,,,
desc_trade_tech_10;商业科技加成;;;;;;;;;;X,,,,,
trade_tech_15;商业科技加成;;;;;;;;;;X,,,,,
desc_trade_tech_15;商业科技加成;;;;;;;;;;X,,,,,
trade_tech_20;商业科技加成;;;;;;;;;;X,,,,,
desc_trade_tech_20;商业科技加成;;;;;;;;;;X,,,,,
trade_tech_25;商业科技加成;;;;;;;;;;X,,,,,
desc_trade_tech_25;商业科技加成;;;;;;;;;;X,,,,,
trade_tech_30;商业科技加成;;;;;;;;;;X,,,,,
desc_trade_tech_30;商业科技加成;;;;;;;;;;X,,,,,
trade_tech_35;商业科技加成;;;;;;;;;;X,,,,,
desc_trade_tech_35;商业科技加成;;;;;;;;;;X,,,,,
trade_tech_40;商业科技加成;;;;;;;;;;X,,,,,
desc_trade_tech_40;商业科技加成;;;;;;;;;;X,,,,,
trade_tech_45;商业科技加成;;;;;;;;;;X,,,,,
desc_trade_tech_45;商业科技加成;;;;;;;;;;X,,,,,
trade_tech_50;商业科技加成;;;;;;;;;;X,,,,,
desc_trade_tech_50;商业科技加成;;;;;;;;;;X,,,,,
trade_tech_55;商业科技加成;;;;;;;;;;X,,,,,
desc_trade_tech_55;商业科技加成;;;;;;;;;;X,,,,,
trade_tech_60;商业科技加成;;;;;;;;;;X,,,,,
desc_trade_tech_60;商业科技加成;;;;;;;;;;X,,,,,
trade_tech_65;商业科技加成;;;;;;;;;;X,,,,,
desc_trade_tech_65;商业科技加成;;;;;;;;;;X,,,,,
trade_tech_70;商业科技加成;;;;;;;;;;X,,,,,
desc_trade_tech_70;商业科技加成;;;;;;;;;;X,,,,,
trade_tech_75;商业科技加成;;;;;;;;;;X,,,,,
desc_trade_tech_75;商业科技加成;;;;;;;;;;X,,,,,
trade_tech_80;商业科技加成;;;;;;;;;;X,,,,,
desc_trade_tech_80;商业科技加成;;;;;;;;;;X,,,,,
chengwenfa;成文法;;;;;;;;;;X,,,,,
desc_chengwenfa;经过鼎刑铸书的成文法典，是国家规章的基础。;;;;;;;;;;X,,,,,
quanmianwaijiao;全面外交策略;;;;;;;;;;X,,,,,
desc_quanmianwaijiao;在决定施行广泛游说政策后，我国的外交人员全面行走于各诸侯国之间，这极大的改变了我国的国际形象，不过一时间外交人才也近乎于告急。;;;;;;;;;;X,,,,,
fengshangtaishang;封禅;;;;;;;;;;X,,,,,
desc_fengshangtaishang;封禅;;;;;;;;;;X,,,,,
shangwuchuantong;尚武传统;;;;;;;;;;X,,,,,
desc_shangwuchuantong;戎狄蛮夷的部落散布于中原，他们虽然在政治经济上落后，但在军事上却并不落后于中原国家，这主要是长期部落战争造成的尚武传统所致。;;;;;;;;;;X,,,,,
waijiaoguanxi_1a;维持同盟关系;;;;;;;;;;X,,,,,
desc_waijiaoguanxi_1a;为了维持当前的同盟数量，每年必须派出一定数量的外交人员进行活动。;;;;;;;;;;X,,,,,
waijiaoguanxi_2a;维持同盟关系;;;;;;;;;;X,,,,,
desc_waijiaoguanxi_2a;为了维持当前的同盟数量，每年必须派出一定数量的外交人员进行活动。;;;;;;;;;;X,,,,,
waijiaoguanxi_3a;维持同盟关系;;;;;;;;;;X,,,,,
desc_waijiaoguanxi_3a;为了维持当前的同盟数量，每年必须派出一定数量的外交人员进行活动。;;;;;;;;;;X,,,,,
waijiaoguanxi_4a;维持同盟关系;;;;;;;;;;X,,,,,
desc_waijiaoguanxi_4a;为了维持当前的同盟数量，每年必须派出一定数量的外交人员进行活动。;;;;;;;;;;X,,,,,
waijiaoguanxi_5a;维持同盟关系;;;;;;;;;;X,,,,,
desc_waijiaoguanxi_5a;为了维持当前的同盟数量，每年必须派出一定数量的外交人员进行活动。;;;;;;;;;;X,,,,,
waijiaoguanxi_6a;维持同盟关系;;;;;;;;;;X,,,,,
desc_waijiaoguanxi_6a;为了维持当前的同盟数量，每年必须派出一定数量的外交人员进行活动。;;;;;;;;;;X,,,,,
waijiaoguanxi_7a;维持同盟关系;;;;;;;;;;X,,,,,
desc_waijiaoguanxi_7a;为了维持当前的同盟数量，每年必须派出一定数量的外交人员进行活动。;;;;;;;;;;X,,,,,
waijiaoguanxi_8a;维持同盟关系;;;;;;;;;;X,,,,,
desc_waijiaoguanxi_8a;为了维持当前的同盟数量，每年必须派出一定数量的外交人员进行活动。;;;;;;;;;;X,,,,,
waijiaoguanxi_9a;维持同盟关系;;;;;;;;;;X,,,,,
desc_waijiaoguanxi_9a;为了维持当前的同盟数量，每年必须派出一定数量的外交人员进行活动。;;;;;;;;;;X,,,,,
waijiaoguanxi_10a;维持同盟关系;;;;;;;;;;X,,,,,
desc_waijiaoguanxi_10a;为了维持当前的同盟数量，每年必须派出一定数量的外交人员进行活动。;;;;;;;;;;X,,,,,
waijiaoguanxi_12a;维持同盟关系;;;;;;;;;;X,,,,,
desc_waijiaoguanxi_12a;为了维持当前的同盟数量，每年必须派出一定数量的外交人员进行活动。;;;;;;;;;;X,,,,,
waijiaoguanxi_14a;维持同盟关系;;;;;;;;;;X,,,,,
desc_waijiaoguanxi_14a;为了维持当前的同盟数量，每年必须派出一定数量的外交人员进行活动。;;;;;;;;;;X,,,,,
waijiaoguanxi_16a;维持同盟关系;;;;;;;;;;X,,,,,
desc_waijiaoguanxi_16a;为了维持当前的同盟数量，每年必须派出一定数量的外交人员进行活动。;;;;;;;;;;X,,,,,
waijiaoguanxi_18a;维持同盟关系;;;;;;;;;;X,,,,,
desc_waijiaoguanxi_18a;为了维持当前的同盟数量，每年必须派出一定数量的外交人员进行活动。;;;;;;;;;;X,,,,,
waijiaoguanxi_20a;维持同盟关系;;;;;;;;;;X,,,,,
desc_waijiaoguanxi_20a;为了维持当前的同盟数量，每年必须派出一定数量的外交人员进行活动。;;;;;;;;;;X,,,,,
waijiaoguanxi_1b;维持附庸关系;;;;;;;;;;X,,,,,
desc_waijiaoguanxi_1b;为了维持当前的附庸数量，每年必须派出一定数量的外交人员进行活动。;;;;;;;;;;X,,,,,
waijiaoguanxi_2b;维持附庸关系;;;;;;;;;;X,,,,,
desc_waijiaoguanxi_2b;为了维持当前的附庸数量，每年必须派出一定数量的外交人员进行活动。;;;;;;;;;;X,,,,,
waijiaoguanxi_3b;维持附庸关系;;;;;;;;;;X,,,,,
desc_waijiaoguanxi_3b;为了维持当前的附庸数量，每年必须派出一定数量的外交人员进行活动。;;;;;;;;;;X,,,,,
waijiaoguanxi_4b;维持附庸关系;;;;;;;;;;X,,,,,
desc_waijiaoguanxi_4b;为了维持当前的附庸数量，每年必须派出一定数量的外交人员进行活动。;;;;;;;;;;X,,,,,
waijiaoguanxi_5b;维持附庸关系;;;;;;;;;;X,,,,,
desc_waijiaoguanxi_5b;为了维持当前的附庸数量，每年必须派出一定数量的外交人员进行活动。;;;;;;;;;;X,,,,,
waijiaoguanxi_6b;维持附庸关系;;;;;;;;;;X,,,,,
desc_waijiaoguanxi_6b;为了维持当前的附庸数量，每年必须派出一定数量的外交人员进行活动。;;;;;;;;;;X,,,,,
waijiaoguanxi_7b;维持附庸关系;;;;;;;;;;X,,,,,
desc_waijiaoguanxi_7b;为了维持当前的附庸数量，每年必须派出一定数量的外交人员进行活动。;;;;;;;;;;X,,,,,
waijiaoguanxi_8b;维持附庸关系;;;;;;;;;;X,,,,,
desc_waijiaoguanxi_8b;为了维持当前的附庸数量，每年必须派出一定数量的外交人员进行活动。;;;;;;;;;;X,,,,,
waijiaoguanxi_9b;维持附庸关系;;;;;;;;;;X,,,,,
desc_waijiaoguanxi_9b;为了维持当前的附庸数量，每年必须派出一定数量的外交人员进行活动。;;;;;;;;;;X,,,,,
waijiaoguanxi_10b;维持附庸关系;;;;;;;;;;X,,,,,
desc_waijiaoguanxi_10b;为了维持当前的附庸数量，每年必须派出一定数量的外交人员进行活动。;;;;;;;;;;X,,,,,
waijiaoguanxi_12b;维持附庸关系;;;;;;;;;;X,,,,,
desc_waijiaoguanxi_12b;为了维持当前的附庸数量，每年必须派出一定数量的外交人员进行活动。;;;;;;;;;;X,,,,,
waijiaoguanxi_14b;维持附庸关系;;;;;;;;;;X,,,,,
desc_waijiaoguanxi_14b;为了维持当前的附庸数量，每年必须派出一定数量的外交人员进行活动。;;;;;;;;;;X,,,,,
waijiaoguanxi_16b;维持附庸关系;;;;;;;;;;X,,,,,
desc_waijiaoguanxi_16b;为了维持当前的附庸数量，每年必须派出一定数量的外交人员进行活动。;;;;;;;;;;X,,,,,
waijiaoguanxi_18b;维持附庸关系;;;;;;;;;;X,,,,,
desc_waijiaoguanxi_18b;为了维持当前的附庸数量，每年必须派出一定数量的外交人员进行活动。;;;;;;;;;;X,,,,,
waijiaoguanxi_20b;维持附庸关系;;;;;;;;;;X,,,,,
desc_waijiaoguanxi_20b;为了维持当前的附庸数量，每年必须派出一定数量的外交人员进行活动。;;;;;;;;;;X,,,,,
huangmannanzhi;荒蛮难治;;;;;;;;;;X,,,,,
desc_huangmannanzhi;这里的自然环境不适宜农耕，也不利于中央政府管辖，恢复当地的部落权利应当更利于该地区的管理。;;;;;;;;;;X,,,,,
helpnomad_group;蛮夷骑兵;;;;;;;;;;X,,,,,
desc_helpnomad_group;蛮夷部落有长期训话马匹的传统，因此擅长骑兵作战，训练骑兵的费用也相对便宜。;;;;;;;;;;X,,,,,
manyijieluezhanzheng;劫掠战争;;;;;;;;;;X,,,,,
desc_manyijieluezhanzheng;原始信仰鼓励劫掠，在战争中这是激励军队士气的好办法，但也会引起小小的不安。;;;;;;;;;;X,,,,,
religious_zeal_at_conv;百家争鸣;;;;;;;;;;X,,,,,
desc_religious_zeal_at_conv;一位圣哲不久前在此地讲学，曾经引起了巨大的轰动，现在他的学说在当地占据支配地位，难以轻易撼动。;;;;;;;;;;X,,,,,
weizhenhuaxia;威震华夏;;;;;;;;;;X,,,,,
desc_weizhenhuaxia;我国声名日隆，国内各地都表示臣服，新近征服之地也不敢有异心。;;;;;;;;;;X,,,,,
shangyefanrong1;商业繁荣;;;;;;;;;;X,,,,,
desc_shangyefanrong1;此地交通便利，商业繁荣，人民富足。;;;;;;;;;;X,,,,,
zhengbazhanzheng;争霸战争;;;;;;;;;;X,,,,,
desc_zhengbazhanzheng;由于霸主和争霸者连年进行争霸战争，中原各主要国家饱受其苦，只有通过弭兵才能终结这一过程。;;;;;;;;;;;X,,,,,
conghuiguoren;聪慧过人;;;;;;;;;;X,,,,,
desc_conghuiguoren;聪慧过人;;;;;;;;;;X,,,,,
yudunwuzhi;愚钝无知;;;;;;;;;X,,,,,
desc_yudunwuzhi;愚钝无知;;;;;;;;;;X,,,,,
leilifengxing;雷厉风行;;;;;;;;;;X,,,,,
desc_leilifengxing;雷厉风行;;;;;;;;;;X,,,,,
jinxiaoshenwei;谨小慎微;;;;;;;;;X,,,,,
desc_jinxiaoshenwei;谨小慎微;;;;;;;;;;X,,,,,
qinjianzichi;勤俭自持;;;;;;;;;;X,,,,,
desc_qinjianzichi;勤俭自持;;;;;;;;;;X,,,,,
qiongshejiyu;穷奢极欲;;;;;;;;;X,,,,,
desc_qiongshejiyu;穷奢极欲;;;;;;;;;;X,,,,,
zhirenshanren;知人善任;;;;;;;;;;X,,,,,
desc_zhirenshanren;知人善任;;;;;;;;;;X,,,,,
jixianduneng;嫉贤妒能;;;;;;;;;X,,,,,
desc_jixianduneng;嫉贤妒能;;;;;;;;;;X,,,,,
bujinnvse;不近女色;;;;;;;;;;X,,,,,
desc_bujinnvse;不近女色;;;;;;;;;;X,,,,,
huangyinwudu;荒淫无度;;;;;;;;;X,,,,,
desc_huangyinwudu;荒淫无度;;;;;;;;;;X,,,,,
renaiqinxia;仁爱亲下;;;;;;;;;;X,,,,,
desc_renaiqinxia;仁爱亲下;;;;;;;;;;X,,,,,
gaoaolengku;高傲冷酷;;;;;;;;;X,,,,,
desc_gaoaolengku;高傲冷酷;;;;;;;;;;X,,,,,
gongzhengyanming;公正严明;;;;;;;;;;X,,,,,
desc_gongzhengyanming;公正严明;;;;;;;;;;X,,,,,
piansixiaai;偏私狭隘;;;;;;;;;X,,,,,
desc_piansixiaai;偏私狭隘;;;;;;;;;;X,,,,,
kuakuaqitan;夸夸其谈;;;;;;;;;;X,,,,,
desc_kuakuaqitan;夸夸其谈;;;;;;;;;;X,,,,,
shoukouruping;守口如瓶;;;;;;;;;X,,,,,
desc_shoukouruping;守口如瓶;;;;;;;;;;X,,,,,
jianyibuqu;坚毅不屈;;;;;;;;;;X,,,,,
desc_jianyibuqu;坚毅不屈;;;;;;;;;;X,,,,,
nuoruodanqie;懦弱胆怯;;;;;;;;;X,,,,,
desc_nuoruodanqie;懦弱胆怯;;;;;;;;;;X,,,,,
yongwuhaodou;勇武好斗;;;;;;;;;;X,,,,,
desc_yongwuhaodou;勇武好斗;;;;;;;;;;X,,,,,
qianrangrennai;谦让忍耐;;;;;;;;;X,,,,,
desc_qianrangrennai;谦让忍耐;;;;;;;;;;X,,,,,
xiongxinwanzhang;雄心万丈;;;;;;;;;;X,,,,,
desc_xiongxinwanzhang;雄心万丈;;;;;;;;;;X,,,,,
zhizuchangle;知足常乐;;;;;;;;;X,,,,,
desc_zhizuchangle;知足常乐;;;;;;;;;;X,,,,,
xinjinance;心机难测;;;;;;;;;;X,,,,,
desc_xinjinance;心机难测;;;;;;;;;;X,,,,,
chengshitanran;诚实坦然;;;;;;;;;X,,,,,
desc_chengshitanran;诚实坦然;;;;;;;;;;X,,,,,
settlement_policy;移民同化;;;;;;;;;X,,,,,
desc_settlement_policy;移民同化;;;;;;;;;;X,,,,,
fengkuangguodu;桀宋;;;;;;;;;;X,,,,,
desc_fengkuangguodu;桀宋;;;;;;;;;;X,,,,,
rensong;仁宋;;;;;;;;;X,,,,,
desc_rensong;仁宋;;;;;;;;;;XX,,,,,
xianggongzhiren;襄公之仁;;;;;;;;;X,,,,,
desc_xianggongzhiren;襄公之仁;;;;;;;;;;XX,,,,,
chengwang;称王;;;;;;;;;X,,,,,
desc_chengwang;称王;;;;;;;;;;XX,,,,,
jujuechengwang;拒绝称王;;;;;;;;;X,,,,,
desc_jujuechengwang;拒绝称王;;;;;;;;;;XX,,,,,
shituduli;尝试独立;;;;;;;;;X,,,,,
desc_shituduli;我们作为一个附庸国，最近五年内曾经尝试过独立;;;;;;;;;;XX,,,,,
taihoubuman;太后不满;;;;;;;;;X,,,,,
desc_taihoubuman;由于国军的一些列决定违逆了太后的想法，太后正处于不满当中，这对于国家稳定是一个威胁。;;;;;;;;;;XX,,,,,
cuanweizhijun;篡位之君;;;;;;;;;X,,,,,
desc_cuanweizhijun;我国的国君是篡位而来的，无法受到人民的认同。;;;;;;;;;;XX,,,,,
illegal_control_ZHOU;占据天子宫室;;;;;;;;;;X,,,,,
desc_illegal_control_ZHOU;我国胆大妄为的占据了天子宫室，这将使得我国成为众矢之的。;;;;;;;;;;X,,,,,
vassal_morale_limit;附庸国限制;;;;;;;;;;X,,,,,
desc_vassal_morale_limit;我国属于他国的附庸，在军事和税收上都受到极大地限制，摆脱附庸地位是改变现状的唯一方法。;;;;;;;;;;X,,,,,
dongyuansimubudui;地方部队已被征召;;;;;;;;;X,,,,,
desc_dongyuansimubudui;地方的私募部队已经被征召，因此地方的防御力量正在减弱。;;;;;;;;;;XX,,,,,
simubuduidongyuan;私募部队总动员;;;;;;;;;X,,,,,
desc_simubuduidongyuan;国家已经下令动员全国私募部队，可能会使得我国的持续作战能力减弱。;;;;;;;;;;XX,,,,,
country_size_1_6;弹丸小国;;;;;;;;;X,,,,,
desc_country_size_1_6;国家的实际力量并不完全和国家大小成正比，相对而言较小的国家有更高的行政效率和征召比率，此修正为更好地模拟和平衡而存在。;;;;;;;;;;X,,,,,
country_size_6_12;蕞尔小国;;;;;;;;;X,,,,,
desc_country_size_6_12;国家的实际力量并不完全和国家大小成正比，相对而言较小的国家有更高的行政效率和征召比率，此修正为更好地模拟和平衡而存在。;;;;;;;;;;X,,,,,
country_size_12_20;声名鹊起;;;;;;;;;X,,,,,
desc_country_size_12_20;国家的实际力量并不完全和国家大小成正比，相对而言较小的国家有更高的行政效率和征召比率，此修正为更好地模拟和平衡而存在。;;;;;;;;;;X,,,,,
country_size_20_30;百乘之邦;;;;;;;;;X,,,,,
desc_country_size_20_30;国家的实际力量并不完全和国家大小成正比，相对而言较小的国家有更高的行政效率和征召比率，此修正为更好地模拟和平衡而存在。;;;;;;;;;;X,,,,,
country_size_30_45;地域宽广;;;;;;;;;X,,,,,
desc_country_size_30_45;国家的实际力量并不完全和国家大小成正比，相对而言较小的国家有更高的行政效率和征召比率，此修正为更好地模拟和平衡而存在。;;;;;;;;;;X,,,,,
country_size_45_60;幅员辽阔;;;;;;;;;X,,,,,
desc_country_size_45_60;国家的实际力量并不完全和国家大小成正比，相对而言较小的国家有更高的行政效率和征召比率，此修正为更好地模拟和平衡而存在。;;;;;;;;;;X,,,,,
country_size_60_80;国土广袤;;;;;;;;;X,,,,,
desc_country_size_60_80;国家的实际力量并不完全和国家大小成正比，相对而言较小的国家有更高的行政效率和征召比率，此修正为更好地模拟和平衡而存在。;;;;;;;;;;X,,,,,
country_size_80_100;区域霸主;;;;;;;;;X,,,,,
desc_country_size_80_100;国家的实际力量并不完全和国家大小成正比，相对而言较小的国家有更高的行政效率和征召比率，此修正为更好地模拟和平衡而存在。;;;;;;;;;;X,,,,,
country_size_100_150;蛟龙出渊;;;;;;;;;X,,,,,
desc_country_size_100_150;国家的实际力量并不完全和国家大小成正比，相对而言较小的国家有更高的行政效率和征召比率，此修正为更好地模拟和平衡而存在。;;;;;;;;;;X,,,,,
country_size_150_200;龙行天下;;;;;;;;;X,,,,,
desc_country_size_150_200;国家的实际力量并不完全和国家大小成正比，相对而言较小的国家有更高的行政效率和征召比率，此修正为更好地模拟和平衡而存在。;;;;;;;;;;X,,,,,
country_size_200;神州华夏;;;;;;;;;X,,,,,
desc_country_size_200;国家的实际力量并不完全和国家大小成正比，相对而言较小的国家有更高的行政效率和征召比率，此修正为更好地模拟和平衡而存在。;;;;;;;;;;X,,,,,
age_1900;年代修正;;;;;;;;;X,,,,,
desc_age_1900;根据年代而修正经济状况的修正;;;;;;;;;;X,,,,,
age_2000;年代修正;;;;;;;;;X,,,,,
desc_age_2000;根据年代而修正经济状况的修正;;;;;;;;;;X,,,,,
age_2200;年代修正;;;;;;;;;X,,,,,
desc_age_2200;根据年代而修正经济状况的修正;;;;;;;;;;X,,,,,
age_2300;年代修正;;;;;;;;;X,,,,,
desc_age_2300;根据年代而修正经济状况的修正;;;;;;;;;;X,,,,,
age_2400;年代修正;;;;;;;;;X,,,,,
desc_age_2400;根据年代而修正经济状况的修正;;;;;;;;;;X,,,,,
tianxiadaluan;天下大乱;;;;;;;;;X,,,,,
desc_tianxiadaluan;天下大乱;;;;;;;;;;X,,,,,
QIN_gift;称霸西戎;;;;;;;;;X,,,,,
desc_QIN_gift;秦穆公重用由余，加强武备，采取分化政策，逐个打击西戎国家，灭国十二而称霸西戎。;;;;;;;;;;X,,,,,
QIN_gift1;称霸西戎;;;;;;;;;X,,,,,
desc_QIN_gift1;秦穆公重用由余，加强武备，采取分化政策，逐个打击西戎国家，灭国十二而称霸西戎。;;;;;;;;;;X,,,,,
QIN_buff2;血不流干，死不休战！;;;;;;;;;X,,,,,
desc_QIN_buff2;赳赳老秦，复我河山。血不流干，死不休战。西有大秦，如日方升。百年国恨，沧海难平。天下纷扰，何得康宁？秦有锐士，谁与争雄？！;;;;;;;;;;X,,,,,
jiuhezhuhou2_buff;诸侯之伯长，诸侯之盟主耳;;;;;;;;;X,,,,,
desc_jiuhezhuhou2_buff;滨海之东，齐国，九合诸侯，成我霸业，千秋万载也。;;;;;;;;;;X,,,,,
WUG_gift1;仿效华夏;;;;;;;;;X,,,,,
desc_WUG_gift1;吴国旧时不通中原，今国门初开，中原各国不得志之士、有罪离国之辈、或欲扶吴而制楚者，皆奔吴而来，讲习礼乐，教授车战;;;;;;;;;;X,,,,,
WUG_gift2;起兵伐楚;;;;;;;;;X,,,,,
desc_WUG_gift2;吴楚两国积怨甚久，互又攻伐，父子兄弟死于楚者，不可胜数，而楚之叛臣奔吴者，今年尤多，故国家上下同仇敌忾，皆秣马厉兵，愿灭楚而后快;;;;;;;;;;X,,,,,
YGO_debuff;越人难治;;;;;;;;;X,,,,,
desc_YGO_debuff;越人旧俗，披发文身，衣着服饰皆有别于中原，其民风剽悍，好勇斗狠而擅行于山林之地。欲的其民心，非一时之功也。;;;;;;;;;;X,,,,,
rujiajijiu;儒家祭酒;;;;;;;;;X,,,,,
desc_rujiajijiu;目前我国的学宫祭酒由儒家代表担任，这将大大促进儒家学说在我国的传播。;;;;;;;;;;X,,,,,
fajiajijiu;法家祭酒;;;;;;;;;X,,,,,
desc_fajiajijiu;目前我国的学宫祭酒由法家代表担任，这将大大促进法家学说在我国的传播。;;;;;;;;;;X,,,,,
mojiajijiu;墨家祭酒;;;;;;;;;X,,,,,
desc_mojiajijiu;目前我国的学宫祭酒由墨家代表担任，这将大大促进墨家学说在我国的传播。;;;;;;;;;;X,,,,,
daojiajijiu;道家祭酒;;;;;;;;;X,,,,,
desc_daojiajijiu;目前我国的学宫祭酒由道家代表担任，这将大大促进道家学说在我国的传播。;;;;;;;;;;X,,,,,
yinyangjiajijiu;阴阳家祭酒;;;;;;;;;X,,,,,
desc_yiyangjiajijiu;目前我国的学宫祭酒由阴阳家代表担任，这将有利于我国的稳定统治。;;;;;;;;;;X,,,,,
mingjiajijiu;名家祭酒;;;;;;;;;X,,,,,
desc_mingjiajijiu;目前我国的学宫祭酒由名家代表担任，这将提高我国的外交声誉。;;;;;;;;;;X,,,,,
bingjiajijiu;兵家祭酒;;;;;;;;;X,,,,,
desc_bingjiajijiu;目前我国的学宫祭酒由兵家代表担任，这将有利于我国尚武传统的延续。;;;;;;;;;;X,,,,,
nongjiajijiu;农家祭酒;;;;;;;;;X,,,,,
desc_nongjiajijiu;目前我国的学宫祭酒由农家代表担任，他将在首都推行新的农业政策。;;;;;;;;;;X,,,,,
WUG_buff3;孙子兵法;;;;;;;;;X,,,,,
desc_WUG_buff3;《孙子兵法》是中国古代军事文化遗产中的璀璨瑰宝，优秀传统文化的重要组成部分，其内容博大精深，思想精邃富赡，逻辑缜密严谨，是古代军事思想精华的集中体现。作者为春秋时祖籍齐国乐安的吴国将军孙武。;;;;;;;;;;X,,,,,
YGO_buff3;三千越甲;;;;;;;;;X,,,,,
desc_YGO_buff3;凭著勾践等君臣忍辱负重、从大处著想, 结果非但越国得以保全, 还在最后一雪前耻, 反灭了吴国。「精诚所至, 金石为开」, 越国臣民的坚忍得到最终的成果。;;;;;;;;;;X
LUG_gift1;木匠鼻祖;;;;;;;;;X,,,,,
desc_LUG_gfit1;鲁班，姬姓，公输氏，名班，人称公输盘、公输般、班输，尊称公输子。又称鲁盘或者鲁般，惯称“鲁班”。鲁国人。生于周敬王十三年，卒于周贞定王二十五年。是我国古代的一位出色的发明家，两千多年以来，他的名字和有关他的故事，一直在广大人民群众中流传。我国的土木工匠们都尊称他为祖师。;;;;;;;;;;X,,,,,
WEG_buff;鬼谷纵横;;;;;;;;;X,,,,,
desc_WEG_buff;纵横家，列为“九流”之一。后因称凭辩才进行政治活动者为“纵横家”。 纵横即合纵连横。他们朝秦暮楚，事无定主，反复无常，设第划谋多以国家政治需要出发。;;;;;;;;;;X,,,,,
QIG_buff1;重文轻武;;;;;;;;;X,,,,,
desc_QIG_buff1;重文轻武;;;;;;;;;;X,,,,,
QIG_buff2;重武轻文;;;;;;;;;X,,,,,
desc_QIG_buff2;重武轻文;;;;;;;;;;X,,,,,
CHE_cotton;陶正之后;;;;;;;;;X,,,,,
desc_CHE_cotton;我陈国开国国君胡公曾为陶正，今国君为纪念先人，也亲制陶瓷器，国人无不感叹国君之品德。;;;;;;;;;;X,,,,,
CHE_shanrang;禅让;;;;;;;;;X,,,,,
desc_CHE_shanrang;国君禅让，对国家造成了极大影响，看来我们需要经历一段动荡的时期了。;;;;;;;;;;X,,,,,
CHE_buff1;陶正之后;;;;;;;;;X,,,,,
desc_CHE_buff1;我陈国开国国君胡公曾为陶正，今国君为纪念先人，也亲制陶瓷器，国人无不感叹国君之品德。;;;;;;;;;;X,,,,,
CHE_buff2;陶正之后;;;;;;;;;X,,,,,
desc_CHE_buff2;我陈国开国国君胡公曾为陶正，今国君为纪念先人，也亲制陶瓷器，国人无不感叹国君之品德。;;;;;;;;;;X,,,,,
CHE_buff3;陶正之后;;;;;;;;;X,,,,,
desc_CHE_buff3;我陈国开国国君胡公曾为陶正，今国君为纪念先人，也亲制陶瓷器，国人无不感叹国君之品德。;;;;;;;;;;X,,,,,
CHE_buff4;陶正之后;;;;;;;;;X,,,,,
desc_CHE_buff4;我陈国开国国君胡公曾为陶正，今国君为纪念先人，也亲制陶瓷器，国人无不感叹国君之品德。;;;;;;;;;;X,,,,,
CHE_buff5;陶正之后;;;;;;;;;X,,,,,
desc_CHE_buff5;我陈国开国国君胡公曾为陶正，今国君为纪念先人，也亲制陶瓷器，国人无不感叹国君之品德。;;;;;;;;;;X,,,,,
CHE_buff6;陶正之后;;;;;;;;;X,,,,,
desc_CHE_buff6;我陈国开国国君胡公曾为陶正，今国君为纪念先人，也亲制陶瓷器，国人无不感叹国君之品德。;;;;;;;;;;X,,,,,
CHE_buff7;陶正之后;;;;;;;;;X,,,,,
desc_CHE_buff7;我陈国开国国君胡公曾为陶正，今国君为纪念先人，也亲制陶瓷器，国人无不感叹国君之品德。;;;;;;;;;;X,,,,,
CHE_buff8;陶正之后;;;;;;;;;X,,,,,
desc_CHE_buff8;我陈国开国国君胡公曾为陶正，今国君为纪念先人，也亲制陶瓷器，国人无不感叹国君之品德。;;;;;;;;;;X,,,,,
SGU_kaiguohemangran;开国何茫然;;;;;;;;;X,,,,,
desc_SGU_kaiguohemangran;我国远离中原而立于山川，当行何路？;;;;;;;;;;X,,,,,
SGU_buff;山川险要;;;;;;;;;X,,,,,
desc_SGU_buff;巴蜀之地峥嵘而崔嵬,一夫当关,万夫莫开。所守或匪亲,化为狼与豺。;;;;;;;;;;X,,
ZHI_buff1;死士;;;;;;;;;X,,,,,
desc_ZHI_buff1;死士指敢死的勇士，大多是江湖的侠客，为了荣华富贵或是报恩，为王侯贵族卖命，从事的基本上是突击和暗杀两种任务。;;;;;;;;;;X,,,,,
ZHI_buff2;名门望族;;;;;;;;;X,,,,,
desc_ZHI_buff2;智姓源流单一，起源于东周时期，曾是晋国六卿之一 ，是一个古老文明的华夏望族，始祖为智庄子荀首。 荀首是晋献公托孤大臣荀息的幼孙，因功被封在智邑，卒谥“庄”，史称智庄子。公元前566年10月，智庄子之子荀罃出任晋国中军元帅，便以先父采邑智为氏，追尊先父智庄子为始祖，智氏从此薪火相传。;;;;;;;;;;X,,,,,
PAP_zbuff;与天子交恶;;;;;;;;;X,,,,,
desc_PAP_zbuff;周天子虽然威信不再，但仍是名义上的天下共主，我国贸然与其交恶，引起了其他诸侯极大的不满，国内反对的声音也很多。;;;;;;;;;;X,,,,,
ZGO_buff1;郑商盟誓;;;;;;;;;;X,,,,,
desc_ZGO_buff1;郑武公为了发展国内经济，同时也感谢当年商人借钱给郑桓公，郑国与商人盟约：你勿我叛，我勿强贾，毋或强夺，尔有利市宝货，我勿与知。 ；;;;;;;;;;;X,,,,,
ZHI_buff3;政出私门;;;;;;;;;;X,,,,,
desc_ZHI_buff3;周王室衰落，诸侯实力增强，卿大夫也在夺取诸侯权力，孔子悲叹的“礼崩乐坏”，分封制、宗法制、礼乐制逐渐崩溃瓦解，诸侯不服从周天子，卿大夫不服从诸侯， ；;;;;;;;;;;X,,,,,
PAP_buff1;天下共主;;;;;;;;;X,,,,,
desc_PAP_buff1;天下共主具有氏族原始社会的遗风，它的确立靠的是臣下对其权威的承认和自觉履行其义务，例如周天子和诸侯的关系那样，周天子就是通过分封制和宗法制来确立和巩固他天下共主的地位。;;;;;;;;;;X,,,,,
PAP_buff2;天子六师;;;;;;;;;X,,,,,
desc_PAP_buff2;周天子所统六军之师。《书·康王之诰》：“张皇六师，无坏我高祖寡命。” 曾运乾 正读：“六师，天子六军。 周 制一万二千五百人为师。”《孟子·告子下》：“一不朝，则贬其爵；再不朝，则削其地；三不朝，则六师移之。”后以为天子军队之称。《三国志·蜀志·先主传》：“尽力输诚，奖厉六师……以宁社稷，以报万分。” 唐 许敬宗 《奉和入潼关》诗：“济 潼 纡万乘，临 河 耀六师。” 清 魏源 《圣武记》卷六：“及车驾将至，冰骤坚，六师毕济。”亦泛指全部军队。参见“ 六军 ”。;;;;;;;;;;X,,,,,
JIN_buff1;万乘之国;;;;;;;;;X,,,,,
desc_JIN_buff1;万乘之国;;;;;;;;;;X,,,,,
JIN_buff2;晋无公族;;;;;;;;;X,,,,,
desc_JIN_buff2;晋国在曲沃代翼之后，为了避免公家实力过于强大，采取了不分封群公子的政策，从此晋国公族势力大为衰弱，六卿取而代之成为了国家政治核心。;;;;;;;;;;X,,,,,
ZSH_buff1;城中有山;;;;;;;;;X,,,,,
desc_ZSH_buff1;城中有山;;;;;;;;;;X,,,,,
ZSH_buff2;欺而变强;;;;;;;;;X,,,,,
desc_ZSH_buff2;中山国生于患难之中，被大国所欺而变强，为强国占领又复生，其不屈不挠、顽强自立的精神世所少见。在强国包围之中发展经济、壮大自己，几乎跻身强国之列，其经济和文化之辉煌令人刮目相看。;;;;;;;;;;X,,,,,
YQU_buff1;侵略成性;;;;;;;;;X,,,,,
desc_YQU_buff1;侵略成性;;;;;;;;;;X,,,,,
YQU_buff2;马背民族;;;;;;;;;X,,,,,
desc_YQU_buff2;马背民族;;;;;;;;;;X,,,,,
LAI_buff1;滨海黄金;;;;;;;;;X,,,,,
desc_LAI_buff1;滨海黄金;;;;;;;;;;X,,,,,
LAI_buff2;东夷古国;;;;;;;;;X,,,,,
desc_LAI_buff2;东夷，是中国中国先秦时期，中原居民对黄河流域下游居民的总称。最先在夏商朝期称为“夷”，不带有外族观念，只是作为部落联盟的称呼，考古上有一种观点认为，东夷是指自后李文化始至岳石文化的承载者。;;;;;;;;;;X,,,,,
SHI_gift1;见贤思齐;;;;;;;;;X,,,,,
desc_SHI_gift1;《诗经·小雅·鹤鸣》:“他山之石，可以攻玉”;;;;;;;;;;X,,,,,
SHI_gift2;深观阴阳;;;;;;;;;;X,,,,,
desc_SHI_gift2;《素问·阴阳应象大论》:“阴阳者，天地之道也，万物之纲纪，变化之父母，生杀之本始，神明之府也。”;;;;;;;;;;X,,,,,
zongjiaozhuanbian;宗教转变;;;;;;;;;;X,,,,,
desc_zongjiaozhuanbian;宗教转变;;;;;;;;;;X,,,,,
YIJ_buff1;神医之能;;;;;;;;;X,,,,,
desc_YIJ_buff1;《列子·力命》：“ 季梁 得疾，七日大渐……卢氏曰：‘汝疾不由天，亦不由人，亦不由鬼；禀生受形，既有制之者矣，亦有知之者矣，药石其如汝何？’ 季梁曰：‘神医也。’重贶遣之。” 唐 元稹 《阳城驿》诗：“神医不言术，人瘼曾暗瘳。”;;;;;;;;;;X,,,,,
YIJ_buff2;神医之能;;;;;;;;;X,,,,,
desc_YIJ_buff2;《列子·力命》：“ 季梁 得疾，七日大渐……卢氏曰：‘汝疾不由天，亦不由人，亦不由鬼；禀生受形，既有制之者矣，亦有知之者矣，药石其如汝何？’ 季梁曰：‘神医也。’重贶遣之。” 唐 元稹 《阳城驿》诗：“神医不言术，人瘼曾暗瘳。”;;;;;;;;;;X,,,,,
ZHJ_buff1;纵横之能;;;;;;;;;X,,,,,
desc_ZHJ_buff1;纵横家人物多出身贫贱，在最艰苦的投机倒把下是一种人类智慧的超常解放、创造和发挥，他们以布衣之身庭说诸侯，可以以三寸之舌退百万雄师，也可以以纵横之术解不测之危。苏秦佩六国相印，联六国逼秦废弃帝位；张仪雄才大略，以片言得楚六百里；唐雎机智勇敢，直斥秦王存孟尝封地；蔺相如虽非武将，但浩然正气直逼秦王，不仅完璧归赵，而且未曾使赵受辱。;;;;;;;;;;X,,,,,
ZHJ_buff2;纵横之能;;;;;;;;;X,,,,,
desc_ZHJ_buff2;纵横家人物多出身贫贱，在最艰苦的投机倒把下是一种人类智慧的超常解放、创造和发挥，他们以布衣之身庭说诸侯，可以以三寸之舌退百万雄师，也可以以纵横之术解不测之危。苏秦佩六国相印，联六国逼秦废弃帝位；张仪雄才大略，以片言得楚六百里；唐雎机智勇敢，直斥秦王存孟尝封地；蔺相如虽非武将，但浩然正气直逼秦王，不仅完璧归赵，而且未曾使赵受辱。;;;;;;;;;;X,,,,,
YYJ_buff1;阴阳之能;;;;;;;;;X,,,,,
desc_YYJ_buff1;《史记》集解引刘向《别录》说：“邹衍之所言……尽言天事，故曰 ‘谈天’。”《史记·孟荀列传》说，“邹衍之术，迂大而宏辩……故齐人颂日：‘谈天衍’。”《文心雕龙·诸子》说：“邹子养政于天文。”同书《时序》说：“邹子以谈天飞誉。”可见善于谈天是邹衍的一大特点。然而邹衍不是为谈天而谈天，他以谈天为手段，以服务于当时的政治需要为目的。建立于阴阳基础上的“五德终始”说才是他学说的核心所在。;;;;;;;;;;X,,,,,
YYJ_buff2;阴阳之能;;;;;;;;;X,,,,,
desc_YYJ_buff2;《史记》集解引刘向《别录》说：“邹衍之所言……尽言天事，故曰 ‘谈天’。”《史记·孟荀列传》说，“邹衍之术，迂大而宏辩……故齐人颂日：‘谈天衍’。”《文心雕龙·诸子》说：“邹子养政于天文。”同书《时序》说：“邹子以谈天飞誉。”可见善于谈天是邹衍的一大特点。然而邹衍不是为谈天而谈天，他以谈天为手段，以服务于当时的政治需要为目的。建立于阴阳基础上的“五德终始”说才是他学说的核心所在。;;;;;;;;;;X,,,,,
ZAJ_buff1;杂家之能;;;;;;;;;X,,,,,
desc_ZAJ_buff1;杂家的特点是“采儒墨之善，撮名法之要”。杂家虽是以道为本集合众说，兼收并蓄，然而通过采集各家言论，贯彻其政治意图和学术主张，所以也可称为一家。春秋战国时代，百家争鸣，各家都有自己的对策与治国主张。为了打败其他流派，各学派或多或少的吸收其他流派的学说，或以攻诘对方，或以补自己学说的缺陷。然而，任何一个流派也都有其特色与长处，而“杂家”便是充分的利用这个特点，博采众议，成为一套在思想上兼容并蓄，却又切实可行的治国方针。;;;;;;;;;;X,,,,,
ZAJ_buff2;杂家之能;;;;;;;;;X,,,,,
desc_ZAJ_buff2;杂家的特点是“采儒墨之善，撮名法之要”。杂家虽是以道为本集合众说，兼收并蓄，然而通过采集各家言论，贯彻其政治意图和学术主张，所以也可称为一家。春秋战国时代，百家争鸣，各家都有自己的对策与治国主张。为了打败其他流派，各学派或多或少的吸收其他流派的学说，或以攻诘对方，或以补自己学说的缺陷。然而，任何一个流派也都有其特色与长处，而“杂家”便是充分的利用这个特点，博采众议，成为一套在思想上兼容并蓄，却又切实可行的治国方针。;;;;;;;;;;X,,,,,
NOJ_buff1;农家之能;;;;;;;;;X,,,,,
"desc_NOJ_buff1;农家，是先秦在经济生活中注重农业生产的学派。吕思勉先生在其《先秦学术概论》中，把农家分为两派：一是言种树之事；二是关涉政治。《汉书·艺文志·诸子略》将农家列为九流之一，并称：农家者流，盖出于农稷之官。播百谷，劝耕桑，以足衣食，故八政一曰食，二曰货。孔子曰""所重民食""，此其所长也。及鄙者为之，以为无所事圣王，欲使君臣并耕，悖上下之序。 ""所重民食""也正是农家的特点，尊神农氏。农家学派主张推行耕战政策，奖励发展农业生产，研究农业生产问题。农家对农业生产技术经验之总结与其朴素辩证法思想，可见于《管子·地员》、《吕氏春秋》、《荀子》。;;;;;;;;;;X",,,,,
NOJ_buff2;农家之能;;;;;;;;;X,,,,,
"desc_NOJ_buff2;农家，是先秦在经济生活中注重农业生产的学派。吕思勉先生在其《先秦学术概论》中，把农家分为两派：一是言种树之事；二是关涉政治。《汉书·艺文志·诸子略》将农家列为九流之一，并称：农家者流，盖出于农稷之官。播百谷，劝耕桑，以足衣食，故八政一曰食，二曰货。孔子曰""所重民食""，此其所长也。及鄙者为之，以为无所事圣王，欲使君臣并耕，悖上下之序。 ""所重民食""也正是农家的特点，尊神农氏。农家学派主张推行耕战政策，奖励发展农业生产，研究农业生产问题。农家对农业生产技术经验之总结与其朴素辩证法思想，可见于《管子·地员》、《吕氏春秋》、《荀子》。;;;;;;;;;;X",,,,,
MIJ_buff1;名家之能;;;;;;;;;X,,,,,
desc_MIJ_buff1;名家” 以辩论名实问题为中心，并且以善辩成名的一个学派，又称“辩者”、“刑（形）名家”。按，“名”就是指称事物的名称，用今天的话说，就是“概念”；“实”就是“名”所指称的事物。名家之所以被称为“名家”，就是因为他们同样是在“思以其道易天下”的过程中，为了播其声，扬其道，释其理，最先围绕“刑名”问题，以研究刑法概念著称；以后逐渐从“刑名”研究，申延到“形名”研究、“名实”研究。;;;;;;;;;;X,,,,,
MIJ_buff2;名家之能;;;;;;;;;X,,,,,
desc_MIJ_buff2;名家” 以辩论名实问题为中心，并且以善辩成名的一个学派，又称“辩者”、“刑（形）名家”。按，“名”就是指称事物的名称，用今天的话说，就是“概念”；“实”就是“名”所指称的事物。名家之所以被称为“名家”，就是因为他们同样是在“思以其道易天下”的过程中，为了播其声，扬其道，释其理，最先围绕“刑名”问题，以研究刑法概念著称；以后逐渐从“刑名”研究，申延到“形名”研究、“名实”研究。;;;;;;;;;;X,,,,,
XSJ_buff1;小说家之能;;;;;;;;;X,,,,,
desc_XSJ_buff1;《汉书．艺文志》曰：“小说家者流，盖出于稗官；街谈巷语，道听途说者之所造也。”，意即小说家所做的事以记录民间街谈巷语，并呈报上级等为主，然而小说家虽然自成一家，但被视为不入流者，故有“九流十家”之说。小说家者能代表平民社会之四方风俗。然亦因其之小道，而不为世人所重，终致弗灭。;;;;;;;;;X,,,,,
XSJ_buff2;小说家之能;;;;;;;;;X,,,,,
desc_XSJ_buff2;《汉书．艺文志》曰：“小说家者流，盖出于稗官；街谈巷语，道听途说者之所造也。”，意即小说家所做的事以记录民间街谈巷语，并呈报上级等为主，然而小说家虽然自成一家，但被视为不入流者，故有“九流十家”之说。小说家者能代表平民社会之四方风俗。然亦因其之小道，而不为世人所重，终致弗灭。;;;;;;;;;;X,,,,,
lianzuobuff;什伍连坐;;;;;;;;;X,,,,,
desc_lianzuobuff;商鞅在秦国变法，为了巩固君主统治，颁布连坐法。这是在户籍编制的基础上实行的。法家认为，要使君主政权达到“至治”，必须使得“夫妻交友不能相为弃恶盖非，而不害于亲，民人不能相为隐”;;;;;;;;;;X,,,,,
zhongnongbuff;重农抑商;;;;;;;;;X,,,,,
desc_zhongnongbuff;战国时代以来，重农抑商的思想逐渐形成，魏国的李悝首先将农业和商业放在对立面上，这种思想再后来得到了商鞅等人的发扬，逐渐成为各国政府的主流思想，并影响深远.;;;;;;;;;;X,,,,,
dingxingbuff;鼎铸刑书;;;;;;;;;X,,,,,
desc_dingxingbuff;铸刑鼎是春秋时期子产改革的标志性事件之一，公元前536年，郑国把惩治罪犯的刑律铸在金属鼎上，向全国老百姓公布。这是中国政治法制史的一件大事，后来各国纷纷效法.;;;;;;;;;;X,,,,,
zhongfabuff;重用法家;;;;;;;;;X,,,,,
desc_zhongfabuff;法家思想是地主阶级取代奴隶主贵族统治的理论表现。“礼”是奴隶主贵族统治的政治体系和道德规范，春秋以来，周礼逐步失去了原有的威力，贵族中出现了一批改革家，颁布法令与刑书，改革田赋制度，促进封建化过程.;;;;;;;;;;X,,,,,
jueshengbuff;绝圣弃智;;;;;;;;;X,,,,,
desc_jueshengbuff;绝圣弃智，民利百倍；绝仁弃义，民复孝慈；绝巧弃利，盗贼无有。此三者以为文不足，故令有所属。见素抱朴，少私寡欲，绝学无忧.面对春秋的纷乱局面，道家提出了独具一格的解决方案.;;;;;;;;;;X,,,,,
wuweibuff1;天道无为;;;;;;;;;X,,,,,
desc_wuweibuff1;庄子的的思想继承老子，又有更大发展，他的主要思想是“天道无为”，认为一切事物都在变化，他认为“道”是“先天生地”的，从“道未始有封”，主张“无为”，放弃一切妄为.;;;;;;;;;;X,,,,,
wuweibuff2;天道无为;;;;;;;;;X,,,,,
desc_wuweibuff2;庄子的的思想继承老子，又有更大发展，他的主要思想是“天道无为”，认为一切事物都在变化，他认为“道”是“先天生地”的，从“道未始有封”，主张“无为”，放弃一切妄为.;;;;;;;;;;X,,,,,
youjiaobuff;有教无类;;;;;;;;;X,,,,,
desc_youjiaobuff;西周时期，政府设国学和乡学两类。此时的教育依然以贵族教育为主，平民是很难进入官办学校学习的.此背景下，孔子提出了有教无类的思想.;;;;;;;;;;X,,,,,
zongfabuff;宗法制度;;;;;;;;;X,,,,,
desc_zongfabuff;西周宗法制直接导致了分封制，分封抽使国内分割成大大小小的诸侯国，诸侯国又产生了众多卿大夫的采邑。采邑又被分成无数大小的禄田。由于诸侯国、采邑（邑、关）、禄田（乡、亭）的地名直接转变成了“氏”;;;;;;;;;;X,,,,,
jianaibuff;兼爱;;;;;;;;;X,,,,,
desc_jianaibuff;墨子主张“使天下兼相爱”，抽去了宗法制内容，因为庶人也是可以被举为天子的。墨家的“兼爱”是对儒家“仁”的发展，更是对儒家“仁”的否定.;;;;;;;;;;X,,,,,
jianaibuff1;兼爱;;;;;;;;;X,,,,,
desc_jianaibuff1;墨子主张“使天下兼相爱”，抽去了宗法制内容，因为庶人也是可以被举为天子的。墨家的“兼爱”是对儒家“仁”的发展，更是对儒家“仁”的否定.;;;;;;;;;;X,,,,,
feigongbuff;非攻;;;;;;;;;X,,,,,
desc_feigongbuff;墨子主张“使天下兼相爱”，抽去了宗法制内容，因为庶人也是可以被举为天子的。墨家的“兼爱”是对儒家“仁”的发展，更是对儒家“仁”的否定.;;;;;;;;;;X,,,,,
dizhangbuff;嫡长继承;;;;;;;;;X,,,,,
desc_dizhangbuff;嫡长制度在西周时代成为定制，先立嫡长子；无嫡长子，立嫡长孙；无嫡长孙，立母弟；无母弟，立庶子.;;;;;;;;;;X,,,,,
qingzhongjiufubuff1;轻重九府;;;;;;;;;X,,,,,
desc_qingzhongjiufubuff1;黄老派以两相自然为本，事因之而循之，物因之而动之，法天地之使万物自然，甚至不得不然而为，以无为谓之使物我自然，以使物我共逍遥，善于行不言之教，使人自化。轻重九府是古代九个管理钱财的部门，出自《史记-货殖列传》。;;;;;;;;;;X,,,,,
qingzhongjiufubuff2;轻重九府;;;;;;;;;X,,,,,
desc_qingzhongjiufubuff2;黄老派以两相自然为本，事因之而循之，物因之而动之，法天地之使万物自然，甚至不得不然而为，以无为谓之使物我自然，以使物我共逍遥，善于行不言之教，使人自化。轻重九府是古代九个管理钱财的部门，出自《史记-货殖列传》。;;;;;;;;;;X,,,,,
qingzhongjiufubuff3;轻重九府;;;;;;;;;X,,,,,
desc_qingzhongjiufubuff3;黄老派以两相自然为本，事因之而循之，物因之而动之，法天地之使万物自然，甚至不得不然而为，以无为谓之使物我自然，以使物我共逍遥，善于行不言之教，使人自化。轻重九府是古代九个管理钱财的部门，出自《史记-货殖列传》。;;;;;;;;;;X,,,,,
qingzhongjiufubuff4;轻重九府;;;;;;;;;X,,,,,
desc_qingzhongjiufubuff4;黄老派以两相自然为本，事因之而循之，物因之而动之，法天地之使万物自然，甚至不得不然而为，以无为谓之使物我自然，以使物我共逍遥，善于行不言之教，使人自化。轻重九府是古代九个管理钱财的部门，出自《史记-货殖列传》。;;;;;;;;;;X,,,,,
qingzhongjiufubuff5;轻重九府;;;;;;;;;X,,,,,
desc_qingzhongjiufubuff5;黄老派以两相自然为本，事因之而循之，物因之而动之，法天地之使万物自然，甚至不得不然而为，以无为谓之使物我自然，以使物我共逍遥，善于行不言之教，使人自化。轻重九府是古代九个管理钱财的部门，出自《史记-货殖列传》。;;;;;;;;;;X,,,,,
qingzhongjiufubuff6;轻重九府;;;;;;;;;X,,,,,
desc_qingzhongjiufubuff6;黄老派以两相自然为本，事因之而循之，物因之而动之，法天地之使万物自然，甚至不得不然而为，以无为谓之使物我自然，以使物我共逍遥，善于行不言之教，使人自化。轻重九府是古代九个管理钱财的部门，出自《史记-货殖列传》。;;;;;;;;;;X,,,,,
qingzhongjiufubuff7;轻重九府;;;;;;;;;X,,,,,
desc_qingzhongjiufubuff7;黄老派以两相自然为本，事因之而循之，物因之而动之，法天地之使万物自然，甚至不得不然而为，以无为谓之使物我自然，以使物我共逍遥，善于行不言之教，使人自化。轻重九府是古代九个管理钱财的部门，出自《史记-货殖列传》。;;;;;;;;;;X,,,,,
qingzhongjiufubuff8;轻重九府;;;;;;;;;X,,,,,
desc_qingzhongjiufubuff8;黄老派以两相自然为本，事因之而循之，物因之而动之，法天地之使万物自然，甚至不得不然而为，以无为谓之使物我自然，以使物我共逍遥，善于行不言之教，使人自化。轻重九府是古代九个管理钱财的部门，出自《史记-货殖列传》。;;;;;;;;;;X,,,,,
qingzhongjiufubuff9;轻重九府;;;;;;;;;X,,,,,
desc_qingzhongjiufubuff9;黄老派以两相自然为本，事因之而循之，物因之而动之，法天地之使万物自然，甚至不得不然而为，以无为谓之使物我自然，以使物我共逍遥，善于行不言之教，使人自化。轻重九府是古代九个管理钱财的部门，出自《史记-货殖列传》。;;;;;;;;;;X,,,,,
qingzhongjiufubuff10;轻重九府;;;;;;;;;X,,,,,
desc_qingzhongjiufubuff10;黄老派以两相自然为本，事因之而循之，物因之而动之，法天地之使万物自然，甚至不得不然而为，以无为谓之使物我自然，以使物我共逍遥，善于行不言之教，使人自化。轻重九府是古代九个管理钱财的部门，出自《史记-货殖列传》。;;;;;;;;;;X,,,,,
qingzhongjiufubuff11;轻重九府;;;;;;;;;X,,,,,
desc_qingzhongjiufubuff11;黄老派以两相自然为本，事因之而循之，物因之而动之，法天地之使万物自然，甚至不得不然而为，以无为谓之使物我自然，以使物我共逍遥，善于行不言之教，使人自化。轻重九府是古代九个管理钱财的部门，出自《史记-货殖列传》。;;;;;;;;;;X,,,,,
xiuyangshengxibuff1;休养生息;;;;;;;;;X,,,,,
desc_xiuyangshengxibuff1;老庄派为老学、庄学的合称。以自然为本，天性为尊，法天心而无心弗志而为，以为无为而使人退欲消妄，削其物性，以己之虚无澄他人之妄心而为。主张清虚自守，齐物而侍，清静无为，以致“不为物累逍遥天下”。休养生息是一种合理的发展方式，不戚戚于一时之胜败，而是不断蓄积力量取得最终胜利。;;;;;;;;;;X,,,,,
xiuyangshengxibuff2;休养生息;;;;;;;;;X,,,,,
desc_xiuyangshengxibuff2;老庄派为老学、庄学的合称。以自然为本，天性为尊，法天心而无心弗志而为，以为无为而使人退欲消妄，削其物性，以己之虚无澄他人之妄心而为。主张清虚自守，齐物而侍，清静无为，以致“不为物累逍遥天下”。休养生息是一种合理的发展方式，不戚戚于一时之胜败，而是不断蓄积力量取得最终胜利。;;;;;;;;;;X,,,,,
xiuyangshengxibuff2;休养生息;;;;;;;;;X,,,,,
desc_xiuyangshengxibuff2;老庄派为老学、庄学的合称。以自然为本，天性为尊，法天心而无心弗志而为，以为无为而使人退欲消妄，削其物性，以己之虚无澄他人之妄心而为。主张清虚自守，齐物而侍，清静无为，以致“不为物累逍遥天下”。休养生息是一种合理的发展方式，不戚戚于一时之胜败，而是不断蓄积力量取得最终胜利。;;;;;;;;;;X,,,,,
xiuyangshengxibuff3;休养生息;;;;;;;;;X,,,,,
desc_xiuyangshengxibuff3;老庄派为老学、庄学的合称。以自然为本，天性为尊，法天心而无心弗志而为，以为无为而使人退欲消妄，削其物性，以己之虚无澄他人之妄心而为。主张清虚自守，齐物而侍，清静无为，以致“不为物累逍遥天下”。休养生息是一种合理的发展方式，不戚戚于一时之胜败，而是不断蓄积力量取得最终胜利。;;;;;;;;;;X,,,,,
xiuyangshengxibuff4;休养生息;;;;;;;;;X,,,,,
desc_xiuyangshengxibuff4;老庄派为老学、庄学的合称。以自然为本，天性为尊，法天心而无心弗志而为，以为无为而使人退欲消妄，削其物性，以己之虚无澄他人之妄心而为。主张清虚自守，齐物而侍，清静无为，以致“不为物累逍遥天下”。休养生息是一种合理的发展方式，不戚戚于一时之胜败，而是不断蓄积力量取得最终胜利。;;;;;;;;;;X,,,,,
ruxuebuff;儒学起源;;;;;;;;;X,,,,,
ruxuebuff;鲁国根深蒂固的礼乐传统，对鲁国社会产生了巨大的影响。鲁人都知道礼有“经国家，定社稷，利后嗣”的功能，因而他们认识到“服于有礼，社稷之卫也”、“无礼必亡”，对周礼怀有极大热忱。在入东周以来“礼坏乐崩”的情况下，鲁国仍有不少知礼之人，如臧僖伯、臧哀伯、臧文仲、柳下惠、曹刿、夏父展、里革、匠人庆、申#、叔孙豹、子服景伯、孔子等等。另外，如文公时的宗有司，《左传》的作者左丘明，他们也都以知礼、明礼而闻名。春秋末年，孔子看不惯层出不穷的违背礼乐制度的现象，他希望恢复周礼，推行“王道”于天下，并以礼乐之学教授生徒，儒学于是创立于鲁国。;;;;;;;;;;X,,,,,
QIN_buff1;工巧之匠入秦;;;;;;;;;;X,,,,,
desc_QIN_buff1;贺哉，工巧之匠入秦也，望其子而兴秦焉，西有大秦，如日方升！百年国恨，沧海南平，天下纷扰，何时康宁，秦有锐士，谁与争锋。;;;;;;;;;;X,,,,,
QIN_buff6;精英士子入秦;;;;;;;;;;X,,,,,
desc_QIN_buff2;贺哉，精英士子入秦也，望其子而兴秦焉，西有大秦，如日方升！百年国恨，沧海南平，天下纷扰，何时康宁，秦有锐士，谁与争锋。;;;;;;;;;;X,,,,,
QIN_buff3;商贾贵族入秦;;;;;;;;;;X,,,,,
desc_QIN_buff3;贺哉，商贾贵族入秦也，望其子而兴秦焉，西有大秦，如日方升！百年国恨，沧海南平，天下纷扰，何时康宁，秦有锐士，谁与争锋。;;;;;;;;;;X,,,,,
QIN_buff4;学究名士入秦;;;;;;;;;;X,,,,,
desc_QIN_buff4;贺哉，学究名士入秦也，望其子而兴秦焉，西有大秦，如日方升！百年国恨，沧海南平，天下纷扰，何时康宁，秦有锐士，谁与争锋。;;;;;;;;;;X,,,,,
QIN_buff5;兵法大家入秦;;;;;;;;;;X,,,,,
desc_QIN_buff5;贺哉，兵法大家入秦也，望其子而兴秦焉，西有大秦，如日方升！百年国恨，沧海南平，天下纷扰，何时康宁，秦有锐士，谁与争锋。;;;;;;;;;;X,,,,,
zhengshangsihai_buff;郑商四海;;;;;;;;;;X,,,,,
desc_zhengshangsihai_buff;郑国商业，从此四海畅通，北至北狄之关，西至西戎之岭，东达滨海之此，南临番禺之荒，乃天下第一商;;;;;;;;;;X,,,,,
bianfatuqiang_buff;变法强秦，生死相扶;;;;;;;;;;X,,,,,
desc_bianfatuqiang_buff;公如青山，我如松柏，变法强秦，生死相扶。;;;;;;;;;;X,,,,,
guoneizhendang;统治者变换;;;;;;;;;;X,,,,,
desc_guoneizhendang;国家统治者变化，百姓无不揣测国家前途，国内震荡也。;;;;;;;;;;X,,,,,
fajiayunji1_buff;法家云集;;;;;;;;;;X,,,,,
desc_fajiayunji1_buff;法家在韩国盛行。;;;;;;;;;;X,,,,,
youmudiguo;游牧帝国。;;;;;;;;;;X,,,,,
desc_youmudiguo;游牧帝国。;;;;;;;;;;X,,,,,
YQU_buff;义渠科技。;;;;;;;;;;X,,,,,
desc_YQU_buff;义渠科技。;;;;;;;;;;X,,,,,
CHA_buff;长狄科技。;;;;;;;;;;X,,,,,
desc_CHA_buff;长狄科技。;;;;;;;;;;X,,,,,
daojialiumin1;流民安置地;;;;;;;;;;X,,,,,
desc_daojialiumin1;流民于此安居乐业，国家获得了省份的发展，流民获得了生存之道，大善也;;;;;;;;;;X,,,,,
daojialiumin2;流民安置地;;;;;;;;;;X,,,,,
desc_daojialiumin2;流民于此安居乐业，国家获得了省份的发展，流民获得了生存之道，大善也;;;;;;;;;;X,,,,,
daojialiumin3;流民安置地;;;;;;;;;;X,,,,,
desc_daojialiumin3;流民于此安居乐业，国家获得了省份的发展，流民获得了生存之道，大善也;;;;;;;;;;X,,,,,
daojialiumin4;流民安置地;;;;;;;;;;X,,,,,
desc_daojialiumin4;流民于此安居乐业，国家获得了省份的发展，流民获得了生存之道，大善也;;;;;;;;;;X,,,,,
daojialiumin5;流民安置地;;;;;;;;;;X,,,,,
desc_daojialiumin5;流民于此安居乐业，国家获得了省份的发展，流民获得了生存之道，大善也;;;;;;;;;;X,,,,,
daojialiumin6;流民安置地;;;;;;;;;;X,,,,,
desc_daojialiumin6;流民于此安居乐业，国家获得了省份的发展，流民获得了生存之道，大善也;;;;;;;;;;X,,,,,
daojialiumin7;流民安置地;;;;;;;;;;X,,,,,
desc_daojialiumin7;流民于此安居乐业，国家获得了省份的发展，流民获得了生存之道，大善也;;;;;;;;;;X,,,,,
daojialiumin8;流民安置地;;;;;;;;;;X,,,,,
desc_daojialiumin8;流民于此安居乐业，国家获得了省份的发展，流民获得了生存之道，大善也;;;;;;;;;;X,,,,,
daojiaxiyinliumin;吸引流民;;;;;;;;;;X,,,,,
desc_daojiaxiyinliumin;我国收留无家可归之人的政策正在吸引一批又一批流民前来，我国可利用流民发展自身;;;;;;;;;;X,,,,,
daojianongju;分配农具;;;;;;;;;;X,,,,,
desc_daojianongju;我的民怎么能无具可用？;;;;;;;;;;X,,,,,
daojianongtian;分配农田;;;;;;;;;;X,,,,,
desc_daojianongtian;我的民怎么能无田可耕？;;;;;;;;;;X,,,,,
daojiafangwu;分配房屋;;;;;;;;;;X,,,,,
desc_daojiafangwu;我的民怎么能无房可住？;;;;;;;;;;X,,,,,
daojialiumindaianzhi;流民待安置;;;;;;;;;;X,,,,,
desc_daojialiumindaianzhi;流民被暂行收留在国都，国君尽快安置;;;;;;;;;;X,,,,,
touziguanxue;投资官学;;;;;;;;;;X,,,,,
desc_touziguanxue;大学生正在拼命学习;;;;;;;;;;X,,,,,
yumizhixiang;鱼米之乡;;;;;;;;;;X,,,,,
desc_yumizhixiang;鱼米之乡;;;;;;;;;;X,,,,,
zhengtongrenhe;政通人和;;;;;;;;;;X,,,,,
desc_zhengtongrenhe;政通人和;;;;;;;;;;X,,,,,
zhengtongrenhefajia;政通人和;;;;;;;;;;X,,,,,
desc_zhengtongrenhefajia;政通人和;;;;;;;;;;X,,,,,
junduiweihufei121;冗军;;;;;;;;;;X,,,,,
desc_junduiweihufei121;庞大的军队导致我国额外的开销，20/22/26/28/30万对应10/15/20/25/30%;;;;;;;;;;X,,,,,
yumizhixiangmaoyi;鱼米之乡;;;;;;;;;;X,,,,,
desc_yumizhixiangmaoyi;为了五贸易竞争写了一大堆判定，难绷;;;;;;;;;;X,,,,,
yijiaotuzaofan;异教徒造反;;;;;;;;;;X,,,,,
desc_yijiaotuzaofan;宗教不一样，造反了;;;;;;;;;;X,,,,,
zongjiaoxiuzheng1;道家人口;;;;;;;;;;X,,,,,
desc_zongjiaoxiuzheng1;道家全国1人口;;;;;;;;;;X,,,,,
zongjiaoxiuzheng2;鬼神人头税;;;;;;;;;;X,,,,,
desc_zongjiaoxiuzheng2;鬼神全国减人头税;;;;;;;;;;X,,,,,
bachubaijia;罢黜百家;;;;;;;;;;X,,,,,
desc_bachubaijia;罢黜百家;;;;;;;;;;X,,,,,
hainabaichuan;海纳百川;;;;;;;;;;X,,,,,
desc_hainabaichuan;海纳百川;;;;;;;;;;X,,,,,
hainabaichuanshengfen;安抚异教徒;;;;;;;;;;X,,,,,
desc_hainabaichuanshengfen;安抚异教徒;;;;;;;;;;X,,,,,
fajiazhuanjing;兴功惧暴;;;;;;;;;;X,,,,,
desc_fajiazhuanjing;兴功惧暴;;;;;;;;;;X,,,,,
daojiazhuanjing;节俭治国;;;;;;;;;;X,,,,,
desc_daojiazhuanjing;节俭治国(哈哈哈哈骗你的其实我有三千后宫);;;;;;;;;;X,,,,,
daojiazhuanjingshengfen;节俭治国;;;;;;;;;;X,,,,,
desc_daojiazhuanjingshengfen;节俭治国(哈哈哈哈骗你的其实我有三千后宫);;;;;;;;;;X,,,,,
rujiazhuanjingshengfen;足食足兵;;;;;;;;;;X,,,,,
desc_rujiazhuanjingshengfen;足食足兵;;;;;;;;;;X,,,,,
rujiazhuanjingshengfen;足食足兵;;;;;;;;;;X,,,,,
desc_rujiazhuanjingshengfen;足食足兵;;;;;;;;;;X,,,,,
fajiazhuanjingshengfen1;兴功惧暴;;;;;;;;;;X,,,,,
desc_fajiazhuanjingshengfen1;兴功惧暴;;;;;;;;;;X,,,,,
fajiazhuanjingshengfen2;兴功惧暴;;;;;;;;;;X,,,,,
desc_fajiazhuanjingshengfen2;兴功惧暴;;;;;;;;;;X,,,,,
fajiazhuanjingshengfen3;兴功惧暴;;;;;;;;;;X,,,,,
desc_fajiazhuanjingshengfen3;兴功惧暴;;;;;;;;;;X,,,,,
fajiazhuanjingshengfen4;兴功惧暴;;;;;;;;;;X,,,,,
desc_fajiazhuanjingshengfen4;兴功惧暴;;;;;;;;;;X,,,,,
fajiazhuanjingshengfen5;兴功惧暴;;;;;;;;;;X,,,,,
desc_fajiazhuanjingshengfen5;兴功惧暴;;;;;;;;;;X,,,,,
fajiazhuanjingshengfen6;兴功惧暴;;;;;;;;;;X,,,,,
desc_fajiazhuanjingshengfen6;兴功惧暴;;;;;;;;;;X,,,,,
fajiazhuanjingshengfen7;兴功惧暴;;;;;;;;;;X,,,,,
desc_fajiazhuanjingshengfen7;兴功惧暴;;;;;;;;;;X,,,,,
fajiazhuanjingshengfen8;兴功惧暴;;;;;;;;;;X,,,,,
desc_fajiazhuanjingshengfen8;兴功惧暴;;;;;;;;;;X,,,,,
fajiazhuanjingshengfen9;兴功惧暴;;;;;;;;;;X,,,,,
desc_fajiazhuanjingshengfen9;兴功惧暴;;;;;;;;;;X,,,,,
fajiazhuanjingshengfen10;兴功惧暴;;;;;;;;;;X,,,,,
desc_fajiazhuanjingshengfen10;兴功惧暴;;;;;;;;;;X,,,,,
fajiazhuanjingshengfenjian1;兴功惧暴;;;;;;;;;;X,,,,,
desc_fajiazhuanjingshengfenjian1;兴功惧暴;;;;;;;;;;X,,,,,
fajiazhuanjingshengfenjian2;兴功惧暴;;;;;;;;;;X,,,,,
desc_fajiazhuanjingshengfenjian2;兴功惧暴;;;;;;;;;;X,,,,,
fajiazhuanjingshengfenjian3;兴功惧暴;;;;;;;;;;X,,,,,
desc_fajiazhuanjingshengfenjian3;兴功惧暴;;;;;;;;;;X,,,,,
fajiazhuanjingshengfenjian4;兴功惧暴;;;;;;;;;;X,,,,,
desc_fajiazhuanjingshengfenjian4;兴功惧暴;;;;;;;;;;X,,,,,
fajiazhuanjingshengfenjian5;兴功惧暴;;;;;;;;;;X,,,,,
desc_fajiazhuanjingshengfenjian5;兴功惧暴;;;;;;;;;;X,,,,,
fajiazhuanjingshengfenjian6;兴功惧暴;;;;;;;;;;X,,,,,
desc_fajiazhuanjingshengfenjian6;兴功惧暴;;;;;;;;;;X,,,,,
fajiazhuanjingshengfenjian7;兴功惧暴;;;;;;;;;;X,,,,,
desc_fajiazhuanjingshengfenjian7;兴功惧暴;;;;;;;;;;X,,,,,
fajiazhuanjingshengfenjian8;兴功惧暴;;;;;;;;;;X,,,,,
desc_fajiazhuanjingshengfenjian8;兴功惧暴;;;;;;;;;;X,,,,,
fajiazhuanjingshengfenjian9;兴功惧暴;;;;;;;;;;X,,,,,
desc_fajiazhuanjingshengfenjian9;兴功惧暴;;;;;;;;;;X,,,,,
fajiazhuanjingshengfenjian10;兴功惧暴;;;;;;;;;;X,,,,,
desc_fajiazhuanjingshengfenjian10;兴功惧暴;;;;;;;;;;X,,,,,
jiejianzhiguotongzhang1;节俭治国通胀;;;;;;;;;;X,,,,,
desc_jiejianzhiguotongzhang1;我国当节俭;;;;;;;;;;X,,,,,
jiejianzhiguotongzhang2;节俭治国通胀;;;;;;;;;;X,,,,,
desc_jiejianzhiguotongzhang2;我国当节俭;;;;;;;;;;X,,,,,
jiejianzhiguotongzhang3;节俭治国通胀;;;;;;;;;;X,,,,,
desc_jiejianzhiguotongzhang3;我国当节俭;;;;;;;;;;X,,,,,
jiejianzhiguotongzhang4;节俭治国通胀;;;;;;;;;;X,,,,,
desc_jiejianzhiguotongzhang4;我国当节俭;;;;;;;;;;X,,,,,
jiejianzhiguotongzhang5;节俭治国通胀;;;;;;;;;;X,,,,,
desc_jiejianzhiguotongzhang5;我国当节俭;;;;;;;;;;X,,,,,
rujiazhuanjing_junziliuyi_junheng;真君子;;;;;;;;;;X,,,,,
desc_rujiazhuanjing_junziliuyi_junheng;中正平和，不偏不倚。君子藏器于身，待时而动。;;;;;;;;;;X,,,,,
rujiazhuanjing_junziliuyi_shu_math;数之周天;;;;;;;;;;X,,,,,
desc_rujiazhuanjing_junziliuyi_shu_math;周天推演，星象历算，数理通玄，造化在手。;;;;;;;;;;X,,,,,
rujiazhuanjing_junziliuyi_shu;书之天章;;;;;;;;;;X,,,,,
desc_rujiazhuanjing_junziliuyi_shu;天章云汉，文采斐然，书艺通神，化育万民。\n加速文化同化;;;;;;;;;;X,,,,,
rujiazhuanjing_junziliuyi_yu;御之游龙;;;;;;;;;;X,,,,,
desc_rujiazhuanjing_junziliuyi_yu;御车如游龙，行云流水，辗转千里，掌控乾坤。;;;;;;;;;;X,,,,,
rujiazhuanjing_junziliuyi_she;射之破穹;;;;;;;;;;X,,,,,
desc_rujiazhuanjing_junziliuyi_she;箭破苍穹，气势凌厉，一箭惊鸿，百步穿杨。;;;;;;;;;;X,,,,,
rujiazhuanjing_junziliuyi_yue;乐之太和;;;;;;;;;;X,,,,,
desc_rujiazhuanjing_junziliuyi_yue;太和充溢，乐以致和，雅乐入心，国泰民安。;;;;;;;;;;X,,,,,
rujiazhuanjing_junziliuyi_li;礼之大成;;;;;;;;;;X,,,,,
desc_rujiazhuanjing_junziliuyi_li;端庄厚重，为万世仪则，威仪棣棣，天下归心。;;;;;;;;;;X,,,,,
rujiazhuanjing_junziliuyi_shu_math_jinjie;数之君子;;;;;;;;;;X,,,,,
desc_rujiazhuanjing_junziliuyi_shu_math_jinjie;数究天人，君子之智，推演乾坤，经纬万端。;;;;;;;;;;X,,,,,
rujiazhuanjing_junziliuyi_shu_jinjie;书之君子;;;;;;;;;;X,,,,,
desc_rujiazhuanjing_junziliuyi_shu_jinjie;书以载道，君子之文，落笔惊风，传檄四海。\n加速文化同化;;;;;;;;;;X,,,,,
rujiazhuanjing_junziliuyi_yu_jinjie;御之君子;;;;;;;;;;X,,,,,
desc_rujiazhuanjing_junziliuyi_yu_jinjie;御天而行，君子之器，驱驰八荒，纵横无极。;;;;;;;;;;X,,,,,
rujiazhuanjing_junziliuyi_she_jinjie;射之君子;;;;;;;;;;X,,,,,
desc_rujiazhuanjing_junziliuyi_she_jinjie;射以观德，君子之武，挽弓如月，射落天狼。;;;;;;;;;;X,,,,,
rujiazhuanjing_junziliuyi_yue_jinjie;乐之君子;;;;;;;;;;X,,,,,
desc_rujiazhuanjing_junziliuyi_yue_jinjie;乐以和民，君子之风，钟鼓喤喤，磬筦将将。;;;;;;;;;;X,,,,,
rujiazhuanjing_junziliuyi_li_jinjie;礼之君子;;;;;;;;;;X,,,,,
desc_rujiazhuanjing_junziliuyi_li_jinjie;礼行天下，君子之德，温润如玉，万邦景仰。;;;;;;;;;;X,,,,,
rujiazhuanjing_junziliuyi_yu_shengfen1;御之游龙;;;;;;;;;;X,,,,,
desc_rujiazhuanjing_junziliuyi_yu_shengfen1;御车如游龙，行云流水，辗转千里，掌控乾坤。;;;;;;;;;;X,,,,,
rujiazhuanjing_junziliuyi_yu_shengfen2;御之艺;;;;;;;;;;X,,,,,
desc_rujiazhuanjing_junziliuyi_yu_shengfen2;御车如游龙，行云流水，辗转千里，掌控乾坤。;;;;;;;;;;X,,,,,
mojiazhuanjing_fort1;墨守成规;;;;;;;;;;X,,,,,
desc_mojiazhuanjing_fort1;墨守成规;;;;;;;;;;X,,,,,
mojiazhuanjing_fort2;墨守成规;;;;;;;;;;X,,,,,
desc_mojiazhuanjing_fort2;墨守成规;;;;;;;;;;X,,,,,
mojiazhuanjing_fort3;墨守成规;;;;;;;;;;X,,,,,
desc_mojiazhuanjing_fort3;墨守成规;;;;;;;;;;X,,,,,
mojiazhuanjing_fort4;墨守成规;;;;;;;;;;X,,,,,
desc_mojiazhuanjing_fort4;墨守成规;;;;;;;;;;X,,,,,
mojiazhuanjing_fort5;墨守成规;;;;;;;;;;X,,,,,
desc_mojiazhuanjing_fort5;墨守成规;;;;;;;;;;X,,,,,
mojiazhuanjing_fort6;墨守成规;;;;;;;;;;X,,,,,
desc_mojiazhuanjing_fort6;墨守成规;;;;;;;;;;X,,,,,
bozhangzhifuyong;伯长之附庸;;;;;;;;;;X,,,,,
desc_bozhangzhifuyong;每个附庸加3%军限;;;;;;;;;;X,,,,,
hainan;珠崖;;;;;;;;;;X,,,,,
desc_hainan;珠崖宝岛，南下过峡而见异界，与之贸易甚有利图;;;;;;;;;;X,,,,,
taiwan;夷州;;;;;;;;;;X,,,,,
desc_taiwan;夷州宝岛，对外称之仙岛，据之可令诸夏信我国商品有“仙气”，从而日进斗金;;;;;;;;;;X,,,,,
yaosaibuji1;要塞补给;;;;;;;;;;X,,,,,
desc_yaosaibuji1;要塞补给;;;;;;;;;;X,,,,,
yaosaibuji2;要塞补给;;;;;;;;;;X,,,,,
desc_yaosaibuji2;要塞补给;;;;;;;;;;X,,,,,
yaosaibuji3;要塞补给;;;;;;;;;;X,,,,,
desc_yaosaibuji3;要塞补给;;;;;;;;;;X,,,,,
yaosaibuji4;要塞补给;;;;;;;;;;X,,,,,
desc_yaosaibuji4;要塞补给;;;;;;;;;;X,,,,,
xinzhengfu;新征服;;;;;;;;;;X,,,,,
desc_xinzhengfu;新征服;;;;;;;;;;X,,,,,
huiluguanyuan;贿赂官员;;;;;;;;;;X,,,,,
desc_huiluguanyuan;贿赂官员;;;;;;;;;;X,,,,,
zhonglemeirenji;中了美人计;;;;;;;;;;X,,,,,
desc_zhonglemeirenji;快对我使用美人计;;;;;;;;;;X,,,,,
shaoshanhuilin;烧山毁林;;;;;;;;;;X,,,,,
desc_shaoshanhuilin;烧山毁林;;;;;;;;;;X,,,,,
dajishengchan;打击生产;;;;;;;;;;X,,,,,
desc_dajishengchan;打击生产;;;;;;;;;;X,,,,,
jieduanliangdao;截断粮道;;;;;;;;;;X,,,,,
desc_jieduanliangdao;截断粮道;;;;;;;;;;X,,,,,
quanmoufabing;权谋伐兵;;;;;;;;;;X,,,,,
desc_quanmoufabing;权谋伐兵;;;;;;;;;;X,,,,,
duoqutongkuang;夺取铜矿;;;;;;;;;;X,,,,,
desc_duoqutongkuang;夺取铜矿;;;;;;;;;;X,,,,,
weiwangrenwu;威望任务;;;;;;;;;;X,,,,,
desc_weiwangrenwu;威望任务;;;;;;;;;;X,,,,,
baohushoudu;保护首都;;;;;;;;;;X,,,,,
desc_baohushoudu;保护首都;;;;;;;;;;X,,,,,
chengjian;公家城建;;;;;;;;;;X,,,,,
desc_chengjian;公家城建;;;;;;;;;;X,,,,,
shanlinrenkou1;山林人口;;;;;;;;;;X,,,,,
desc_shanlinrenkou1;山林人口;;;;;;;;;;X,,,,,
shanlinrenkou2;山林人口;;;;;;;;;;X,,,,,
desc_shanlinrenkou2;山林人口;;;;;;;;;;X,,,,,
shanlinrenkou3;山林人口;;;;;;;;;;X,,,,,
desc_shanlinrenkou3;山林人口;;;;;;;;;;X,,,,,
shanlinrenkou4;山林人口;;;;;;;;;;X,,,,,
desc_shanlinrenkou4;山林人口;;;;;;;;;;X,,,,,
shanlinrenkou5;山林人口;;;;;;;;;;X,,,,,
desc_shanlinrenkou5;山林人口;;;;;;;;;;X,,,,,
shanlinrenkou6;山林人口;;;;;;;;;;X,,,,,
desc_shanlinrenkou6;山林人口;;;;;;;;;;X,,,,,
mibazi;芈八子;;;;;;;;;;X,,,,,
desc_mibazi;未来的宣太后;;;;;;;;;;X,,,,,
yuefasanzhang;约法三章;;;;;;;;;;X,,,,,
desc_yuefasanzhang;获得陇西、扶风、冯翊、上郡全宣称（使命理由）。这些地十倍莫非王土。;;;;;;;;;;X,,,,,
guanzhongwang;关中王;;;;;;;;;;X,,,,,
desc_guanzhongwang;特殊称王效果，完全替代普通称王。;;;;;;;;;;X,,,,,
qiangzheng;强征;;;;;;;;;;X,,,,,
desc_qiangzheng;富者输金免役，贫者缚以赴军;;;;;;;;;;X,,,,,
quanguorenkou_-256;全国人口;;;;;;;;;;X,,,,,
quanguorenkou_-255;全国人口;;;;;;;;;;X,,,,,
quanguorenkou_-254;全国人口;;;;;;;;;;X,,,,,
quanguorenkou_-253;全国人口;;;;;;;;;;X,,,,,
quanguorenkou_-252;全国人口;;;;;;;;;;X,,,,,
quanguorenkou_-251;全国人口;;;;;;;;;;X,,,,,
quanguorenkou_-250;全国人口;;;;;;;;;;X,,,,,
quanguorenkou_-249;全国人口;;;;;;;;;;X,,,,,
quanguorenkou_-248;全国人口;;;;;;;;;;X,,,,,
quanguorenkou_-247;全国人口;;;;;;;;;;X,,,,,
quanguorenkou_-246;全国人口;;;;;;;;;;X,,,,,
quanguorenkou_-245;全国人口;;;;;;;;;;X,,,,,
quanguorenkou_-244;全国人口;;;;;;;;;;X,,,,,
quanguorenkou_-243;全国人口;;;;;;;;;;X,,,,,
quanguorenkou_-242;全国人口;;;;;;;;;;X,,,,,
quanguorenkou_-241;全国人口;;;;;;;;;;X,,,,,
quanguorenkou_-240;全国人口;;;;;;;;;;X,,,,,
quanguorenkou_-239;全国人口;;;;;;;;;;X,,,,,
quanguorenkou_-238;全国人口;;;;;;;;;;X,,,,,
quanguorenkou_-237;全国人口;;;;;;;;;;X,,,,,
quanguorenkou_-236;全国人口;;;;;;;;;;X,,,,,
quanguorenkou_-235;全国人口;;;;;;;;;;X,,,,,
quanguorenkou_-234;全国人口;;;;;;;;;;X,,,,,
quanguorenkou_-233;全国人口;;;;;;;;;;X,,,,,
quanguorenkou_-232;全国人口;;;;;;;;;;X,,,,,
quanguorenkou_-231;全国人口;;;;;;;;;;X,,,,,
quanguorenkou_-230;全国人口;;;;;;;;;;X,,,,,
quanguorenkou_-229;全国人口;;;;;;;;;;X,,,,,
quanguorenkou_-228;全国人口;;;;;;;;;;X,,,,,
quanguorenkou_-227;全国人口;;;;;;;;;;X,,,,,
quanguorenkou_-226;全国人口;;;;;;;;;;X,,,,,
quanguorenkou_-225;全国人口;;;;;;;;;;X,,,,,
quanguorenkou_-224;全国人口;;;;;;;;;;X,,,,,
quanguorenkou_-223;全国人口;;;;;;;;;;X,,,,,
quanguorenkou_-222;全国人口;;;;;;;;;;X,,,,,
quanguorenkou_-221;全国人口;;;;;;;;;;X,,,,,
quanguorenkou_-220;全国人口;;;;;;;;;;X,,,,,
quanguorenkou_-219;全国人口;;;;;;;;;;X,,,,,
quanguorenkou_-218;全国人口;;;;;;;;;;X,,,,,
quanguorenkou_-217;全国人口;;;;;;;;;;X,,,,,
quanguorenkou_-216;全国人口;;;;;;;;;;X,,,,,
quanguorenkou_-215;全国人口;;;;;;;;;;X,,,,,
quanguorenkou_-214;全国人口;;;;;;;;;;X,,,,,
quanguorenkou_-213;全国人口;;;;;;;;;;X,,,,,
quanguorenkou_-212;全国人口;;;;;;;;;;X,,,,,
quanguorenkou_-211;全国人口;;;;;;;;;;X,,,,,
quanguorenkou_-210;全国人口;;;;;;;;;;X,,,,,
quanguorenkou_-209;全国人口;;;;;;;;;;X,,,,,
quanguorenkou_-208;全国人口;;;;;;;;;;X,,,,,
quanguorenkou_-207;全国人口;;;;;;;;;;X,,,,,
quanguorenkou_-206;全国人口;;;;;;;;;;X,,,,,
quanguorenkou_-205;全国人口;;;;;;;;;;X,,,,,
quanguorenkou_-204;全国人口;;;;;;;;;;X,,,,,
quanguorenkou_-203;全国人口;;;;;;;;;;X,,,,,
quanguorenkou_-202;全国人口;;;;;;;;;;X,,,,,
quanguorenkou_-201;全国人口;;;;;;;;;;X,,,,,
quanguorenkou_-200;全国人口;;;;;;;;;;X,,,,,
quanguorenkou_-199;全国人口;;;;;;;;;;X,,,,,
quanguorenkou_-198;全国人口;;;;;;;;;;X,,,,,
quanguorenkou_-197;全国人口;;;;;;;;;;X,,,,,
quanguorenkou_-196;全国人口;;;;;;;;;;X,,,,,
quanguorenkou_-195;全国人口;;;;;;;;;;X,,,,,
quanguorenkou_-194;全国人口;;;;;;;;;;X,,,,,
quanguorenkou_-193;全国人口;;;;;;;;;;X,,,,,
quanguorenkou_-192;全国人口;;;;;;;;;;X,,,,,
quanguorenkou_-191;全国人口;;;;;;;;;;X,,,,,
quanguorenkou_-190;全国人口;;;;;;;;;;X,,,,,
quanguorenkou_-189;全国人口;;;;;;;;;;X,,,,,
quanguorenkou_-188;全国人口;;;;;;;;;;X,,,,,
quanguorenkou_-187;全国人口;;;;;;;;;;X,,,,,
quanguorenkou_-186;全国人口;;;;;;;;;;X,,,,,
quanguorenkou_-185;全国人口;;;;;;;;;;X,,,,,
quanguorenkou_-184;全国人口;;;;;;;;;;X,,,,,
quanguorenkou_-183;全国人口;;;;;;;;;;X,,,,,
quanguorenkou_-182;全国人口;;;;;;;;;;X,,,,,
quanguorenkou_-181;全国人口;;;;;;;;;;X,,,,,
quanguorenkou_-180;全国人口;;;;;;;;;;X,,,,,
quanguorenkou_-179;全国人口;;;;;;;;;;X,,,,,
quanguorenkou_-178;全国人口;;;;;;;;;;X,,,,,
quanguorenkou_-177;全国人口;;;;;;;;;;X,,,,,
quanguorenkou_-176;全国人口;;;;;;;;;;X,,,,,
quanguorenkou_-175;全国人口;;;;;;;;;;X,,,,,
quanguorenkou_-174;全国人口;;;;;;;;;;X,,,,,
quanguorenkou_-173;全国人口;;;;;;;;;;X,,,,,
quanguorenkou_-172;全国人口;;;;;;;;;;X,,,,,
quanguorenkou_-171;全国人口;;;;;;;;;;X,,,,,
quanguorenkou_-170;全国人口;;;;;;;;;;X,,,,,
quanguorenkou_-169;全国人口;;;;;;;;;;X,,,,,
quanguorenkou_-168;全国人口;;;;;;;;;;X,,,,,
quanguorenkou_-167;全国人口;;;;;;;;;;X,,,,,
quanguorenkou_-166;全国人口;;;;;;;;;;X,,,,,
quanguorenkou_-165;全国人口;;;;;;;;;;X,,,,,
quanguorenkou_-164;全国人口;;;;;;;;;;X,,,,,
quanguorenkou_-163;全国人口;;;;;;;;;;X,,,,,
quanguorenkou_-162;全国人口;;;;;;;;;;X,,,,,
quanguorenkou_-161;全国人口;;;;;;;;;;X,,,,,
quanguorenkou_-160;全国人口;;;;;;;;;;X,,,,,
quanguorenkou_-159;全国人口;;;;;;;;;;X,,,,,
quanguorenkou_-158;全国人口;;;;;;;;;;X,,,,,
quanguorenkou_-157;全国人口;;;;;;;;;;X,,,,,
quanguorenkou_-156;全国人口;;;;;;;;;;X,,,,,
quanguorenkou_-155;全国人口;;;;;;;;;;X,,,,,
quanguorenkou_-154;全国人口;;;;;;;;;;X,,,,,
quanguorenkou_-153;全国人口;;;;;;;;;;X,,,,,
quanguorenkou_-152;全国人口;;;;;;;;;;X,,,,,
quanguorenkou_-151;全国人口;;;;;;;;;;X,,,,,
quanguorenkou_-150;全国人口;;;;;;;;;;X,,,,,
quanguorenkou_-149;全国人口;;;;;;;;;;X,,,,,
quanguorenkou_-148;全国人口;;;;;;;;;;X,,,,,
quanguorenkou_-147;全国人口;;;;;;;;;;X,,,,,
quanguorenkou_-146;全国人口;;;;;;;;;;X,,,,,
quanguorenkou_-145;全国人口;;;;;;;;;;X,,,,,
quanguorenkou_-144;全国人口;;;;;;;;;;X,,,,,
quanguorenkou_-143;全国人口;;;;;;;;;;X,,,,,
quanguorenkou_-142;全国人口;;;;;;;;;;X,,,,,
quanguorenkou_-141;全国人口;;;;;;;;;;X,,,,,
quanguorenkou_-140;全国人口;;;;;;;;;;X,,,,,
quanguorenkou_-139;全国人口;;;;;;;;;;X,,,,,
quanguorenkou_-138;全国人口;;;;;;;;;;X,,,,,
quanguorenkou_-137;全国人口;;;;;;;;;;X,,,,,
quanguorenkou_-136;全国人口;;;;;;;;;;X,,,,,
quanguorenkou_-135;全国人口;;;;;;;;;;X,,,,,
quanguorenkou_-134;全国人口;;;;;;;;;;X,,,,,
quanguorenkou_-133;全国人口;;;;;;;;;;X,,,,,
quanguorenkou_-132;全国人口;;;;;;;;;;X,,,,,
quanguorenkou_-131;全国人口;;;;;;;;;;X,,,,,
quanguorenkou_-130;全国人口;;;;;;;;;;X,,,,,
quanguorenkou_-129;全国人口;;;;;;;;;;X,,,,,
quanguorenkou_-128;全国人口;;;;;;;;;;X,,,,,
quanguorenkou_-127;全国人口;;;;;;;;;;X,,,,,
quanguorenkou_-126;全国人口;;;;;;;;;;X,,,,,
quanguorenkou_-125;全国人口;;;;;;;;;;X,,,,,
quanguorenkou_-124;全国人口;;;;;;;;;;X,,,,,
quanguorenkou_-123;全国人口;;;;;;;;;;X,,,,,
quanguorenkou_-122;全国人口;;;;;;;;;;X,,,,,
quanguorenkou_-121;全国人口;;;;;;;;;;X,,,,,
quanguorenkou_-120;全国人口;;;;;;;;;;X,,,,,
quanguorenkou_-119;全国人口;;;;;;;;;;X,,,,,
quanguorenkou_-118;全国人口;;;;;;;;;;X,,,,,
quanguorenkou_-117;全国人口;;;;;;;;;;X,,,,,
quanguorenkou_-116;全国人口;;;;;;;;;;X,,,,,
quanguorenkou_-115;全国人口;;;;;;;;;;X,,,,,
quanguorenkou_-114;全国人口;;;;;;;;;;X,,,,,
quanguorenkou_-113;全国人口;;;;;;;;;;X,,,,,
quanguorenkou_-112;全国人口;;;;;;;;;;X,,,,,
quanguorenkou_-111;全国人口;;;;;;;;;;X,,,,,
quanguorenkou_-110;全国人口;;;;;;;;;;X,,,,,
quanguorenkou_-109;全国人口;;;;;;;;;;X,,,,,
quanguorenkou_-108;全国人口;;;;;;;;;;X,,,,,
quanguorenkou_-107;全国人口;;;;;;;;;;X,,,,,
quanguorenkou_-106;全国人口;;;;;;;;;;X,,,,,
quanguorenkou_-105;全国人口;;;;;;;;;;X,,,,,
quanguorenkou_-104;全国人口;;;;;;;;;;X,,,,,
quanguorenkou_-103;全国人口;;;;;;;;;;X,,,,,
quanguorenkou_-102;全国人口;;;;;;;;;;X,,,,,
quanguorenkou_-101;全国人口;;;;;;;;;;X,,,,,
quanguorenkou_-100;全国人口;;;;;;;;;;X,,,,,
quanguorenkou_-99;全国人口;;;;;;;;;;X,,,,,
quanguorenkou_-98;全国人口;;;;;;;;;;X,,,,,
quanguorenkou_-97;全国人口;;;;;;;;;;X,,,,,
quanguorenkou_-96;全国人口;;;;;;;;;;X,,,,,
quanguorenkou_-95;全国人口;;;;;;;;;;X,,,,,
quanguorenkou_-94;全国人口;;;;;;;;;;X,,,,,
quanguorenkou_-93;全国人口;;;;;;;;;;X,,,,,
quanguorenkou_-92;全国人口;;;;;;;;;;X,,,,,
quanguorenkou_-91;全国人口;;;;;;;;;;X,,,,,
quanguorenkou_-90;全国人口;;;;;;;;;;X,,,,,
quanguorenkou_-89;全国人口;;;;;;;;;;X,,,,,
quanguorenkou_-88;全国人口;;;;;;;;;;X,,,,,
quanguorenkou_-87;全国人口;;;;;;;;;;X,,,,,
quanguorenkou_-86;全国人口;;;;;;;;;;X,,,,,
quanguorenkou_-85;全国人口;;;;;;;;;;X,,,,,
quanguorenkou_-84;全国人口;;;;;;;;;;X,,,,,
quanguorenkou_-83;全国人口;;;;;;;;;;X,,,,,
quanguorenkou_-82;全国人口;;;;;;;;;;X,,,,,
quanguorenkou_-81;全国人口;;;;;;;;;;X,,,,,
quanguorenkou_-80;全国人口;;;;;;;;;;X,,,,,
quanguorenkou_-79;全国人口;;;;;;;;;;X,,,,,
quanguorenkou_-78;全国人口;;;;;;;;;;X,,,,,
quanguorenkou_-77;全国人口;;;;;;;;;;X,,,,,
quanguorenkou_-76;全国人口;;;;;;;;;;X,,,,,
quanguorenkou_-75;全国人口;;;;;;;;;;X,,,,,
quanguorenkou_-74;全国人口;;;;;;;;;;X,,,,,
quanguorenkou_-73;全国人口;;;;;;;;;;X,,,,,
quanguorenkou_-72;全国人口;;;;;;;;;;X,,,,,
quanguorenkou_-71;全国人口;;;;;;;;;;X,,,,,
quanguorenkou_-70;全国人口;;;;;;;;;;X,,,,,
quanguorenkou_-69;全国人口;;;;;;;;;;X,,,,,
quanguorenkou_-68;全国人口;;;;;;;;;;X,,,,,
quanguorenkou_-67;全国人口;;;;;;;;;;X,,,,,
quanguorenkou_-66;全国人口;;;;;;;;;;X,,,,,
quanguorenkou_-65;全国人口;;;;;;;;;;X,,,,,
quanguorenkou_-64;全国人口;;;;;;;;;;X,,,,,
quanguorenkou_-63;全国人口;;;;;;;;;;X,,,,,
quanguorenkou_-62;全国人口;;;;;;;;;;X,,,,,
quanguorenkou_-61;全国人口;;;;;;;;;;X,,,,,
quanguorenkou_-60;全国人口;;;;;;;;;;X,,,,,
quanguorenkou_-59;全国人口;;;;;;;;;;X,,,,,
quanguorenkou_-58;全国人口;;;;;;;;;;X,,,,,
quanguorenkou_-57;全国人口;;;;;;;;;;X,,,,,
quanguorenkou_-56;全国人口;;;;;;;;;;X,,,,,
quanguorenkou_-55;全国人口;;;;;;;;;;X,,,,,
quanguorenkou_-54;全国人口;;;;;;;;;;X,,,,,
quanguorenkou_-53;全国人口;;;;;;;;;;X,,,,,
quanguorenkou_-52;全国人口;;;;;;;;;;X,,,,,
quanguorenkou_-51;全国人口;;;;;;;;;;X,,,,,
quanguorenkou_-50;全国人口;;;;;;;;;;X,,,,,
quanguorenkou_-49;全国人口;;;;;;;;;;X,,,,,
quanguorenkou_-48;全国人口;;;;;;;;;;X,,,,,
quanguorenkou_-47;全国人口;;;;;;;;;;X,,,,,
quanguorenkou_-46;全国人口;;;;;;;;;;X,,,,,
quanguorenkou_-45;全国人口;;;;;;;;;;X,,,,,
quanguorenkou_-44;全国人口;;;;;;;;;;X,,,,,
quanguorenkou_-43;全国人口;;;;;;;;;;X,,,,,
quanguorenkou_-42;全国人口;;;;;;;;;;X,,,,,
quanguorenkou_-41;全国人口;;;;;;;;;;X,,,,,
quanguorenkou_-40;全国人口;;;;;;;;;;X,,,,,
quanguorenkou_-39;全国人口;;;;;;;;;;X,,,,,
quanguorenkou_-38;全国人口;;;;;;;;;;X,,,,,
quanguorenkou_-37;全国人口;;;;;;;;;;X,,,,,
quanguorenkou_-36;全国人口;;;;;;;;;;X,,,,,
quanguorenkou_-35;全国人口;;;;;;;;;;X,,,,,
quanguorenkou_-34;全国人口;;;;;;;;;;X,,,,,
quanguorenkou_-33;全国人口;;;;;;;;;;X,,,,,
quanguorenkou_-32;全国人口;;;;;;;;;;X,,,,,
quanguorenkou_-31;全国人口;;;;;;;;;;X,,,,,
quanguorenkou_-30;全国人口;;;;;;;;;;X,,,,,
quanguorenkou_-29;全国人口;;;;;;;;;;X,,,,,
quanguorenkou_-28;全国人口;;;;;;;;;;X,,,,,
quanguorenkou_-27;全国人口;;;;;;;;;;X,,,,,
quanguorenkou_-26;全国人口;;;;;;;;;;X,,,,,
quanguorenkou_-25;全国人口;;;;;;;;;;X,,,,,
quanguorenkou_-24;全国人口;;;;;;;;;;X,,,,,
quanguorenkou_-23;全国人口;;;;;;;;;;X,,,,,
quanguorenkou_-22;全国人口;;;;;;;;;;X,,,,,
quanguorenkou_-21;全国人口;;;;;;;;;;X,,,,,
quanguorenkou_-20;全国人口;;;;;;;;;;X,,,,,
quanguorenkou_-19;全国人口;;;;;;;;;;X,,,,,
quanguorenkou_-18;全国人口;;;;;;;;;;X,,,,,
quanguorenkou_-17;全国人口;;;;;;;;;;X,,,,,
quanguorenkou_-16;全国人口;;;;;;;;;;X,,,,,
quanguorenkou_-15;全国人口;;;;;;;;;;X,,,,,
quanguorenkou_-14;全国人口;;;;;;;;;;X,,,,,
quanguorenkou_-13;全国人口;;;;;;;;;;X,,,,,
quanguorenkou_-12;全国人口;;;;;;;;;;X,,,,,
quanguorenkou_-11;全国人口;;;;;;;;;;X,,,,,
quanguorenkou_-10;全国人口;;;;;;;;;;X,,,,,
quanguorenkou_-9;全国人口;;;;;;;;;;X,,,,,
quanguorenkou_-8;全国人口;;;;;;;;;;X,,,,,
quanguorenkou_-7;全国人口;;;;;;;;;;X,,,,,
quanguorenkou_-6;全国人口;;;;;;;;;;X,,,,,
quanguorenkou_-5;全国人口;;;;;;;;;;X,,,,,
quanguorenkou_-4;全国人口;;;;;;;;;;X,,,,,
quanguorenkou_-3;全国人口;;;;;;;;;;X,,,,,
quanguorenkou_-2;全国人口;;;;;;;;;;X,,,,,
quanguorenkou_-1;全国人口;;;;;;;;;;X,,,,,
quanguorenkou_0;全国人口;;;;;;;;;;X,,,,,
quanguorenkou_1;全国人口;;;;;;;;;;X,,,,,
quanguorenkou_2;全国人口;;;;;;;;;;X,,,,,
quanguorenkou_3;全国人口;;;;;;;;;;X,,,,,
quanguorenkou_4;全国人口;;;;;;;;;;X,,,,,
quanguorenkou_5;全国人口;;;;;;;;;;X,,,,,
quanguorenkou_6;全国人口;;;;;;;;;;X,,,,,
quanguorenkou_7;全国人口;;;;;;;;;;X,,,,,
quanguorenkou_8;全国人口;;;;;;;;;;X,,,,,
quanguorenkou_9;全国人口;;;;;;;;;;X,,,,,
quanguorenkou_10;全国人口;;;;;;;;;;X,,,,,
quanguorenkou_11;全国人口;;;;;;;;;;X,,,,,
quanguorenkou_12;全国人口;;;;;;;;;;X,,,,,
quanguorenkou_13;全国人口;;;;;;;;;;X,,,,,
quanguorenkou_14;全国人口;;;;;;;;;;X,,,,,
quanguorenkou_15;全国人口;;;;;;;;;;X,,,,,
quanguorenkou_16;全国人口;;;;;;;;;;X,,,,,
quanguorenkou_17;全国人口;;;;;;;;;;X,,,,,
quanguorenkou_18;全国人口;;;;;;;;;;X,,,,,
quanguorenkou_19;全国人口;;;;;;;;;;X,,,,,
quanguorenkou_20;全国人口;;;;;;;;;;X,,,,,
quanguorenkou_21;全国人口;;;;;;;;;;X,,,,,
quanguorenkou_22;全国人口;;;;;;;;;;X,,,,,
quanguorenkou_23;全国人口;;;;;;;;;;X,,,,,
quanguorenkou_24;全国人口;;;;;;;;;;X,,,,,
quanguorenkou_25;全国人口;;;;;;;;;;X,,,,,
quanguorenkou_26;全国人口;;;;;;;;;;X,,,,,
quanguorenkou_27;全国人口;;;;;;;;;;X,,,,,
quanguorenkou_28;全国人口;;;;;;;;;;X,,,,,
quanguorenkou_29;全国人口;;;;;;;;;;X,,,,,
quanguorenkou_30;全国人口;;;;;;;;;;X,,,,,
quanguorenkou_31;全国人口;;;;;;;;;;X,,,,,
quanguorenkou_32;全国人口;;;;;;;;;;X,,,,,
quanguorenkou_33;全国人口;;;;;;;;;;X,,,,,
quanguorenkou_34;全国人口;;;;;;;;;;X,,,,,
quanguorenkou_35;全国人口;;;;;;;;;;X,,,,,
quanguorenkou_36;全国人口;;;;;;;;;;X,,,,,
quanguorenkou_37;全国人口;;;;;;;;;;X,,,,,
quanguorenkou_38;全国人口;;;;;;;;;;X,,,,,
quanguorenkou_39;全国人口;;;;;;;;;;X,,,,,
quanguorenkou_40;全国人口;;;;;;;;;;X,,,,,
quanguorenkou_41;全国人口;;;;;;;;;;X,,,,,
quanguorenkou_42;全国人口;;;;;;;;;;X,,,,,
quanguorenkou_43;全国人口;;;;;;;;;;X,,,,,
quanguorenkou_44;全国人口;;;;;;;;;;X,,,,,
quanguorenkou_45;全国人口;;;;;;;;;;X,,,,,
quanguorenkou_46;全国人口;;;;;;;;;;X,,,,,
quanguorenkou_47;全国人口;;;;;;;;;;X,,,,,
quanguorenkou_48;全国人口;;;;;;;;;;X,,,,,
quanguorenkou_49;全国人口;;;;;;;;;;X,,,,,
quanguorenkou_50;全国人口;;;;;;;;;;X,,,,,
quanguorenkou_51;全国人口;;;;;;;;;;X,,,,,
quanguorenkou_52;全国人口;;;;;;;;;;X,,,,,
quanguorenkou_53;全国人口;;;;;;;;;;X,,,,,
quanguorenkou_54;全国人口;;;;;;;;;;X,,,,,
quanguorenkou_55;全国人口;;;;;;;;;;X,,,,,
quanguorenkou_56;全国人口;;;;;;;;;;X,,,,,
quanguorenkou_57;全国人口;;;;;;;;;;X,,,,,
quanguorenkou_58;全国人口;;;;;;;;;;X,,,,,
quanguorenkou_59;全国人口;;;;;;;;;;X,,,,,
quanguorenkou_60;全国人口;;;;;;;;;;X,,,,,
quanguorenkou_61;全国人口;;;;;;;;;;X,,,,,
quanguorenkou_62;全国人口;;;;;;;;;;X,,,,,
quanguorenkou_63;全国人口;;;;;;;;;;X,,,,,
quanguorenkou_64;全国人口;;;;;;;;;;X,,,,,
quanguorenkou_65;全国人口;;;;;;;;;;X,,,,,
quanguorenkou_66;全国人口;;;;;;;;;;X,,,,,
quanguorenkou_67;全国人口;;;;;;;;;;X,,,,,
quanguorenkou_68;全国人口;;;;;;;;;;X,,,,,
quanguorenkou_69;全国人口;;;;;;;;;;X,,,,,
quanguorenkou_70;全国人口;;;;;;;;;;X,,,,,
quanguorenkou_71;全国人口;;;;;;;;;;X,,,,,
quanguorenkou_72;全国人口;;;;;;;;;;X,,,,,
quanguorenkou_73;全国人口;;;;;;;;;;X,,,,,
quanguorenkou_74;全国人口;;;;;;;;;;X,,,,,
quanguorenkou_75;全国人口;;;;;;;;;;X,,,,,
quanguorenkou_76;全国人口;;;;;;;;;;X,,,,,
quanguorenkou_77;全国人口;;;;;;;;;;X,,,,,
quanguorenkou_78;全国人口;;;;;;;;;;X,,,,,
quanguorenkou_79;全国人口;;;;;;;;;;X,,,,,
quanguorenkou_80;全国人口;;;;;;;;;;X,,,,,
quanguorenkou_81;全国人口;;;;;;;;;;X,,,,,
quanguorenkou_82;全国人口;;;;;;;;;;X,,,,,
quanguorenkou_83;全国人口;;;;;;;;;;X,,,,,
quanguorenkou_84;全国人口;;;;;;;;;;X,,,,,
quanguorenkou_85;全国人口;;;;;;;;;;X,,,,,
quanguorenkou_86;全国人口;;;;;;;;;;X,,,,,
quanguorenkou_87;全国人口;;;;;;;;;;X,,,,,
quanguorenkou_88;全国人口;;;;;;;;;;X,,,,,
quanguorenkou_89;全国人口;;;;;;;;;;X,,,,,
quanguorenkou_90;全国人口;;;;;;;;;;X,,,,,
quanguorenkou_91;全国人口;;;;;;;;;;X,,,,,
quanguorenkou_92;全国人口;;;;;;;;;;X,,,,,
quanguorenkou_93;全国人口;;;;;;;;;;X,,,,,
quanguorenkou_94;全国人口;;;;;;;;;;X,,,,,
quanguorenkou_95;全国人口;;;;;;;;;;X,,,,,
quanguorenkou_96;全国人口;;;;;;;;;;X,,,,,
quanguorenkou_97;全国人口;;;;;;;;;;X,,,,,
quanguorenkou_98;全国人口;;;;;;;;;;X,,,,,
quanguorenkou_99;全国人口;;;;;;;;;;X,,,,,
quanguorenkou_100;全国人口;;;;;;;;;;X,,,,,
quanguorenkou_101;全国人口;;;;;;;;;;X,,,,,
quanguorenkou_102;全国人口;;;;;;;;;;X,,,,,
quanguorenkou_103;全国人口;;;;;;;;;;X,,,,,
quanguorenkou_104;全国人口;;;;;;;;;;X,,,,,
quanguorenkou_105;全国人口;;;;;;;;;;X,,,,,
quanguorenkou_106;全国人口;;;;;;;;;;X,,,,,
quanguorenkou_107;全国人口;;;;;;;;;;X,,,,,
quanguorenkou_108;全国人口;;;;;;;;;;X,,,,,
quanguorenkou_109;全国人口;;;;;;;;;;X,,,,,
quanguorenkou_110;全国人口;;;;;;;;;;X,,,,,
quanguorenkou_111;全国人口;;;;;;;;;;X,,,,,
quanguorenkou_112;全国人口;;;;;;;;;;X,,,,,
quanguorenkou_113;全国人口;;;;;;;;;;X,,,,,
quanguorenkou_114;全国人口;;;;;;;;;;X,,,,,
quanguorenkou_115;全国人口;;;;;;;;;;X,,,,,
quanguorenkou_116;全国人口;;;;;;;;;;X,,,,,
quanguorenkou_117;全国人口;;;;;;;;;;X,,,,,
quanguorenkou_118;全国人口;;;;;;;;;;X,,,,,
quanguorenkou_119;全国人口;;;;;;;;;;X,,,,,
quanguorenkou_120;全国人口;;;;;;;;;;X,,,,,
quanguorenkou_121;全国人口;;;;;;;;;;X,,,,,
quanguorenkou_122;全国人口;;;;;;;;;;X,,,,,
quanguorenkou_123;全国人口;;;;;;;;;;X,,,,,
quanguorenkou_124;全国人口;;;;;;;;;;X,,,,,
quanguorenkou_125;全国人口;;;;;;;;;;X,,,,,
quanguorenkou_126;全国人口;;;;;;;;;;X,,,,,
quanguorenkou_127;全国人口;;;;;;;;;;X,,,,,
quanguorenkou_128;全国人口;;;;;;;;;;X,,,,,
quanguorenkou_129;全国人口;;;;;;;;;;X,,,,,
quanguorenkou_130;全国人口;;;;;;;;;;X,,,,,
quanguorenkou_131;全国人口;;;;;;;;;;X,,,,,
quanguorenkou_132;全国人口;;;;;;;;;;X,,,,,
quanguorenkou_133;全国人口;;;;;;;;;;X,,,,,
quanguorenkou_134;全国人口;;;;;;;;;;X,,,,,
quanguorenkou_135;全国人口;;;;;;;;;;X,,,,,
quanguorenkou_136;全国人口;;;;;;;;;;X,,,,,
quanguorenkou_137;全国人口;;;;;;;;;;X,,,,,
quanguorenkou_138;全国人口;;;;;;;;;;X,,,,,
quanguorenkou_139;全国人口;;;;;;;;;;X,,,,,
quanguorenkou_140;全国人口;;;;;;;;;;X,,,,,
quanguorenkou_141;全国人口;;;;;;;;;;X,,,,,
quanguorenkou_142;全国人口;;;;;;;;;;X,,,,,
quanguorenkou_143;全国人口;;;;;;;;;;X,,,,,
quanguorenkou_144;全国人口;;;;;;;;;;X,,,,,
quanguorenkou_145;全国人口;;;;;;;;;;X,,,,,
quanguorenkou_146;全国人口;;;;;;;;;;X,,,,,
quanguorenkou_147;全国人口;;;;;;;;;;X,,,,,
quanguorenkou_148;全国人口;;;;;;;;;;X,,,,,
quanguorenkou_149;全国人口;;;;;;;;;;X,,,,,
quanguorenkou_150;全国人口;;;;;;;;;;X,,,,,
quanguorenkou_151;全国人口;;;;;;;;;;X,,,,,
quanguorenkou_152;全国人口;;;;;;;;;;X,,,,,
quanguorenkou_153;全国人口;;;;;;;;;;X,,,,,
quanguorenkou_154;全国人口;;;;;;;;;;X,,,,,
quanguorenkou_155;全国人口;;;;;;;;;;X,,,,,
quanguorenkou_156;全国人口;;;;;;;;;;X,,,,,
quanguorenkou_157;全国人口;;;;;;;;;;X,,,,,
quanguorenkou_158;全国人口;;;;;;;;;;X,,,,,
quanguorenkou_159;全国人口;;;;;;;;;;X,,,,,
quanguorenkou_160;全国人口;;;;;;;;;;X,,,,,
quanguorenkou_161;全国人口;;;;;;;;;;X,,,,,
quanguorenkou_162;全国人口;;;;;;;;;;X,,,,,
quanguorenkou_163;全国人口;;;;;;;;;;X,,,,,
quanguorenkou_164;全国人口;;;;;;;;;;X,,,,,
quanguorenkou_165;全国人口;;;;;;;;;;X,,,,,
quanguorenkou_166;全国人口;;;;;;;;;;X,,,,,
quanguorenkou_167;全国人口;;;;;;;;;;X,,,,,
quanguorenkou_168;全国人口;;;;;;;;;;X,,,,,
quanguorenkou_169;全国人口;;;;;;;;;;X,,,,,
quanguorenkou_170;全国人口;;;;;;;;;;X,,,,,
quanguorenkou_171;全国人口;;;;;;;;;;X,,,,,
quanguorenkou_172;全国人口;;;;;;;;;;X,,,,,
quanguorenkou_173;全国人口;;;;;;;;;;X,,,,,
quanguorenkou_174;全国人口;;;;;;;;;;X,,,,,
quanguorenkou_175;全国人口;;;;;;;;;;X,,,,,
quanguorenkou_176;全国人口;;;;;;;;;;X,,,,,
quanguorenkou_177;全国人口;;;;;;;;;;X,,,,,
quanguorenkou_178;全国人口;;;;;;;;;;X,,,,,
quanguorenkou_179;全国人口;;;;;;;;;;X,,,,,
quanguorenkou_180;全国人口;;;;;;;;;;X,,,,,
quanguorenkou_181;全国人口;;;;;;;;;;X,,,,,
quanguorenkou_182;全国人口;;;;;;;;;;X,,,,,
quanguorenkou_183;全国人口;;;;;;;;;;X,,,,,
quanguorenkou_184;全国人口;;;;;;;;;;X,,,,,
quanguorenkou_185;全国人口;;;;;;;;;;X,,,,,
quanguorenkou_186;全国人口;;;;;;;;;;X,,,,,
quanguorenkou_187;全国人口;;;;;;;;;;X,,,,,
quanguorenkou_188;全国人口;;;;;;;;;;X,,,,,
quanguorenkou_189;全国人口;;;;;;;;;;X,,,,,
quanguorenkou_190;全国人口;;;;;;;;;;X,,,,,
quanguorenkou_191;全国人口;;;;;;;;;;X,,,,,
quanguorenkou_192;全国人口;;;;;;;;;;X,,,,,
quanguorenkou_193;全国人口;;;;;;;;;;X,,,,,
quanguorenkou_194;全国人口;;;;;;;;;;X,,,,,
quanguorenkou_195;全国人口;;;;;;;;;;X,,,,,
quanguorenkou_196;全国人口;;;;;;;;;;X,,,,,
quanguorenkou_197;全国人口;;;;;;;;;;X,,,,,
quanguorenkou_198;全国人口;;;;;;;;;;X,,,,,
quanguorenkou_199;全国人口;;;;;;;;;;X,,,,,
quanguorenkou_200;全国人口;;;;;;;;;;X,,,,,
quanguorenkou_201;全国人口;;;;;;;;;;X,,,,,
quanguorenkou_202;全国人口;;;;;;;;;;X,,,,,
quanguorenkou_203;全国人口;;;;;;;;;;X,,,,,
quanguorenkou_204;全国人口;;;;;;;;;;X,,,,,
quanguorenkou_205;全国人口;;;;;;;;;;X,,,,,
quanguorenkou_206;全国人口;;;;;;;;;;X,,,,,
quanguorenkou_207;全国人口;;;;;;;;;;X,,,,,
quanguorenkou_208;全国人口;;;;;;;;;;X,,,,,
quanguorenkou_209;全国人口;;;;;;;;;;X,,,,,
quanguorenkou_210;全国人口;;;;;;;;;;X,,,,,
quanguorenkou_211;全国人口;;;;;;;;;;X,,,,,
quanguorenkou_212;全国人口;;;;;;;;;;X,,,,,
quanguorenkou_213;全国人口;;;;;;;;;;X,,,,,
quanguorenkou_214;全国人口;;;;;;;;;;X,,,,,
quanguorenkou_215;全国人口;;;;;;;;;;X,,,,,
quanguorenkou_216;全国人口;;;;;;;;;;X,,,,,
quanguorenkou_217;全国人口;;;;;;;;;;X,,,,,
quanguorenkou_218;全国人口;;;;;;;;;;X,,,,,
quanguorenkou_219;全国人口;;;;;;;;;;X,,,,,
quanguorenkou_220;全国人口;;;;;;;;;;X,,,,,
quanguorenkou_221;全国人口;;;;;;;;;;X,,,,,
quanguorenkou_222;全国人口;;;;;;;;;;X,,,,,
quanguorenkou_223;全国人口;;;;;;;;;;X,,,,,
quanguorenkou_224;全国人口;;;;;;;;;;X,,,,,
quanguorenkou_225;全国人口;;;;;;;;;;X,,,,,
quanguorenkou_226;全国人口;;;;;;;;;;X,,,,,
quanguorenkou_227;全国人口;;;;;;;;;;X,,,,,
quanguorenkou_228;全国人口;;;;;;;;;;X,,,,,
quanguorenkou_229;全国人口;;;;;;;;;;X,,,,,
quanguorenkou_230;全国人口;;;;;;;;;;X,,,,,
quanguorenkou_231;全国人口;;;;;;;;;;X,,,,,
quanguorenkou_232;全国人口;;;;;;;;;;X,,,,,
quanguorenkou_233;全国人口;;;;;;;;;;X,,,,,
quanguorenkou_234;全国人口;;;;;;;;;;X,,,,,
quanguorenkou_235;全国人口;;;;;;;;;;X,,,,,
quanguorenkou_236;全国人口;;;;;;;;;;X,,,,,
quanguorenkou_237;全国人口;;;;;;;;;;X,,,,,
quanguorenkou_238;全国人口;;;;;;;;;;X,,,,,
quanguorenkou_239;全国人口;;;;;;;;;;X,,,,,
quanguorenkou_240;全国人口;;;;;;;;;;X,,,,,
quanguorenkou_241;全国人口;;;;;;;;;;X,,,,,
quanguorenkou_242;全国人口;;;;;;;;;;X,,,,,
quanguorenkou_243;全国人口;;;;;;;;;;X,,,,,
quanguorenkou_244;全国人口;;;;;;;;;;X,,,,,
quanguorenkou_245;全国人口;;;;;;;;;;X,,,,,
quanguorenkou_246;全国人口;;;;;;;;;;X,,,,,
quanguorenkou_247;全国人口;;;;;;;;;;X,,,,,
quanguorenkou_248;全国人口;;;;;;;;;;X,,,,,
quanguorenkou_249;全国人口;;;;;;;;;;X,,,,,
quanguorenkou_250;全国人口;;;;;;;;;;X,,,,,
quanguorenkou_251;全国人口;;;;;;;;;;X,,,,,
quanguorenkou_252;全国人口;;;;;;;;;;X,,,,,
quanguorenkou_253;全国人口;;;;;;;;;;X,,,,,
quanguorenkou_254;全国人口;;;;;;;;;;X,,,,,
quanguorenkou_255;全国人口;;;;;;;;;;X,,,,,
quanguorenkou_256;全国人口;;;;;;;;;;X,,,,,
quanguoxiuzheng_junshi_1;军事建筑;;;;;;;;;;X,,,,,
quanguoxiuzheng_junshi_2;军事建筑;;;;;;;;;;X,,,,,
quanguoxiuzheng_junshi_3;军事建筑;;;;;;;;;;X,,,,,
quanguoxiuzheng_junshi_4;军事建筑;;;;;;;;;;X,,,,,
quanguoxiuzheng_junshi_5;军事建筑;;;;;;;;;;X,,,,,
quanguoxiuzheng_junshi_6;军事建筑;;;;;;;;;;X,,,,,
quanguoxiuzheng_junshi_7;军事建筑;;;;;;;;;;X,,,,,
quanguoxiuzheng_junshi_8;军事建筑;;;;;;;;;;X,,,,,
quanguoxiuzheng_junshi_9;军事建筑;;;;;;;;;;X,,,,,
quanguoxiuzheng_junshi_10;军事建筑;;;;;;;;;;X,,,,,
quanguoxiuzheng_junshi_11;军事建筑;;;;;;;;;;X,,,,,
quanguoxiuzheng_junshi_12;军事建筑;;;;;;;;;;X,,,,,
quanguoxiuzheng_junshi_13;军事建筑;;;;;;;;;;X,,,,,
quanguoxiuzheng_junshi_14;军事建筑;;;;;;;;;;X,,,,,
quanguoxiuzheng_junshi_15;军事建筑;;;;;;;;;;X,,,,,
quanguoxiuzheng_junshi_16;军事建筑;;;;;;;;;;X,,,,,
quanguoxiuzheng_junshi_17;军事建筑;;;;;;;;;;X,,,,,
quanguoxiuzheng_junshi_18;军事建筑;;;;;;;;;;X,,,,,
quanguoxiuzheng_junshi_19;军事建筑;;;;;;;;;;X,,,,,
quanguoxiuzheng_junshi_20;军事建筑;;;;;;;;;;X,,,,,
quanguoxiuzheng_junshi_21;军事建筑;;;;;;;;;;X,,,,,
quanguoxiuzheng_junshi_22;军事建筑;;;;;;;;;;X,,,,,
quanguoxiuzheng_junshi_23;军事建筑;;;;;;;;;;X,,,,,
quanguoxiuzheng_junshi_24;军事建筑;;;;;;;;;;X,,,,,
quanguoxiuzheng_junshi_25;军事建筑;;;;;;;;;;X,,,,,
quanguoxiuzheng_junshi_26;军事建筑;;;;;;;;;;X,,,,,
quanguoxiuzheng_junshi_27;军事建筑;;;;;;;;;;X,,,,,
quanguoxiuzheng_junshi_28;军事建筑;;;;;;;;;;X,,,,,
quanguoxiuzheng_junshi_29;军事建筑;;;;;;;;;;X,,,,,
quanguoxiuzheng_junshi_30;军事建筑;;;;;;;;;;X,,,,,
quanguoxiuzheng_junshi_31;军事建筑;;;;;;;;;;X,,,,,
quanguoxiuzheng_junshi_32;军事建筑;;;;;;;;;;X,,,,,
quanguoxiuzheng_junshi_33;军事建筑;;;;;;;;;;X,,,,,
quanguoxiuzheng_junshi_34;军事建筑;;;;;;;;;;X,,,,,
quanguoxiuzheng_junshi_35;军事建筑;;;;;;;;;;X,,,,,
quanguoxiuzheng_junshi_36;军事建筑;;;;;;;;;;X,,,,,
quanguoxiuzheng_junshi_37;军事建筑;;;;;;;;;;X,,,,,
quanguoxiuzheng_junshi_38;军事建筑;;;;;;;;;;X,,,,,
quanguoxiuzheng_junshi_39;军事建筑;;;;;;;;;;X,,,,,
quanguoxiuzheng_junshi_40;军事建筑;;;;;;;;;;X,,,,,
quanguoxiuzheng_junshi_41;军事建筑;;;;;;;;;;X,,,,,
quanguoxiuzheng_junshi_42;军事建筑;;;;;;;;;;X,,,,,
quanguoxiuzheng_junshi_43;军事建筑;;;;;;;;;;X,,,,,
quanguoxiuzheng_junshi_44;军事建筑;;;;;;;;;;X,,,,,
quanguoxiuzheng_junshi_45;军事建筑;;;;;;;;;;X,,,,,
quanguoxiuzheng_junshi_46;军事建筑;;;;;;;;;;X,,,,,
quanguoxiuzheng_junshi_47;军事建筑;;;;;;;;;;X,,,,,
quanguoxiuzheng_junshi_48;军事建筑;;;;;;;;;;X,,,,,
quanguoxiuzheng_junshi_49;军事建筑;;;;;;;;;;X,,,,,
quanguoxiuzheng_junshi_50;军事建筑;;;;;;;;;;X,,,,,
quanguoxiuzheng_junshi_51;军事建筑;;;;;;;;;;X,,,,,
quanguoxiuzheng_junshi_52;军事建筑;;;;;;;;;;X,,,,,
quanguoxiuzheng_junshi_53;军事建筑;;;;;;;;;;X,,,,,
quanguoxiuzheng_junshi_54;军事建筑;;;;;;;;;;X,,,,,
quanguoxiuzheng_junshi_55;军事建筑;;;;;;;;;;X,,,,,
quanguoxiuzheng_junshi_56;军事建筑;;;;;;;;;;X,,,,,
quanguoxiuzheng_junshi_57;军事建筑;;;;;;;;;;X,,,,,
quanguoxiuzheng_junshi_58;军事建筑;;;;;;;;;;X,,,,,
quanguoxiuzheng_junshi_59;军事建筑;;;;;;;;;;X,,,,,
quanguoxiuzheng_junshi_60;军事建筑;;;;;;;;;;X,,,,,
quanguoxiuzheng_junshi_61;军事建筑;;;;;;;;;;X,,,,,
quanguoxiuzheng_junshi_62;军事建筑;;;;;;;;;;X,,,,,
quanguoxiuzheng_junshi_63;军事建筑;;;;;;;;;;X,,,,,
quanguoxiuzheng_junshi_64;军事建筑;;;;;;;;;;X,,,,,
quanguoxiuzheng_junshi_65;军事建筑;;;;;;;;;;X,,,,,
quanguoxiuzheng_junshi_66;军事建筑;;;;;;;;;;X,,,,,
quanguoxiuzheng_junshi_67;军事建筑;;;;;;;;;;X,,,,,
quanguoxiuzheng_junshi_68;军事建筑;;;;;;;;;;X,,,,,
quanguoxiuzheng_junshi_69;军事建筑;;;;;;;;;;X,,,,,
quanguoxiuzheng_junshi_70;军事建筑;;;;;;;;;;X,,,,,
quanguoxiuzheng_junshi_71;军事建筑;;;;;;;;;;X,,,,,
quanguoxiuzheng_junshi_72;军事建筑;;;;;;;;;;X,,,,,
quanguoxiuzheng_junshi_73;军事建筑;;;;;;;;;;X,,,,,
quanguoxiuzheng_junshi_74;军事建筑;;;;;;;;;;X,,,,,
quanguoxiuzheng_junshi_75;军事建筑;;;;;;;;;;X,,,,,
quanguoxiuzheng_junshi_76;军事建筑;;;;;;;;;;X,,,,,
quanguoxiuzheng_junshi_77;军事建筑;;;;;;;;;;X,,,,,
quanguoxiuzheng_junshi_78;军事建筑;;;;;;;;;;X,,,,,
quanguoxiuzheng_junshi_79;军事建筑;;;;;;;;;;X,,,,,
quanguoxiuzheng_junshi_80;军事建筑;;;;;;;;;;X,,,,,
quanguoxiuzheng_junshi_81;军事建筑;;;;;;;;;;X,,,,,
quanguoxiuzheng_junshi_82;军事建筑;;;;;;;;;;X,,,,,
quanguoxiuzheng_junshi_83;军事建筑;;;;;;;;;;X,,,,,
quanguoxiuzheng_junshi_84;军事建筑;;;;;;;;;;X,,,,,
quanguoxiuzheng_junshi_85;军事建筑;;;;;;;;;;X,,,,,
quanguoxiuzheng_junshi_86;军事建筑;;;;;;;;;;X,,,,,
quanguoxiuzheng_junshi_87;军事建筑;;;;;;;;;;X,,,,,
quanguoxiuzheng_junshi_88;军事建筑;;;;;;;;;;X,,,,,
quanguoxiuzheng_junshi_89;军事建筑;;;;;;;;;;X,,,,,
quanguoxiuzheng_junshi_90;军事建筑;;;;;;;;;;X,,,,,
quanguoxiuzheng_junshi_91;军事建筑;;;;;;;;;;X,,,,,
quanguoxiuzheng_junshi_92;军事建筑;;;;;;;;;;X,,,,,
quanguoxiuzheng_junshi_93;军事建筑;;;;;;;;;;X,,,,,
quanguoxiuzheng_junshi_94;军事建筑;;;;;;;;;;X,,,,,
quanguoxiuzheng_junshi_95;军事建筑;;;;;;;;;;X,,,,,
quanguoxiuzheng_junshi_96;军事建筑;;;;;;;;;;X,,,,,
quanguoxiuzheng_junshi_97;军事建筑;;;;;;;;;;X,,,,,
quanguoxiuzheng_junshi_98;军事建筑;;;;;;;;;;X,,,,,
quanguoxiuzheng_junshi_99;军事建筑;;;;;;;;;;X,,,,,
quanguoxiuzheng_junshi_100;军事建筑;;;;;;;;;;X,,,,,
quanguoxiuzheng_wenhua_1;文化建筑;;;;;;;;;;X,,,,,
quanguoxiuzheng_wenhua_2;文化建筑;;;;;;;;;;X,,,,,
quanguoxiuzheng_wenhua_3;文化建筑;;;;;;;;;;X,,,,,
quanguoxiuzheng_wenhua_4;文化建筑;;;;;;;;;;X,,,,,
quanguoxiuzheng_wenhua_5;文化建筑;;;;;;;;;;X,,,,,
quanguoxiuzheng_wenhua_6;文化建筑;;;;;;;;;;X,,,,,
quanguoxiuzheng_wenhua_7;文化建筑;;;;;;;;;;X,,,,,
quanguoxiuzheng_wenhua_8;文化建筑;;;;;;;;;;X,,,,,
quanguoxiuzheng_wenhua_9;文化建筑;;;;;;;;;;X,,,,,
quanguoxiuzheng_wenhua_10;文化建筑;;;;;;;;;;X,,,,,
quanguoxiuzheng_wenhua_11;文化建筑;;;;;;;;;;X,,,,,
quanguoxiuzheng_wenhua_12;文化建筑;;;;;;;;;;X,,,,,
quanguoxiuzheng_wenhua_13;文化建筑;;;;;;;;;;X,,,,,
quanguoxiuzheng_wenhua_14;文化建筑;;;;;;;;;;X,,,,,
quanguoxiuzheng_wenhua_15;文化建筑;;;;;;;;;;X,,,,,
quanguoxiuzheng_wenhua_16;文化建筑;;;;;;;;;;X,,,,,
quanguoxiuzheng_wenhua_17;文化建筑;;;;;;;;;;X,,,,,
quanguoxiuzheng_wenhua_18;文化建筑;;;;;;;;;;X,,,,,
quanguoxiuzheng_wenhua_19;文化建筑;;;;;;;;;;X,,,,,
quanguoxiuzheng_wenhua_20;文化建筑;;;;;;;;;;X,,,,,
quanguoxiuzheng_wenhua_21;文化建筑;;;;;;;;;;X,,,,,
quanguoxiuzheng_wenhua_22;文化建筑;;;;;;;;;;X,,,,,
quanguoxiuzheng_wenhua_23;文化建筑;;;;;;;;;;X,,,,,
quanguoxiuzheng_wenhua_24;文化建筑;;;;;;;;;;X,,,,,
quanguoxiuzheng_wenhua_25;文化建筑;;;;;;;;;;X,,,,,
quanguoxiuzheng_wenhua_26;文化建筑;;;;;;;;;;X,,,,,
quanguoxiuzheng_wenhua_27;文化建筑;;;;;;;;;;X,,,,,
quanguoxiuzheng_wenhua_28;文化建筑;;;;;;;;;;X,,,,,
quanguoxiuzheng_wenhua_29;文化建筑;;;;;;;;;;X,,,,,
quanguoxiuzheng_wenhua_30;文化建筑;;;;;;;;;;X,,,,,
quanguoxiuzheng_wenhua_31;文化建筑;;;;;;;;;;X,,,,,
quanguoxiuzheng_wenhua_32;文化建筑;;;;;;;;;;X,,,,,
quanguoxiuzheng_wenhua_33;文化建筑;;;;;;;;;;X,,,,,
quanguoxiuzheng_wenhua_34;文化建筑;;;;;;;;;;X,,,,,
quanguoxiuzheng_wenhua_35;文化建筑;;;;;;;;;;X,,,,,
quanguoxiuzheng_wenhua_36;文化建筑;;;;;;;;;;X,,,,,
quanguoxiuzheng_wenhua_37;文化建筑;;;;;;;;;;X,,,,,
quanguoxiuzheng_wenhua_38;文化建筑;;;;;;;;;;X,,,,,
quanguoxiuzheng_wenhua_39;文化建筑;;;;;;;;;;X,,,,,
quanguoxiuzheng_wenhua_40;文化建筑;;;;;;;;;;X,,,,,
quanguoxiuzheng_wenhua_41;文化建筑;;;;;;;;;;X,,,,,
quanguoxiuzheng_wenhua_42;文化建筑;;;;;;;;;;X,,,,,
quanguoxiuzheng_wenhua_43;文化建筑;;;;;;;;;;X,,,,,
quanguoxiuzheng_wenhua_44;文化建筑;;;;;;;;;;X,,,,,
quanguoxiuzheng_wenhua_45;文化建筑;;;;;;;;;;X,,,,,
quanguoxiuzheng_wenhua_46;文化建筑;;;;;;;;;;X,,,,,
quanguoxiuzheng_wenhua_47;文化建筑;;;;;;;;;;X,,,,,
quanguoxiuzheng_wenhua_48;文化建筑;;;;;;;;;;X,,,,,
quanguoxiuzheng_wenhua_49;文化建筑;;;;;;;;;;X,,,,,
quanguoxiuzheng_wenhua_50;文化建筑;;;;;;;;;;X,,,,,
quanguoxiuzheng_wenhua_51;文化建筑;;;;;;;;;;X,,,,,
quanguoxiuzheng_wenhua_52;文化建筑;;;;;;;;;;X,,,,,
quanguoxiuzheng_wenhua_53;文化建筑;;;;;;;;;;X,,,,,
quanguoxiuzheng_wenhua_54;文化建筑;;;;;;;;;;X,,,,,
quanguoxiuzheng_wenhua_55;文化建筑;;;;;;;;;;X,,,,,
quanguoxiuzheng_wenhua_56;文化建筑;;;;;;;;;;X,,,,,
quanguoxiuzheng_wenhua_57;文化建筑;;;;;;;;;;X,,,,,
quanguoxiuzheng_wenhua_58;文化建筑;;;;;;;;;;X,,,,,
quanguoxiuzheng_wenhua_59;文化建筑;;;;;;;;;;X,,,,,
quanguoxiuzheng_wenhua_60;文化建筑;;;;;;;;;;X,,,,,
quanguoxiuzheng_wenhua_61;文化建筑;;;;;;;;;;X,,,,,
quanguoxiuzheng_wenhua_62;文化建筑;;;;;;;;;;X,,,,,
quanguoxiuzheng_wenhua_63;文化建筑;;;;;;;;;;X,,,,,
quanguoxiuzheng_wenhua_64;文化建筑;;;;;;;;;;X,,,,,
quanguoxiuzheng_wenhua_65;文化建筑;;;;;;;;;;X,,,,,
quanguoxiuzheng_wenhua_66;文化建筑;;;;;;;;;;X,,,,,
quanguoxiuzheng_wenhua_67;文化建筑;;;;;;;;;;X,,,,,
quanguoxiuzheng_wenhua_68;文化建筑;;;;;;;;;;X,,,,,
quanguoxiuzheng_wenhua_69;文化建筑;;;;;;;;;;X,,,,,
quanguoxiuzheng_wenhua_70;文化建筑;;;;;;;;;;X,,,,,
quanguoxiuzheng_wenhua_71;文化建筑;;;;;;;;;;X,,,,,
quanguoxiuzheng_wenhua_72;文化建筑;;;;;;;;;;X,,,,,
quanguoxiuzheng_wenhua_73;文化建筑;;;;;;;;;;X,,,,,
quanguoxiuzheng_wenhua_74;文化建筑;;;;;;;;;;X,,,,,
quanguoxiuzheng_wenhua_75;文化建筑;;;;;;;;;;X,,,,,
quanguoxiuzheng_wenhua_76;文化建筑;;;;;;;;;;X,,,,,
quanguoxiuzheng_wenhua_77;文化建筑;;;;;;;;;;X,,,,,
quanguoxiuzheng_wenhua_78;文化建筑;;;;;;;;;;X,,,,,
quanguoxiuzheng_wenhua_79;文化建筑;;;;;;;;;;X,,,,,
quanguoxiuzheng_wenhua_80;文化建筑;;;;;;;;;;X,,,,,
quanguoxiuzheng_wenhua_81;文化建筑;;;;;;;;;;X,,,,,
quanguoxiuzheng_wenhua_82;文化建筑;;;;;;;;;;X,,,,,
quanguoxiuzheng_wenhua_83;文化建筑;;;;;;;;;;X,,,,,
quanguoxiuzheng_wenhua_84;文化建筑;;;;;;;;;;X,,,,,
quanguoxiuzheng_wenhua_85;文化建筑;;;;;;;;;;X,,,,,
quanguoxiuzheng_wenhua_86;文化建筑;;;;;;;;;;X,,,,,
quanguoxiuzheng_wenhua_87;文化建筑;;;;;;;;;;X,,,,,
quanguoxiuzheng_wenhua_88;文化建筑;;;;;;;;;;X,,,,,
quanguoxiuzheng_wenhua_89;文化建筑;;;;;;;;;;X,,,,,
quanguoxiuzheng_wenhua_90;文化建筑;;;;;;;;;;X,,,,,
quanguoxiuzheng_wenhua_91;文化建筑;;;;;;;;;;X,,,,,
quanguoxiuzheng_wenhua_92;文化建筑;;;;;;;;;;X,,,,,
quanguoxiuzheng_wenhua_93;文化建筑;;;;;;;;;;X,,,,,
quanguoxiuzheng_wenhua_94;文化建筑;;;;;;;;;;X,,,,,
quanguoxiuzheng_wenhua_95;文化建筑;;;;;;;;;;X,,,,,
quanguoxiuzheng_wenhua_96;文化建筑;;;;;;;;;;X,,,,,
quanguoxiuzheng_wenhua_97;文化建筑;;;;;;;;;;X,,,,,
quanguoxiuzheng_wenhua_98;文化建筑;;;;;;;;;;X,,,,,
quanguoxiuzheng_wenhua_99;文化建筑;;;;;;;;;;X,,,,,
quanguoxiuzheng_wenhua_100;文化建筑;;;;;;;;;;X,,,,,
quanguoxiuzheng_wenhua_101;文化建筑;;;;;;;;;;X,,,,,
quanguoxiuzheng_wenhua_102;文化建筑;;;;;;;;;;X,,,,,
quanguoxiuzheng_wenhua_103;文化建筑;;;;;;;;;;X,,,,,
quanguoxiuzheng_wenhua_104;文化建筑;;;;;;;;;;X,,,,,
quanguoxiuzheng_wenhua_105;文化建筑;;;;;;;;;;X,,,,,
quanguoxiuzheng_wenhua_106;文化建筑;;;;;;;;;;X,,,,,
quanguoxiuzheng_wenhua_107;文化建筑;;;;;;;;;;X,,,,,
quanguoxiuzheng_wenhua_108;文化建筑;;;;;;;;;;X,,,,,
quanguoxiuzheng_wenhua_109;文化建筑;;;;;;;;;;X,,,,,
quanguoxiuzheng_wenhua_110;文化建筑;;;;;;;;;;X,,,,,
quanguoxiuzheng_wenhua_111;文化建筑;;;;;;;;;;X,,,,,
quanguoxiuzheng_wenhua_112;文化建筑;;;;;;;;;;X,,,,,
quanguoxiuzheng_wenhua_113;文化建筑;;;;;;;;;;X,,,,,
quanguoxiuzheng_wenhua_114;文化建筑;;;;;;;;;;X,,,,,
quanguoxiuzheng_wenhua_115;文化建筑;;;;;;;;;;X,,,,,
quanguoxiuzheng_wenhua_116;文化建筑;;;;;;;;;;X,,,,,
quanguoxiuzheng_wenhua_117;文化建筑;;;;;;;;;;X,,,,,
quanguoxiuzheng_wenhua_118;文化建筑;;;;;;;;;;X,,,,,
quanguoxiuzheng_wenhua_119;文化建筑;;;;;;;;;;X,,,,,
quanguoxiuzheng_wenhua_120;文化建筑;;;;;;;;;;X,,,,,
quanguoxiuzheng_wenhua_121;文化建筑;;;;;;;;;;X,,,,,
quanguoxiuzheng_wenhua_122;文化建筑;;;;;;;;;;X,,,,,
quanguoxiuzheng_wenhua_123;文化建筑;;;;;;;;;;X,,,,,
quanguoxiuzheng_wenhua_124;文化建筑;;;;;;;;;;X,,,,,
quanguoxiuzheng_wenhua_125;文化建筑;;;;;;;;;;X,,,,,
quanguoxiuzheng_wenhua_126;文化建筑;;;;;;;;;;X,,,,,
quanguoxiuzheng_wenhua_127;文化建筑;;;;;;;;;;X,,,,,
quanguoxiuzheng_wenhua_128;文化建筑;;;;;;;;;;X,,,,,
quanguoxiuzheng_wenhua_129;文化建筑;;;;;;;;;;X,,,,,
quanguoxiuzheng_wenhua_130;文化建筑;;;;;;;;;;X,,,,,
quanguoxiuzheng_wenhua_131;文化建筑;;;;;;;;;;X,,,,,
quanguoxiuzheng_wenhua_132;文化建筑;;;;;;;;;;X,,,,,
quanguoxiuzheng_wenhua_133;文化建筑;;;;;;;;;;X,,,,,
quanguoxiuzheng_wenhua_134;文化建筑;;;;;;;;;;X,,,,,
quanguoxiuzheng_wenhua_135;文化建筑;;;;;;;;;;X,,,,,
quanguoxiuzheng_wenhua_136;文化建筑;;;;;;;;;;X,,,,,
quanguoxiuzheng_wenhua_137;文化建筑;;;;;;;;;;X,,,,,
quanguoxiuzheng_wenhua_138;文化建筑;;;;;;;;;;X,,,,,
quanguoxiuzheng_wenhua_139;文化建筑;;;;;;;;;;X,,,,,
quanguoxiuzheng_wenhua_140;文化建筑;;;;;;;;;;X,,,,,
quanguoxiuzheng_wenhua_141;文化建筑;;;;;;;;;;X,,,,,
quanguoxiuzheng_wenhua_142;文化建筑;;;;;;;;;;X,,,,,
quanguoxiuzheng_wenhua_143;文化建筑;;;;;;;;;;X,,,,,
quanguoxiuzheng_wenhua_144;文化建筑;;;;;;;;;;X,,,,,
quanguoxiuzheng_wenhua_145;文化建筑;;;;;;;;;;X,,,,,
quanguoxiuzheng_wenhua_146;文化建筑;;;;;;;;;;X,,,,,
quanguoxiuzheng_wenhua_147;文化建筑;;;;;;;;;;X,,,,,
quanguoxiuzheng_wenhua_148;文化建筑;;;;;;;;;;X,,,,,
quanguoxiuzheng_wenhua_149;文化建筑;;;;;;;;;;X,,,,,
quanguoxiuzheng_wenhua_150;文化建筑;;;;;;;;;;X,,,,,
quanguoxiuzheng_wenhua_151;文化建筑;;;;;;;;;;X,,,,,
quanguoxiuzheng_wenhua_152;文化建筑;;;;;;;;;;X,,,,,
quanguoxiuzheng_wenhua_153;文化建筑;;;;;;;;;;X,,,,,
quanguoxiuzheng_wenhua_154;文化建筑;;;;;;;;;;X,,,,,
quanguoxiuzheng_wenhua_155;文化建筑;;;;;;;;;;X,,,,,
quanguoxiuzheng_wenhua_156;文化建筑;;;;;;;;;;X,,,,,
quanguoxiuzheng_wenhua_157;文化建筑;;;;;;;;;;X,,,,,
quanguoxiuzheng_wenhua_158;文化建筑;;;;;;;;;;X,,,,,
quanguoxiuzheng_wenhua_159;文化建筑;;;;;;;;;;X,,,,,
quanguoxiuzheng_wenhua_160;文化建筑;;;;;;;;;;X,,,,,
quanguoxiuzheng_wenhua_161;文化建筑;;;;;;;;;;X,,,,,
quanguoxiuzheng_wenhua_162;文化建筑;;;;;;;;;;X,,,,,
quanguoxiuzheng_wenhua_163;文化建筑;;;;;;;;;;X,,,,,
quanguoxiuzheng_wenhua_164;文化建筑;;;;;;;;;;X,,,,,
quanguoxiuzheng_wenhua_165;文化建筑;;;;;;;;;;X,,,,,
quanguoxiuzheng_wenhua_166;文化建筑;;;;;;;;;;X,,,,,
quanguoxiuzheng_wenhua_167;文化建筑;;;;;;;;;;X,,,,,
quanguoxiuzheng_wenhua_168;文化建筑;;;;;;;;;;X,,,,,
quanguoxiuzheng_wenhua_169;文化建筑;;;;;;;;;;X,,,,,
quanguoxiuzheng_wenhua_170;文化建筑;;;;;;;;;;X,,,,,
quanguoxiuzheng_wenhua_171;文化建筑;;;;;;;;;;X,,,,,
quanguoxiuzheng_wenhua_172;文化建筑;;;;;;;;;;X,,,,,
quanguoxiuzheng_wenhua_173;文化建筑;;;;;;;;;;X,,,,,
quanguoxiuzheng_wenhua_174;文化建筑;;;;;;;;;;X,,,,,
quanguoxiuzheng_wenhua_175;文化建筑;;;;;;;;;;X,,,,,
quanguoxiuzheng_wenhua_176;文化建筑;;;;;;;;;;X,,,,,
quanguoxiuzheng_wenhua_177;文化建筑;;;;;;;;;;X,,,,,
quanguoxiuzheng_wenhua_178;文化建筑;;;;;;;;;;X,,,,,
quanguoxiuzheng_wenhua_179;文化建筑;;;;;;;;;;X,,,,,
quanguoxiuzheng_wenhua_180;文化建筑;;;;;;;;;;X,,,,,
quanguoxiuzheng_wenhua_181;文化建筑;;;;;;;;;;X,,,,,
quanguoxiuzheng_wenhua_182;文化建筑;;;;;;;;;;X,,,,,
quanguoxiuzheng_wenhua_183;文化建筑;;;;;;;;;;X,,,,,
quanguoxiuzheng_wenhua_184;文化建筑;;;;;;;;;;X,,,,,
quanguoxiuzheng_wenhua_185;文化建筑;;;;;;;;;;X,,,,,
quanguoxiuzheng_wenhua_186;文化建筑;;;;;;;;;;X,,,,,
quanguoxiuzheng_wenhua_187;文化建筑;;;;;;;;;;X,,,,,
quanguoxiuzheng_wenhua_188;文化建筑;;;;;;;;;;X,,,,,
quanguoxiuzheng_wenhua_189;文化建筑;;;;;;;;;;X,,,,,
quanguoxiuzheng_wenhua_190;文化建筑;;;;;;;;;;X,,,,,
quanguoxiuzheng_monarch_territory_1;君主直辖1;;;;;;;;;;X,,,,,
quanguoxiuzheng_monarch_territory_2;君主直辖2;;;;;;;;;;X,,,,,
quanguoxiuzheng_monarch_territory_3;君主直辖3;;;;;;;;;;X,,,,,
quanguoxiuzheng_monarch_territory_4;君主直辖4;;;;;;;;;;X,,,,,
quanguoxiuzheng_monarch_territory_5;君主直辖5;;;;;;;;;;X,,,,,
quanguoxiuzheng_monarch_territory_6;君主直辖6;;;;;;;;;;X,,,,,
quanguoxiuzheng_monarch_territory_7;君主直辖7;;;;;;;;;;X,,,,,
quanguoxiuzheng_monarch_territory_8;君主直辖8;;;;;;;;;;X,,,,,
quanguoxiuzheng_monarch_territory_9;君主直辖9;;;;;;;;;;X,,,,,
quanguoxiuzheng_monarch_territory_10;君主直辖10;;;;;;;;;;X,,,,,
quanguoxiuzheng_monarch_territory_11;君主直辖11;;;;;;;;;;X,,,,,
quanguoxiuzheng_monarch_territory_12;君主直辖12;;;;;;;;;;X,,,,,
quanguoxiuzheng_monarch_territory_13;君主直辖13;;;;;;;;;;X,,,,,
quanguoxiuzheng_monarch_territory_14;君主直辖14;;;;;;;;;;X,,,,,
quanguoxiuzheng_monarch_territory_15;君主直辖15;;;;;;;;;;X,,,,,
quanguoxiuzheng_monarch_territory_16;君主直辖16;;;;;;;;;;X,,,,,
quanguoxiuzheng_monarch_territory_17;君主直辖17;;;;;;;;;;X,,,,,
quanguoxiuzheng_monarch_territory_18;君主直辖18;;;;;;;;;;X,,,,,
quanguoxiuzheng_monarch_territory_19;君主直辖19;;;;;;;;;;X,,,,,
quanguoxiuzheng_monarch_territory_20;君主直辖20;;;;;;;;;;X,,,,,
quanguoxiuzheng_monarch_territory_21;君主直辖21;;;;;;;;;;X,,,,,
quanguoxiuzheng_monarch_territory_22;君主直辖22;;;;;;;;;;X,,,,,
quanguoxiuzheng_monarch_territory_23;君主直辖23;;;;;;;;;;X,,,,,
quanguoxiuzheng_monarch_territory_24;君主直辖24;;;;;;;;;;X,,,,,
quanguoxiuzheng_monarch_territory_25;君主直辖25;;;;;;;;;;X,,,,,
quanguoxiuzheng_monarch_territory_26;君主直辖26;;;;;;;;;;X,,,,,
quanguoxiuzheng_monarch_territory_27;君主直辖27;;;;;;;;;;X,,,,,
quanguoxiuzheng_monarch_territory_28;君主直辖28;;;;;;;;;;X,,,,,
quanguoxiuzheng_monarch_territory_29;君主直辖29;;;;;;;;;;X,,,,,
quanguoxiuzheng_monarch_territory_30;君主直辖30;;;;;;;;;;X,,,,,
quanguoxiuzheng_monarch_territory_31;君主直辖31;;;;;;;;;;X,,,,,
quanguoxiuzheng_monarch_territory_32;君主直辖32;;;;;;;;;;X,,,,,
quanguoxiuzheng_monarch_territory_33;君主直辖33;;;;;;;;;;X,,,,,
quanguoxiuzheng_monarch_territory_34;君主直辖34;;;;;;;;;;X,,,,,
quanguoxiuzheng_monarch_territory_35;君主直辖35;;;;;;;;;;X,,,,,
quanguoxiuzheng_monarch_territory_36;君主直辖36;;;;;;;;;;X,,,,,
quanguoxiuzheng_monarch_territory_37;君主直辖37;;;;;;;;;;X,,,,,
quanguoxiuzheng_monarch_territory_38;君主直辖38;;;;;;;;;;X,,,,,
quanguoxiuzheng_monarch_territory_39;君主直辖39;;;;;;;;;;X,,,,,
quanguoxiuzheng_monarch_territory_40;君主直辖40;;;;;;;;;;X,,,,,
quanguoxiuzheng_monarch_territory_41;君主直辖41;;;;;;;;;;X,,,,,
quanguoxiuzheng_monarch_territory_42;君主直辖42;;;;;;;;;;X,,,,,
quanguoxiuzheng_monarch_territory_43;君主直辖43;;;;;;;;;;X,,,,,
quanguoxiuzheng_monarch_territory_44;君主直辖44;;;;;;;;;;X,,,,,
quanguoxiuzheng_monarch_territory_45;君主直辖45;;;;;;;;;;X,,,,,
quanguoxiuzheng_monarch_territory_46;君主直辖46;;;;;;;;;;X,,,,,
quanguoxiuzheng_monarch_territory_47;君主直辖47;;;;;;;;;;X,,,,,
quanguoxiuzheng_monarch_territory_48;君主直辖48;;;;;;;;;;X,,,,,
quanguoxiuzheng_monarch_territory_49;君主直辖49;;;;;;;;;;X,,,,,
quanguoxiuzheng_monarch_territory_50;君主直辖50;;;;;;;;;;X,,,,,
quanguoxiuzheng_monarch_territory_51;君主直辖51;;;;;;;;;;X,,,,,
quanguoxiuzheng_monarch_territory_52;君主直辖52;;;;;;;;;;X,,,,,
quanguoxiuzheng_monarch_territory_53;君主直辖53;;;;;;;;;;X,,,,,
quanguoxiuzheng_monarch_territory_54;君主直辖54;;;;;;;;;;X,,,,,
quanguoxiuzheng_monarch_territory_55;君主直辖55;;;;;;;;;;X,,,,,
quanguoxiuzheng_monarch_territory_56;君主直辖56;;;;;;;;;;X,,,,,
quanguoxiuzheng_monarch_territory_57;君主直辖57;;;;;;;;;;X,,,,,
quanguoxiuzheng_monarch_territory_58;君主直辖58;;;;;;;;;;X,,,,,
quanguoxiuzheng_monarch_territory_59;君主直辖59;;;;;;;;;;X,,,,,
quanguoxiuzheng_monarch_territory_60;君主直辖60;;;;;;;;;;X,,,,,
quanguoxiuzheng_monarch_territory_61;君主直辖61;;;;;;;;;;X,,,,,
quanguoxiuzheng_monarch_territory_62;君主直辖62;;;;;;;;;;X,,,,,
quanguoxiuzheng_monarch_territory_63;君主直辖63;;;;;;;;;;X,,,,,
quanguoxiuzheng_monarch_territory_64;君主直辖64;;;;;;;;;;X,,,,,
quanguoxiuzheng_monarch_territory_65;君主直辖65;;;;;;;;;;X,,,,,
quanguoxiuzheng_monarch_territory_66;君主直辖66;;;;;;;;;;X,,,,,
quanguoxiuzheng_monarch_territory_67;君主直辖67;;;;;;;;;;X,,,,,
quanguoxiuzheng_monarch_territory_68;君主直辖68;;;;;;;;;;X,,,,,
quanguoxiuzheng_monarch_territory_69;君主直辖69;;;;;;;;;;X,,,,,
quanguoxiuzheng_monarch_territory_70;君主直辖70;;;;;;;;;;X,,,,,
quanguoxiuzheng_monarch_territory_71;君主直辖71;;;;;;;;;;X,,,,,
quanguoxiuzheng_monarch_territory_72;君主直辖72;;;;;;;;;;X,,,,,
quanguoxiuzheng_monarch_territory_73;君主直辖73;;;;;;;;;;X,,,,,
quanguoxiuzheng_monarch_territory_74;君主直辖74;;;;;;;;;;X,,,,,
quanguoxiuzheng_monarch_territory_75;君主直辖75;;;;;;;;;;X,,,,,
quanguoxiuzheng_monarch_territory_76;君主直辖76;;;;;;;;;;X,,,,,
quanguoxiuzheng_monarch_territory_77;君主直辖77;;;;;;;;;;X,,,,,
quanguoxiuzheng_monarch_territory_78;君主直辖78;;;;;;;;;;X,,,,,
quanguoxiuzheng_monarch_territory_79;君主直辖79;;;;;;;;;;X,,,,,
quanguoxiuzheng_monarch_territory_80;君主直辖80;;;;;;;;;;X,,,,,
quanguoxiuzheng_monarch_territory_81;君主直辖81;;;;;;;;;;X,,,,,
quanguoxiuzheng_monarch_territory_82;君主直辖82;;;;;;;;;;X,,,,,
quanguoxiuzheng_monarch_territory_83;君主直辖83;;;;;;;;;;X,,,,,
quanguoxiuzheng_monarch_territory_84;君主直辖84;;;;;;;;;;X,,,,,
quanguoxiuzheng_monarch_territory_85;君主直辖85;;;;;;;;;;X,,,,,
quanguoxiuzheng_monarch_territory_86;君主直辖86;;;;;;;;;;X,,,,,
quanguoxiuzheng_monarch_territory_87;君主直辖87;;;;;;;;;;X,,,,,
quanguoxiuzheng_monarch_territory_88;君主直辖88;;;;;;;;;;X,,,,,
quanguoxiuzheng_monarch_territory_89;君主直辖89;;;;;;;;;;X,,,,,
quanguoxiuzheng_monarch_territory_90;君主直辖90;;;;;;;;;;X,,,,,
quanguoxiuzheng_monarch_territory_91;君主直辖91;;;;;;;;;;X,,,,,
quanguoxiuzheng_monarch_territory_92;君主直辖92;;;;;;;;;;X,,,,,
quanguoxiuzheng_monarch_territory_93;君主直辖93;;;;;;;;;;X,,,,,
quanguoxiuzheng_monarch_territory_94;君主直辖94;;;;;;;;;;X,,,,,
quanguoxiuzheng_monarch_territory_95;君主直辖95;;;;;;;;;;X,,,,,
quanguoxiuzheng_monarch_territory_96;君主直辖96;;;;;;;;;;X,,,,,
quanguoxiuzheng_monarch_territory_97;君主直辖97;;;;;;;;;;X,,,,,
quanguoxiuzheng_monarch_territory_98;君主直辖98;;;;;;;;;;X,,,,,
quanguoxiuzheng_monarch_territory_99;君主直辖99;;;;;;;;;;X,,,,,
quanguoxiuzheng_monarch_territory_100;君主直辖100;;;;;;;;;;X,,,,,
quanguoxiuzheng_zhengtongrenhe_1;政通人和1;;;;;;;;;;X,,,,,
quanguoxiuzheng_zhengtongrenhe_2;政通人和2;;;;;;;;;;X,,,,,
quanguoxiuzheng_zhengtongrenhe_3;政通人和3;;;;;;;;;;X,,,,,
quanguoxiuzheng_zhengtongrenhe_4;政通人和4;;;;;;;;;;X,,,,,
quanguoxiuzheng_zhengtongrenhe_5;政通人和5;;;;;;;;;;X,,,,,
quanguoxiuzheng_zhengtongrenhe_6;政通人和6;;;;;;;;;;X,,,,,
quanguoxiuzheng_zhengtongrenhe_7;政通人和7;;;;;;;;;;X,,,,,
quanguoxiuzheng_zhengtongrenhe_8;政通人和8;;;;;;;;;;X,,,,,
quanguoxiuzheng_zhengtongrenhe_9;政通人和9;;;;;;;;;;X,,,,,
quanguoxiuzheng_zhengtongrenhe_10;政通人和10;;;;;;;;;;X,,,,,
quanguoxiuzheng_zhengtongrenhe_11;政通人和11;;;;;;;;;;X,,,,,
quanguoxiuzheng_zhengtongrenhe_12;政通人和12;;;;;;;;;;X,,,,,
quanguoxiuzheng_zhengtongrenhe_13;政通人和13;;;;;;;;;;X,,,,,
quanguoxiuzheng_zhengtongrenhe_14;政通人和14;;;;;;;;;;X,,,,,
quanguoxiuzheng_zhengtongrenhe_15;政通人和15;;;;;;;;;;X,,,,,
quanguoxiuzheng_zhengtongrenhe_16;政通人和16;;;;;;;;;;X,,,,,
quanguoxiuzheng_zhengtongrenhe_17;政通人和17;;;;;;;;;;X,,,,,
quanguoxiuzheng_zhengtongrenhe_18;政通人和18;;;;;;;;;;X,,,,,
quanguoxiuzheng_zhengtongrenhe_19;政通人和19;;;;;;;;;;X,,,,,
quanguoxiuzheng_zhengtongrenhe_20;政通人和20;;;;;;;;;;X,,,,,
quanguoxiuzheng_zhengtongrenhe_21;政通人和21;;;;;;;;;;X,,,,,
quanguoxiuzheng_zhengtongrenhe_22;政通人和22;;;;;;;;;;X,,,,,
quanguoxiuzheng_zhengtongrenhe_23;政通人和23;;;;;;;;;;X,,,,,
quanguoxiuzheng_zhengtongrenhe_24;政通人和24;;;;;;;;;;X,,,,,
quanguoxiuzheng_zhengtongrenhe_25;政通人和25;;;;;;;;;;X,,,,,
quanguoxiuzheng_zhengtongrenhe_26;政通人和26;;;;;;;;;;X,,,,,
quanguoxiuzheng_zhengtongrenhe_27;政通人和27;;;;;;;;;;X,,,,,
quanguoxiuzheng_zhengtongrenhe_28;政通人和28;;;;;;;;;;X,,,,,
quanguoxiuzheng_zhengtongrenhe_29;政通人和29;;;;;;;;;;X,,,,,
quanguoxiuzheng_zhengtongrenhe_30;政通人和30;;;;;;;;;;X,,,,,
quanguoxiuzheng_zhengtongrenhe_31;政通人和31;;;;;;;;;;X,,,,,
quanguoxiuzheng_zhengtongrenhe_32;政通人和32;;;;;;;;;;X,,,,,
quanguoxiuzheng_zhengtongrenhe_33;政通人和33;;;;;;;;;;X,,,,,
quanguoxiuzheng_zhengtongrenhe_34;政通人和34;;;;;;;;;;X,,,,,
quanguoxiuzheng_zhengtongrenhe_35;政通人和35;;;;;;;;;;X,,,,,
quanguoxiuzheng_zhengtongrenhe_36;政通人和36;;;;;;;;;;X,,,,,
quanguoxiuzheng_zhengtongrenhe_37;政通人和37;;;;;;;;;;X,,,,,
quanguoxiuzheng_zhengtongrenhe_38;政通人和38;;;;;;;;;;X,,,,,
quanguoxiuzheng_zhengtongrenhe_39;政通人和39;;;;;;;;;;X,,,,,
quanguoxiuzheng_zhengtongrenhe_40;政通人和40;;;;;;;;;;X,,,,,
quanguoxiuzheng_zhengtongrenhe_41;政通人和41;;;;;;;;;;X,,,,,
quanguoxiuzheng_zhengtongrenhe_42;政通人和42;;;;;;;;;;X,,,,,
quanguoxiuzheng_zhengtongrenhe_43;政通人和43;;;;;;;;;;X,,,,,
quanguoxiuzheng_zhengtongrenhe_44;政通人和44;;;;;;;;;;X,,,,,
quanguoxiuzheng_zhengtongrenhe_45;政通人和45;;;;;;;;;;X,,,,,
quanguoxiuzheng_zhengtongrenhe_46;政通人和46;;;;;;;;;;X,,,,,
quanguoxiuzheng_zhengtongrenhe_47;政通人和47;;;;;;;;;;X,,,,,
quanguoxiuzheng_zhengtongrenhe_48;政通人和48;;;;;;;;;;X,,,,,
quanguoxiuzheng_zhengtongrenhe_49;政通人和49;;;;;;;;;;X,,,,,
quanguoxiuzheng_zhengtongrenhe_50;政通人和50;;;;;;;;;;X,,,,,
quanguoxiuzheng_zhengtongrenhe_51;政通人和51;;;;;;;;;;X,,,,,
quanguoxiuzheng_zhengtongrenhe_52;政通人和52;;;;;;;;;;X,,,,,
quanguoxiuzheng_zhengtongrenhe_53;政通人和53;;;;;;;;;;X,,,,,
quanguoxiuzheng_zhengtongrenhe_54;政通人和54;;;;;;;;;;X,,,,,
quanguoxiuzheng_zhengtongrenhe_55;政通人和55;;;;;;;;;;X,,,,,
quanguoxiuzheng_zhengtongrenhe_56;政通人和56;;;;;;;;;;X,,,,,
quanguoxiuzheng_zhengtongrenhe_57;政通人和57;;;;;;;;;;X,,,,,
quanguoxiuzheng_zhengtongrenhe_58;政通人和58;;;;;;;;;;X,,,,,
quanguoxiuzheng_zhengtongrenhe_59;政通人和59;;;;;;;;;;X,,,,,
quanguoxiuzheng_zhengtongrenhe_60;政通人和60;;;;;;;;;;X,,,,,
quanguoxiuzheng_zhengtongrenhe_61;政通人和61;;;;;;;;;;X,,,,,
quanguoxiuzheng_zhengtongrenhe_62;政通人和62;;;;;;;;;;X,,,,,
quanguoxiuzheng_zhengtongrenhe_63;政通人和63;;;;;;;;;;X,,,,,
quanguoxiuzheng_zhengtongrenhe_64;政通人和64;;;;;;;;;;X,,,,,
quanguoxiuzheng_zhengtongrenhe_65;政通人和65;;;;;;;;;;X,,,,,
quanguoxiuzheng_zhengtongrenhe_66;政通人和66;;;;;;;;;;X,,,,,
quanguoxiuzheng_zhengtongrenhe_67;政通人和67;;;;;;;;;;X,,,,,
quanguoxiuzheng_zhengtongrenhe_68;政通人和68;;;;;;;;;;X,,,,,
quanguoxiuzheng_zhengtongrenhe_69;政通人和69;;;;;;;;;;X,,,,,
quanguoxiuzheng_zhengtongrenhe_70;政通人和70;;;;;;;;;;X,,,,,
quanguoxiuzheng_zhengtongrenhe_71;政通人和71;;;;;;;;;;X,,,,,
quanguoxiuzheng_zhengtongrenhe_72;政通人和72;;;;;;;;;;X,,,,,
quanguoxiuzheng_zhengtongrenhe_73;政通人和73;;;;;;;;;;X,,,,,
quanguoxiuzheng_zhengtongrenhe_74;政通人和74;;;;;;;;;;X,,,,,
quanguoxiuzheng_zhengtongrenhe_75;政通人和75;;;;;;;;;;X,,,,,
quanguoxiuzheng_zhengtongrenhe_76;政通人和76;;;;;;;;;;X,,,,,
quanguoxiuzheng_zhengtongrenhe_77;政通人和77;;;;;;;;;;X,,,,,
quanguoxiuzheng_zhengtongrenhe_78;政通人和78;;;;;;;;;;X,,,,,
quanguoxiuzheng_zhengtongrenhe_79;政通人和79;;;;;;;;;;X,,,,,
quanguoxiuzheng_zhengtongrenhe_80;政通人和80;;;;;;;;;;X,,,,,
quanguoxiuzheng_zhengtongrenhe_81;政通人和81;;;;;;;;;;X,,,,,
quanguoxiuzheng_zhengtongrenhe_82;政通人和82;;;;;;;;;;X,,,,,
quanguoxiuzheng_zhengtongrenhe_83;政通人和83;;;;;;;;;;X,,,,,
quanguoxiuzheng_zhengtongrenhe_84;政通人和84;;;;;;;;;;X,,,,,
quanguoxiuzheng_zhengtongrenhe_85;政通人和85;;;;;;;;;;X,,,,,
quanguoxiuzheng_zhengtongrenhe_86;政通人和86;;;;;;;;;;X,,,,,
quanguoxiuzheng_zhengtongrenhe_87;政通人和87;;;;;;;;;;X,,,,,
quanguoxiuzheng_zhengtongrenhe_88;政通人和88;;;;;;;;;;X,,,,,
quanguoxiuzheng_zhengtongrenhe_89;政通人和89;;;;;;;;;;X,,,,,
quanguoxiuzheng_zhengtongrenhe_90;政通人和90;;;;;;;;;;X,,,,,
quanguoxiuzheng_zhengtongrenhe_91;政通人和91;;;;;;;;;;X,,,,,
quanguoxiuzheng_zhengtongrenhe_92;政通人和92;;;;;;;;;;X,,,,,
quanguoxiuzheng_zhengtongrenhe_93;政通人和93;;;;;;;;;;X,,,,,
quanguoxiuzheng_zhengtongrenhe_94;政通人和94;;;;;;;;;;X,,,,,
quanguoxiuzheng_zhengtongrenhe_95;政通人和95;;;;;;;;;;X,,,,,
quanguoxiuzheng_zhengtongrenhe_96;政通人和96;;;;;;;;;;X,,,,,
quanguoxiuzheng_zhengtongrenhe_97;政通人和97;;;;;;;;;;X,,,,,
quanguoxiuzheng_zhengtongrenhe_98;政通人和98;;;;;;;;;;X,,,,,
quanguoxiuzheng_zhengtongrenhe_99;政通人和99;;;;;;;;;;X,,,,,
quanguoxiuzheng_zhengtongrenhe_100;政通人和100;;;;;;;;;;X,,,,,
quanguoxiuzheng_noble_territory_1;公家领地1;;;;;;;;;;X,,,,,
quanguoxiuzheng_noble_territory_2;公家领地2;;;;;;;;;;X,,,,,
quanguoxiuzheng_noble_territory_3;公家领地3;;;;;;;;;;X,,,,,
quanguoxiuzheng_noble_territory_4;公家领地4;;;;;;;;;;X,,,,,
quanguoxiuzheng_noble_territory_5;公家领地5;;;;;;;;;;X,,,,,
quanguoxiuzheng_noble_territory_6;公家领地6;;;;;;;;;;X,,,,,
quanguoxiuzheng_noble_territory_7;公家领地7;;;;;;;;;;X,,,,,
quanguoxiuzheng_noble_territory_8;公家领地8;;;;;;;;;;X,,,,,
quanguoxiuzheng_noble_territory_9;公家领地9;;;;;;;;;;X,,,,,
quanguoxiuzheng_noble_territory_10;公家领地10;;;;;;;;;;X,,,,,
quanguoxiuzheng_noble_territory_11;公家领地11;;;;;;;;;;X,,,,,
quanguoxiuzheng_noble_territory_12;公家领地12;;;;;;;;;;X,,,,,
quanguoxiuzheng_noble_territory_13;公家领地13;;;;;;;;;;X,,,,,
quanguoxiuzheng_noble_territory_14;公家领地14;;;;;;;;;;X,,,,,
quanguoxiuzheng_noble_territory_15;公家领地15;;;;;;;;;;X,,,,,
quanguoxiuzheng_noble_territory_16;公家领地16;;;;;;;;;;X,,,,,
quanguoxiuzheng_noble_territory_17;公家领地17;;;;;;;;;;X,,,,,
quanguoxiuzheng_noble_territory_18;公家领地18;;;;;;;;;;X,,,,,
quanguoxiuzheng_noble_territory_19;公家领地19;;;;;;;;;;X,,,,,
quanguoxiuzheng_noble_territory_20;公家领地20;;;;;;;;;;X,,,,,
quanguoxiuzheng_noble_territory_21;公家领地21;;;;;;;;;;X,,,,,
quanguoxiuzheng_noble_territory_22;公家领地22;;;;;;;;;;X,,,,,
quanguoxiuzheng_noble_territory_23;公家领地23;;;;;;;;;;X,,,,,
quanguoxiuzheng_noble_territory_24;公家领地24;;;;;;;;;;X,,,,,
quanguoxiuzheng_noble_territory_25;公家领地25;;;;;;;;;;X,,,,,
quanguoxiuzheng_noble_territory_26;公家领地26;;;;;;;;;;X,,,,,
quanguoxiuzheng_noble_territory_27;公家领地27;;;;;;;;;;X,,,,,
quanguoxiuzheng_noble_territory_28;公家领地28;;;;;;;;;;X,,,,,
quanguoxiuzheng_noble_territory_29;公家领地29;;;;;;;;;;X,,,,,
quanguoxiuzheng_noble_territory_30;公家领地30;;;;;;;;;;X,,,,,
quanguoxiuzheng_noble_territory_31;公家领地31;;;;;;;;;;X,,,,,
quanguoxiuzheng_noble_territory_32;公家领地32;;;;;;;;;;X,,,,,
quanguoxiuzheng_noble_territory_33;公家领地33;;;;;;;;;;X,,,,,
quanguoxiuzheng_noble_territory_34;公家领地34;;;;;;;;;;X,,,,,
quanguoxiuzheng_noble_territory_35;公家领地35;;;;;;;;;;X,,,,,
quanguoxiuzheng_noble_territory_36;公家领地36;;;;;;;;;;X,,,,,
quanguoxiuzheng_noble_territory_37;公家领地37;;;;;;;;;;X,,,,,
quanguoxiuzheng_noble_territory_38;公家领地38;;;;;;;;;;X,,,,,
quanguoxiuzheng_noble_territory_39;公家领地39;;;;;;;;;;X,,,,,
quanguoxiuzheng_noble_territory_40;公家领地40;;;;;;;;;;X,,,,,
quanguoxiuzheng_noble_territory_41;公家领地41;;;;;;;;;;X,,,,,
quanguoxiuzheng_noble_territory_42;公家领地42;;;;;;;;;;X,,,,,
quanguoxiuzheng_noble_territory_43;公家领地43;;;;;;;;;;X,,,,,
quanguoxiuzheng_noble_territory_44;公家领地44;;;;;;;;;;X,,,,,
quanguoxiuzheng_noble_territory_45;公家领地45;;;;;;;;;;X,,,,,
quanguoxiuzheng_noble_territory_46;公家领地46;;;;;;;;;;X,,,,,
quanguoxiuzheng_noble_territory_47;公家领地47;;;;;;;;;;X,,,,,
quanguoxiuzheng_noble_territory_48;公家领地48;;;;;;;;;;X,,,,,
quanguoxiuzheng_noble_territory_49;公家领地49;;;;;;;;;;X,,,,,
quanguoxiuzheng_noble_territory_50;公家领地50;;;;;;;;;;X,,,,,
quanguoxiuzheng_noble_territory_51;公家领地51;;;;;;;;;;X,,,,,
quanguoxiuzheng_noble_territory_52;公家领地52;;;;;;;;;;X,,,,,
quanguoxiuzheng_noble_territory_53;公家领地53;;;;;;;;;;X,,,,,
quanguoxiuzheng_noble_territory_54;公家领地54;;;;;;;;;;X,,,,,
quanguoxiuzheng_noble_territory_55;公家领地55;;;;;;;;;;X,,,,,
quanguoxiuzheng_noble_territory_56;公家领地56;;;;;;;;;;X,,,,,
quanguoxiuzheng_noble_territory_57;公家领地57;;;;;;;;;;X,,,,,
quanguoxiuzheng_noble_territory_58;公家领地58;;;;;;;;;;X,,,,,
quanguoxiuzheng_noble_territory_59;公家领地59;;;;;;;;;;X,,,,,
quanguoxiuzheng_noble_territory_60;公家领地60;;;;;;;;;;X,,,,,
quanguoxiuzheng_noble_territory_61;公家领地61;;;;;;;;;;X,,,,,
quanguoxiuzheng_noble_territory_62;公家领地62;;;;;;;;;;X,,,,,
quanguoxiuzheng_noble_territory_63;公家领地63;;;;;;;;;;X,,,,,
quanguoxiuzheng_noble_territory_64;公家领地64;;;;;;;;;;X,,,,,
quanguoxiuzheng_noble_territory_65;公家领地65;;;;;;;;;;X,,,,,
quanguoxiuzheng_noble_territory_66;公家领地66;;;;;;;;;;X,,,,,
quanguoxiuzheng_noble_territory_67;公家领地67;;;;;;;;;;X,,,,,
quanguoxiuzheng_noble_territory_68;公家领地68;;;;;;;;;;X,,,,,
quanguoxiuzheng_noble_territory_69;公家领地69;;;;;;;;;;X,,,,,
quanguoxiuzheng_noble_territory_70;公家领地70;;;;;;;;;;X,,,,,
quanguoxiuzheng_noble_territory_71;公家领地71;;;;;;;;;;X,,,,,
quanguoxiuzheng_noble_territory_72;公家领地72;;;;;;;;;;X,,,,,
quanguoxiuzheng_noble_territory_73;公家领地73;;;;;;;;;;X,,,,,
quanguoxiuzheng_noble_territory_74;公家领地74;;;;;;;;;;X,,,,,
quanguoxiuzheng_noble_territory_75;公家领地75;;;;;;;;;;X,,,,,
quanguoxiuzheng_noble_territory_76;公家领地76;;;;;;;;;;X,,,,,
quanguoxiuzheng_noble_territory_77;公家领地77;;;;;;;;;;X,,,,,
quanguoxiuzheng_noble_territory_78;公家领地78;;;;;;;;;;X,,,,,
quanguoxiuzheng_noble_territory_79;公家领地79;;;;;;;;;;X,,,,,
quanguoxiuzheng_noble_territory_80;公家领地80;;;;;;;;;;X,,,,,
quanguoxiuzheng_noble_territory_81;公家领地81;;;;;;;;;;X,,,,,
quanguoxiuzheng_noble_territory_82;公家领地82;;;;;;;;;;X,,,,,
quanguoxiuzheng_noble_territory_83;公家领地83;;;;;;;;;;X,,,,,
quanguoxiuzheng_noble_territory_84;公家领地84;;;;;;;;;;X,,,,,
quanguoxiuzheng_noble_territory_85;公家领地85;;;;;;;;;;X,,,,,
quanguoxiuzheng_noble_territory_86;公家领地86;;;;;;;;;;X,,,,,
quanguoxiuzheng_noble_territory_87;公家领地87;;;;;;;;;;X,,,,,
quanguoxiuzheng_noble_territory_88;公家领地88;;;;;;;;;;X,,,,,
quanguoxiuzheng_noble_territory_89;公家领地89;;;;;;;;;;X,,,,,
quanguoxiuzheng_noble_territory_90;公家领地90;;;;;;;;;;X,,,,,
quanguoxiuzheng_noble_territory_91;公家领地91;;;;;;;;;;X,,,,,
quanguoxiuzheng_noble_territory_92;公家领地92;;;;;;;;;;X,,,,,
quanguoxiuzheng_noble_territory_93;公家领地93;;;;;;;;;;X,,,,,
quanguoxiuzheng_noble_territory_94;公家领地94;;;;;;;;;;X,,,,,
quanguoxiuzheng_noble_territory_95;公家领地95;;;;;;;;;;X,,,,,
quanguoxiuzheng_noble_territory_96;公家领地96;;;;;;;;;;X,,,,,
quanguoxiuzheng_noble_territory_97;公家领地97;;;;;;;;;;X,,,,,
quanguoxiuzheng_noble_territory_98;公家领地98;;;;;;;;;;X,,,,,
quanguoxiuzheng_noble_territory_99;公家领地99;;;;;;;;;;X,,,,,
quanguoxiuzheng_noble_territory_100;公家领地100;;;;;;;;;;X,,,,,
quanguoxiuzheng_liyuebadao_1;礼乐霸道1;;;;;;;;;;X,,,,,
quanguoxiuzheng_liyuebadao_2;礼乐霸道2;;;;;;;;;;X,,,,,
quanguoxiuzheng_liyuebadao_3;礼乐霸道3;;;;;;;;;;X,,,,,
quanguoxiuzheng_liyuebadao_4;礼乐霸道4;;;;;;;;;;X,,,,,
quanguoxiuzheng_liyuebadao_5;礼乐霸道5;;;;;;;;;;X,,,,,
quanguoxiuzheng_liyuebadao_6;礼乐霸道6;;;;;;;;;;X,,,,,
quanguoxiuzheng_liyuebadao_7;礼乐霸道7;;;;;;;;;;X,,,,,
quanguoxiuzheng_liyuebadao_8;礼乐霸道8;;;;;;;;;;X,,,,,
quanguoxiuzheng_liyuebadao_9;礼乐霸道9;;;;;;;;;;X,,,,,
quanguoxiuzheng_liyuebadao_10;礼乐霸道10;;;;;;;;;;X,,,,,
quanguoxiuzheng_liyuebadao_11;礼乐霸道11;;;;;;;;;;X,,,,,
quanguoxiuzheng_liyuebadao_12;礼乐霸道12;;;;;;;;;;X,,,,,
quanguoxiuzheng_liyuebadao_13;礼乐霸道13;;;;;;;;;;X,,,,,
quanguoxiuzheng_liyuebadao_14;礼乐霸道14;;;;;;;;;;X,,,,,
quanguoxiuzheng_liyuebadao_15;礼乐霸道15;;;;;;;;;;X,,,,,
quanguoxiuzheng_liyuebadao_16;礼乐霸道16;;;;;;;;;;X,,,,,
quanguoxiuzheng_liyuebadao_17;礼乐霸道17;;;;;;;;;;X,,,,,
quanguoxiuzheng_liyuebadao_18;礼乐霸道18;;;;;;;;;;X,,,,,
quanguoxiuzheng_liyuebadao_19;礼乐霸道19;;;;;;;;;;X,,,,,
quanguoxiuzheng_liyuebadao_20;礼乐霸道20;;;;;;;;;;X,,,,,
quanguoxiuzheng_liyuebadao_21;礼乐霸道21;;;;;;;;;;X,,,,,
quanguoxiuzheng_liyuebadao_22;礼乐霸道22;;;;;;;;;;X,,,,,
quanguoxiuzheng_liyuebadao_23;礼乐霸道23;;;;;;;;;;X,,,,,
quanguoxiuzheng_liyuebadao_24;礼乐霸道24;;;;;;;;;;X,,,,,
quanguoxiuzheng_liyuebadao_25;礼乐霸道25;;;;;;;;;;X,,,,,
quanguoxiuzheng_liyuebadao_26;礼乐霸道26;;;;;;;;;;X,,,,,
quanguoxiuzheng_liyuebadao_27;礼乐霸道27;;;;;;;;;;X,,,,,
quanguoxiuzheng_liyuebadao_28;礼乐霸道28;;;;;;;;;;X,,,,,
quanguoxiuzheng_liyuebadao_29;礼乐霸道29;;;;;;;;;;X,,,,,
quanguoxiuzheng_liyuebadao_30;礼乐霸道30;;;;;;;;;;X,,,,,
quanguoxiuzheng_liyuebadao_31;礼乐霸道31;;;;;;;;;;X,,,,,
quanguoxiuzheng_liyuebadao_32;礼乐霸道32;;;;;;;;;;X,,,,,
quanguoxiuzheng_liyuebadao_33;礼乐霸道33;;;;;;;;;;X,,,,,
quanguoxiuzheng_liyuebadao_34;礼乐霸道34;;;;;;;;;;X,,,,,
quanguoxiuzheng_liyuebadao_35;礼乐霸道35;;;;;;;;;;X,,,,,
quanguoxiuzheng_liyuebadao_36;礼乐霸道36;;;;;;;;;;X,,,,,
quanguoxiuzheng_liyuebadao_37;礼乐霸道37;;;;;;;;;;X,,,,,
quanguoxiuzheng_liyuebadao_38;礼乐霸道38;;;;;;;;;;X,,,,,
quanguoxiuzheng_liyuebadao_39;礼乐霸道39;;;;;;;;;;X,,,,,
quanguoxiuzheng_liyuebadao_40;礼乐霸道40;;;;;;;;;;X,,,,,
quanguoxiuzheng_liyuebadao_41;礼乐霸道41;;;;;;;;;;X,,,,,
quanguoxiuzheng_liyuebadao_42;礼乐霸道42;;;;;;;;;;X,,,,,
quanguoxiuzheng_liyuebadao_43;礼乐霸道43;;;;;;;;;;X,,,,,
quanguoxiuzheng_liyuebadao_44;礼乐霸道44;;;;;;;;;;X,,,,,
quanguoxiuzheng_liyuebadao_45;礼乐霸道45;;;;;;;;;;X,,,,,
quanguoxiuzheng_liyuebadao_46;礼乐霸道46;;;;;;;;;;X,,,,,
quanguoxiuzheng_liyuebadao_47;礼乐霸道47;;;;;;;;;;X,,,,,
quanguoxiuzheng_liyuebadao_48;礼乐霸道48;;;;;;;;;;X,,,,,
quanguoxiuzheng_liyuebadao_49;礼乐霸道49;;;;;;;;;;X,,,,,
quanguoxiuzheng_liyuebadao_50;礼乐霸道50;;;;;;;;;;X,,,,,
quanguoxiuzheng_liyuebadao_51;礼乐霸道51;;;;;;;;;;X,,,,,
quanguoxiuzheng_liyuebadao_52;礼乐霸道52;;;;;;;;;;X,,,,,
quanguoxiuzheng_liyuebadao_53;礼乐霸道53;;;;;;;;;;X,,,,,
quanguoxiuzheng_liyuebadao_54;礼乐霸道54;;;;;;;;;;X,,,,,
quanguoxiuzheng_liyuebadao_55;礼乐霸道55;;;;;;;;;;X,,,,,
quanguoxiuzheng_liyuebadao_56;礼乐霸道56;;;;;;;;;;X,,,,,
quanguoxiuzheng_liyuebadao_57;礼乐霸道57;;;;;;;;;;X,,,,,
quanguoxiuzheng_liyuebadao_58;礼乐霸道58;;;;;;;;;;X,,,,,
quanguoxiuzheng_liyuebadao_59;礼乐霸道59;;;;;;;;;;X,,,,,
quanguoxiuzheng_liyuebadao_60;礼乐霸道60;;;;;;;;;;X,,,,,
quanguoxiuzheng_liyuebadao_61;礼乐霸道61;;;;;;;;;;X,,,,,
quanguoxiuzheng_liyuebadao_62;礼乐霸道62;;;;;;;;;;X,,,,,
quanguoxiuzheng_liyuebadao_63;礼乐霸道63;;;;;;;;;;X,,,,,
quanguoxiuzheng_liyuebadao_64;礼乐霸道64;;;;;;;;;;X,,,,,
quanguoxiuzheng_liyuebadao_65;礼乐霸道65;;;;;;;;;;X,,,,,
quanguoxiuzheng_liyuebadao_66;礼乐霸道66;;;;;;;;;;X,,,,,
quanguoxiuzheng_liyuebadao_67;礼乐霸道67;;;;;;;;;;X,,,,,
quanguoxiuzheng_liyuebadao_68;礼乐霸道68;;;;;;;;;;X,,,,,
quanguoxiuzheng_liyuebadao_69;礼乐霸道69;;;;;;;;;;X,,,,,
quanguoxiuzheng_liyuebadao_70;礼乐霸道70;;;;;;;;;;X,,,,,
quanguoxiuzheng_liyuebadao_71;礼乐霸道71;;;;;;;;;;X,,,,,
quanguoxiuzheng_liyuebadao_72;礼乐霸道72;;;;;;;;;;X,,,,,
quanguoxiuzheng_liyuebadao_73;礼乐霸道73;;;;;;;;;;X,,,,,
quanguoxiuzheng_liyuebadao_74;礼乐霸道74;;;;;;;;;;X,,,,,
quanguoxiuzheng_liyuebadao_75;礼乐霸道75;;;;;;;;;;X,,,,,
quanguoxiuzheng_liyuebadao_76;礼乐霸道76;;;;;;;;;;X,,,,,
quanguoxiuzheng_liyuebadao_77;礼乐霸道77;;;;;;;;;;X,,,,,
quanguoxiuzheng_liyuebadao_78;礼乐霸道78;;;;;;;;;;X,,,,,
quanguoxiuzheng_liyuebadao_79;礼乐霸道79;;;;;;;;;;X,,,,,
quanguoxiuzheng_liyuebadao_80;礼乐霸道80;;;;;;;;;;X,,,,,
quanguoxiuzheng_liyuebadao_81;礼乐霸道81;;;;;;;;;;X,,,,,
quanguoxiuzheng_liyuebadao_82;礼乐霸道82;;;;;;;;;;X,,,,,
quanguoxiuzheng_liyuebadao_83;礼乐霸道83;;;;;;;;;;X,,,,,
quanguoxiuzheng_liyuebadao_84;礼乐霸道84;;;;;;;;;;X,,,,,
quanguoxiuzheng_liyuebadao_85;礼乐霸道85;;;;;;;;;;X,,,,,
quanguoxiuzheng_liyuebadao_86;礼乐霸道86;;;;;;;;;;X,,,,,
quanguoxiuzheng_liyuebadao_87;礼乐霸道87;;;;;;;;;;X,,,,,
quanguoxiuzheng_liyuebadao_88;礼乐霸道88;;;;;;;;;;X,,,,,
quanguoxiuzheng_liyuebadao_89;礼乐霸道89;;;;;;;;;;X,,,,,
quanguoxiuzheng_liyuebadao_90;礼乐霸道90;;;;;;;;;;X,,,,,
quanguoxiuzheng_liyuebadao_91;礼乐霸道91;;;;;;;;;;X,,,,,
quanguoxiuzheng_liyuebadao_92;礼乐霸道92;;;;;;;;;;X,,,,,
quanguoxiuzheng_liyuebadao_93;礼乐霸道93;;;;;;;;;;X,,,,,
quanguoxiuzheng_liyuebadao_94;礼乐霸道94;;;;;;;;;;X,,,,,
quanguoxiuzheng_liyuebadao_95;礼乐霸道95;;;;;;;;;;X,,,,,
quanguoxiuzheng_liyuebadao_96;礼乐霸道96;;;;;;;;;;X,,,,,
quanguoxiuzheng_liyuebadao_97;礼乐霸道97;;;;;;;;;;X,,,,,
quanguoxiuzheng_liyuebadao_98;礼乐霸道98;;;;;;;;;;X,,,,,
quanguoxiuzheng_liyuebadao_99;礼乐霸道99;;;;;;;;;;X,,,,,
quanguoxiuzheng_liyuebadao_100;礼乐霸道100;;;;;;;;;;X,,,,,
quanguoxiuzheng_rujia_1;儒家1;;;;;;;;;;X,,,,,
quanguoxiuzheng_rujia_2;儒家2;;;;;;;;;;X,,,,,
quanguoxiuzheng_rujia_3;儒家3;;;;;;;;;;X,,,,,
quanguoxiuzheng_rujia_4;儒家4;;;;;;;;;;X,,,,,
quanguoxiuzheng_rujia_5;儒家5;;;;;;;;;;X,,,,,
quanguoxiuzheng_rujia_6;儒家6;;;;;;;;;;X,,,,,
quanguoxiuzheng_rujia_7;儒家7;;;;;;;;;;X,,,,,
quanguoxiuzheng_rujia_8;儒家8;;;;;;;;;;X,,,,,
quanguoxiuzheng_rujia_9;儒家9;;;;;;;;;;X,,,,,
quanguoxiuzheng_rujia_10;儒家10;;;;;;;;;;X,,,,,
quanguoxiuzheng_rujia_11;儒家11;;;;;;;;;;X,,,,,
quanguoxiuzheng_rujia_12;儒家12;;;;;;;;;;X,,,,,
quanguoxiuzheng_rujia_13;儒家13;;;;;;;;;;X,,,,,
quanguoxiuzheng_rujia_14;儒家14;;;;;;;;;;X,,,,,
quanguoxiuzheng_rujia_15;儒家15;;;;;;;;;;X,,,,,
quanguoxiuzheng_rujia_16;儒家16;;;;;;;;;;X,,,,,
quanguoxiuzheng_rujia_17;儒家17;;;;;;;;;;X,,,,,
quanguoxiuzheng_rujia_18;儒家18;;;;;;;;;;X,,,,,
quanguoxiuzheng_rujia_19;儒家19;;;;;;;;;;X,,,,,
quanguoxiuzheng_rujia_20;儒家20;;;;;;;;;;X,,,,,
quanguoxiuzheng_rujia_21;儒家21;;;;;;;;;;X,,,,,
quanguoxiuzheng_rujia_22;儒家22;;;;;;;;;;X,,,,,
quanguoxiuzheng_rujia_23;儒家23;;;;;;;;;;X,,,,,
quanguoxiuzheng_rujia_24;儒家24;;;;;;;;;;X,,,,,
quanguoxiuzheng_rujia_25;儒家25;;;;;;;;;;X,,,,,
quanguoxiuzheng_rujia_26;儒家26;;;;;;;;;;X,,,,,
quanguoxiuzheng_rujia_27;儒家27;;;;;;;;;;X,,,,,
quanguoxiuzheng_rujia_28;儒家28;;;;;;;;;;X,,,,,
quanguoxiuzheng_rujia_29;儒家29;;;;;;;;;;X,,,,,
quanguoxiuzheng_rujia_30;儒家30;;;;;;;;;;X,,,,,
quanguoxiuzheng_rujia_31;儒家31;;;;;;;;;;X,,,,,
quanguoxiuzheng_rujia_32;儒家32;;;;;;;;;;X,,,,,
quanguoxiuzheng_rujia_33;儒家33;;;;;;;;;;X,,,,,
quanguoxiuzheng_rujia_34;儒家34;;;;;;;;;;X,,,,,
quanguoxiuzheng_rujia_35;儒家35;;;;;;;;;;X,,,,,
quanguoxiuzheng_rujia_36;儒家36;;;;;;;;;;X,,,,,
quanguoxiuzheng_rujia_37;儒家37;;;;;;;;;;X,,,,,
quanguoxiuzheng_rujia_38;儒家38;;;;;;;;;;X,,,,,
quanguoxiuzheng_rujia_39;儒家39;;;;;;;;;;X,,,,,
quanguoxiuzheng_rujia_40;儒家40;;;;;;;;;;X,,,,,
quanguoxiuzheng_rujia_41;儒家41;;;;;;;;;;X,,,,,
quanguoxiuzheng_rujia_42;儒家42;;;;;;;;;;X,,,,,
quanguoxiuzheng_rujia_43;儒家43;;;;;;;;;;X,,,,,
quanguoxiuzheng_rujia_44;儒家44;;;;;;;;;;X,,,,,
quanguoxiuzheng_rujia_45;儒家45;;;;;;;;;;X,,,,,
quanguoxiuzheng_rujia_46;儒家46;;;;;;;;;;X,,,,,
quanguoxiuzheng_rujia_47;儒家47;;;;;;;;;;X,,,,,
quanguoxiuzheng_rujia_48;儒家48;;;;;;;;;;X,,,,,
quanguoxiuzheng_rujia_49;儒家49;;;;;;;;;;X,,,,,
quanguoxiuzheng_rujia_50;儒家50;;;;;;;;;;X,,,,,
quanguoxiuzheng_rujia_51;儒家51;;;;;;;;;;X,,,,,
quanguoxiuzheng_rujia_52;儒家52;;;;;;;;;;X,,,,,
quanguoxiuzheng_rujia_53;儒家53;;;;;;;;;;X,,,,,
quanguoxiuzheng_rujia_54;儒家54;;;;;;;;;;X,,,,,
quanguoxiuzheng_rujia_55;儒家55;;;;;;;;;;X,,,,,
quanguoxiuzheng_rujia_56;儒家56;;;;;;;;;;X,,,,,
quanguoxiuzheng_rujia_57;儒家57;;;;;;;;;;X,,,,,
quanguoxiuzheng_rujia_58;儒家58;;;;;;;;;;X,,,,,
quanguoxiuzheng_rujia_59;儒家59;;;;;;;;;;X,,,,,
quanguoxiuzheng_rujia_60;儒家60;;;;;;;;;;X,,,,,
quanguoxiuzheng_rujia_61;儒家61;;;;;;;;;;X,,,,,
quanguoxiuzheng_rujia_62;儒家62;;;;;;;;;;X,,,,,
quanguoxiuzheng_rujia_63;儒家63;;;;;;;;;;X,,,,,
quanguoxiuzheng_rujia_64;儒家64;;;;;;;;;;X,,,,,
quanguoxiuzheng_rujia_65;儒家65;;;;;;;;;;X,,,,,
quanguoxiuzheng_rujia_66;儒家66;;;;;;;;;;X,,,,,
quanguoxiuzheng_rujia_67;儒家67;;;;;;;;;;X,,,,,
quanguoxiuzheng_rujia_68;儒家68;;;;;;;;;;X,,,,,
quanguoxiuzheng_rujia_69;儒家69;;;;;;;;;;X,,,,,
quanguoxiuzheng_rujia_70;儒家70;;;;;;;;;;X,,,,,
quanguoxiuzheng_rujia_71;儒家71;;;;;;;;;;X,,,,,
quanguoxiuzheng_rujia_72;儒家72;;;;;;;;;;X,,,,,
quanguoxiuzheng_rujia_73;儒家73;;;;;;;;;;X,,,,,
quanguoxiuzheng_rujia_74;儒家74;;;;;;;;;;X,,,,,
quanguoxiuzheng_rujia_75;儒家75;;;;;;;;;;X,,,,,
quanguoxiuzheng_rujia_76;儒家76;;;;;;;;;;X,,,,,
quanguoxiuzheng_rujia_77;儒家77;;;;;;;;;;X,,,,,
quanguoxiuzheng_rujia_78;儒家78;;;;;;;;;;X,,,,,
quanguoxiuzheng_rujia_79;儒家79;;;;;;;;;;X,,,,,
quanguoxiuzheng_rujia_80;儒家80;;;;;;;;;;X,,,,,
quanguoxiuzheng_rujia_81;儒家81;;;;;;;;;;X,,,,,
quanguoxiuzheng_rujia_82;儒家82;;;;;;;;;;X,,,,,
quanguoxiuzheng_rujia_83;儒家83;;;;;;;;;;X,,,,,
quanguoxiuzheng_rujia_84;儒家84;;;;;;;;;;X,,,,,
quanguoxiuzheng_rujia_85;儒家85;;;;;;;;;;X,,,,,
quanguoxiuzheng_rujia_86;儒家86;;;;;;;;;;X,,,,,
quanguoxiuzheng_rujia_87;儒家87;;;;;;;;;;X,,,,,
quanguoxiuzheng_rujia_88;儒家88;;;;;;;;;;X,,,,,
quanguoxiuzheng_rujia_89;儒家89;;;;;;;;;;X,,,,,
quanguoxiuzheng_rujia_90;儒家90;;;;;;;;;;X,,,,,
quanguoxiuzheng_rujia_91;儒家91;;;;;;;;;;X,,,,,
quanguoxiuzheng_rujia_92;儒家92;;;;;;;;;;X,,,,,
quanguoxiuzheng_rujia_93;儒家93;;;;;;;;;;X,,,,,
quanguoxiuzheng_rujia_94;儒家94;;;;;;;;;;X,,,,,
quanguoxiuzheng_rujia_95;儒家95;;;;;;;;;;X,,,,,
quanguoxiuzheng_rujia_96;儒家96;;;;;;;;;;X,,,,,
quanguoxiuzheng_rujia_97;儒家97;;;;;;;;;;X,,,,,
quanguoxiuzheng_rujia_98;儒家98;;;;;;;;;;X,,,,,
quanguoxiuzheng_rujia_99;儒家99;;;;;;;;;;X,,,,,
quanguoxiuzheng_rujia_100;儒家100;;;;;;;;;;X,,,,,
quanguoxiuzheng_fajia_1;法家1;;;;;;;;;;X,,,,,
quanguoxiuzheng_fajia_2;法家2;;;;;;;;;;X,,,,,
quanguoxiuzheng_fajia_3;法家3;;;;;;;;;;X,,,,,
quanguoxiuzheng_fajia_4;法家4;;;;;;;;;;X,,,,,
quanguoxiuzheng_fajia_5;法家5;;;;;;;;;;X,,,,,
quanguoxiuzheng_fajia_6;法家6;;;;;;;;;;X,,,,,
quanguoxiuzheng_fajia_7;法家7;;;;;;;;;;X,,,,,
quanguoxiuzheng_fajia_8;法家8;;;;;;;;;;X,,,,,
quanguoxiuzheng_fajia_9;法家9;;;;;;;;;;X,,,,,
quanguoxiuzheng_fajia_10;法家10;;;;;;;;;;X,,,,,
quanguoxiuzheng_fajia_11;法家11;;;;;;;;;;X,,,,,
quanguoxiuzheng_fajia_12;法家12;;;;;;;;;;X,,,,,
quanguoxiuzheng_fajia_13;法家13;;;;;;;;;;X,,,,,
quanguoxiuzheng_fajia_14;法家14;;;;;;;;;;X,,,,,
quanguoxiuzheng_fajia_15;法家15;;;;;;;;;;X,,,,,
quanguoxiuzheng_fajia_16;法家16;;;;;;;;;;X,,,,,
quanguoxiuzheng_fajia_17;法家17;;;;;;;;;;X,,,,,
quanguoxiuzheng_fajia_18;法家18;;;;;;;;;;X,,,,,
quanguoxiuzheng_fajia_19;法家19;;;;;;;;;;X,,,,,
quanguoxiuzheng_fajia_20;法家20;;;;;;;;;;X,,,,,
quanguoxiuzheng_fajia_21;法家21;;;;;;;;;;X,,,,,
quanguoxiuzheng_fajia_22;法家22;;;;;;;;;;X,,,,,
quanguoxiuzheng_fajia_23;法家23;;;;;;;;;;X,,,,,
quanguoxiuzheng_fajia_24;法家24;;;;;;;;;;X,,,,,
quanguoxiuzheng_fajia_25;法家25;;;;;;;;;;X,,,,,
quanguoxiuzheng_fajia_26;法家26;;;;;;;;;;X,,,,,
quanguoxiuzheng_fajia_27;法家27;;;;;;;;;;X,,,,,
quanguoxiuzheng_fajia_28;法家28;;;;;;;;;;X,,,,,
quanguoxiuzheng_fajia_29;法家29;;;;;;;;;;X,,,,,
quanguoxiuzheng_fajia_30;法家30;;;;;;;;;;X,,,,,
quanguoxiuzheng_fajia_31;法家31;;;;;;;;;;X,,,,,
quanguoxiuzheng_fajia_32;法家32;;;;;;;;;;X,,,,,
quanguoxiuzheng_fajia_33;法家33;;;;;;;;;;X,,,,,
quanguoxiuzheng_fajia_34;法家34;;;;;;;;;;X,,,,,
quanguoxiuzheng_fajia_35;法家35;;;;;;;;;;X,,,,,
quanguoxiuzheng_fajia_36;法家36;;;;;;;;;;X,,,,,
quanguoxiuzheng_fajia_37;法家37;;;;;;;;;;X,,,,,
quanguoxiuzheng_fajia_38;法家38;;;;;;;;;;X,,,,,
quanguoxiuzheng_fajia_39;法家39;;;;;;;;;;X,,,,,
quanguoxiuzheng_fajia_40;法家40;;;;;;;;;;X,,,,,
quanguoxiuzheng_fajia_41;法家41;;;;;;;;;;X,,,,,
quanguoxiuzheng_fajia_42;法家42;;;;;;;;;;X,,,,,
quanguoxiuzheng_fajia_43;法家43;;;;;;;;;;X,,,,,
quanguoxiuzheng_fajia_44;法家44;;;;;;;;;;X,,,,,
quanguoxiuzheng_fajia_45;法家45;;;;;;;;;;X,,,,,
quanguoxiuzheng_fajia_46;法家46;;;;;;;;;;X,,,,,
quanguoxiuzheng_fajia_47;法家47;;;;;;;;;;X,,,,,
quanguoxiuzheng_fajia_48;法家48;;;;;;;;;;X,,,,,
quanguoxiuzheng_fajia_49;法家49;;;;;;;;;;X,,,,,
quanguoxiuzheng_fajia_50;法家50;;;;;;;;;;X,,,,,
quanguoxiuzheng_fajia_51;法家51;;;;;;;;;;X,,,,,
quanguoxiuzheng_fajia_52;法家52;;;;;;;;;;X,,,,,
quanguoxiuzheng_fajia_53;法家53;;;;;;;;;;X,,,,,
quanguoxiuzheng_fajia_54;法家54;;;;;;;;;;X,,,,,
quanguoxiuzheng_fajia_55;法家55;;;;;;;;;;X,,,,,
quanguoxiuzheng_fajia_56;法家56;;;;;;;;;;X,,,,,
quanguoxiuzheng_fajia_57;法家57;;;;;;;;;;X,,,,,
quanguoxiuzheng_fajia_58;法家58;;;;;;;;;;X,,,,,
quanguoxiuzheng_fajia_59;法家59;;;;;;;;;;X,,,,,
quanguoxiuzheng_fajia_60;法家60;;;;;;;;;;X,,,,,
quanguoxiuzheng_fajia_61;法家61;;;;;;;;;;X,,,,,
quanguoxiuzheng_fajia_62;法家62;;;;;;;;;;X,,,,,
quanguoxiuzheng_fajia_63;法家63;;;;;;;;;;X,,,,,
quanguoxiuzheng_fajia_64;法家64;;;;;;;;;;X,,,,,
quanguoxiuzheng_fajia_65;法家65;;;;;;;;;;X,,,,,
quanguoxiuzheng_fajia_66;法家66;;;;;;;;;;X,,,,,
quanguoxiuzheng_fajia_67;法家67;;;;;;;;;;X,,,,,
quanguoxiuzheng_fajia_68;法家68;;;;;;;;;;X,,,,,
quanguoxiuzheng_fajia_69;法家69;;;;;;;;;;X,,,,,
quanguoxiuzheng_fajia_70;法家70;;;;;;;;;;X,,,,,
quanguoxiuzheng_fajia_71;法家71;;;;;;;;;;X,,,,,
quanguoxiuzheng_fajia_72;法家72;;;;;;;;;;X,,,,,
quanguoxiuzheng_fajia_73;法家73;;;;;;;;;;X,,,,,
quanguoxiuzheng_fajia_74;法家74;;;;;;;;;;X,,,,,
quanguoxiuzheng_fajia_75;法家75;;;;;;;;;;X,,,,,
quanguoxiuzheng_fajia_76;法家76;;;;;;;;;;X,,,,,
quanguoxiuzheng_fajia_77;法家77;;;;;;;;;;X,,,,,
quanguoxiuzheng_fajia_78;法家78;;;;;;;;;;X,,,,,
quanguoxiuzheng_fajia_79;法家79;;;;;;;;;;X,,,,,
quanguoxiuzheng_fajia_80;法家80;;;;;;;;;;X,,,,,
quanguoxiuzheng_fajia_81;法家81;;;;;;;;;;X,,,,,
quanguoxiuzheng_fajia_82;法家82;;;;;;;;;;X,,,,,
quanguoxiuzheng_fajia_83;法家83;;;;;;;;;;X,,,,,
quanguoxiuzheng_fajia_84;法家84;;;;;;;;;;X,,,,,
quanguoxiuzheng_fajia_85;法家85;;;;;;;;;;X,,,,,
quanguoxiuzheng_fajia_86;法家86;;;;;;;;;;X,,,,,
quanguoxiuzheng_fajia_87;法家87;;;;;;;;;;X,,,,,
quanguoxiuzheng_fajia_88;法家88;;;;;;;;;;X,,,,,
quanguoxiuzheng_fajia_89;法家89;;;;;;;;;;X,,,,,
quanguoxiuzheng_fajia_90;法家90;;;;;;;;;;X,,,,,
quanguoxiuzheng_fajia_91;法家91;;;;;;;;;;X,,,,,
quanguoxiuzheng_fajia_92;法家92;;;;;;;;;;X,,,,,
quanguoxiuzheng_fajia_93;法家93;;;;;;;;;;X,,,,,
quanguoxiuzheng_fajia_94;法家94;;;;;;;;;;X,,,,,
quanguoxiuzheng_fajia_95;法家95;;;;;;;;;;X,,,,,
quanguoxiuzheng_fajia_96;法家96;;;;;;;;;;X,,,,,
quanguoxiuzheng_fajia_97;法家97;;;;;;;;;;X,,,,,
quanguoxiuzheng_fajia_98;法家98;;;;;;;;;;X,,,,,
quanguoxiuzheng_fajia_99;法家99;;;;;;;;;;X,,,,,
quanguoxiuzheng_fajia_100;法家100;;;;;;;;;;X,,,,,
quanguoxiuzheng_mojia_1;墨家1;;;;;;;;;;X,,,,,
quanguoxiuzheng_mojia_2;墨家2;;;;;;;;;;X,,,,,
quanguoxiuzheng_mojia_3;墨家3;;;;;;;;;;X,,,,,
quanguoxiuzheng_mojia_4;墨家4;;;;;;;;;;X,,,,,
quanguoxiuzheng_mojia_5;墨家5;;;;;;;;;;X,,,,,
quanguoxiuzheng_mojia_6;墨家6;;;;;;;;;;X,,,,,
quanguoxiuzheng_mojia_7;墨家7;;;;;;;;;;X,,,,,
quanguoxiuzheng_mojia_8;墨家8;;;;;;;;;;X,,,,,
quanguoxiuzheng_mojia_9;墨家9;;;;;;;;;;X,,,,,
quanguoxiuzheng_mojia_10;墨家10;;;;;;;;;;X,,,,,
quanguoxiuzheng_mojia_11;墨家11;;;;;;;;;;X,,,,,
quanguoxiuzheng_mojia_12;墨家12;;;;;;;;;;X,,,,,
quanguoxiuzheng_mojia_13;墨家13;;;;;;;;;;X,,,,,
quanguoxiuzheng_mojia_14;墨家14;;;;;;;;;;X,,,,,
quanguoxiuzheng_mojia_15;墨家15;;;;;;;;;;X,,,,,
quanguoxiuzheng_mojia_16;墨家16;;;;;;;;;;X,,,,,
quanguoxiuzheng_mojia_17;墨家17;;;;;;;;;;X,,,,,
quanguoxiuzheng_mojia_18;墨家18;;;;;;;;;;X,,,,,
quanguoxiuzheng_mojia_19;墨家19;;;;;;;;;;X,,,,,
quanguoxiuzheng_mojia_20;墨家20;;;;;;;;;;X,,,,,
quanguoxiuzheng_mojia_21;墨家21;;;;;;;;;;X,,,,,
quanguoxiuzheng_mojia_22;墨家22;;;;;;;;;;X,,,,,
quanguoxiuzheng_mojia_23;墨家23;;;;;;;;;;X,,,,,
quanguoxiuzheng_mojia_24;墨家24;;;;;;;;;;X,,,,,
quanguoxiuzheng_mojia_25;墨家25;;;;;;;;;;X,,,,,
quanguoxiuzheng_mojia_26;墨家26;;;;;;;;;;X,,,,,
quanguoxiuzheng_mojia_27;墨家27;;;;;;;;;;X,,,,,
quanguoxiuzheng_mojia_28;墨家28;;;;;;;;;;X,,,,,
quanguoxiuzheng_mojia_29;墨家29;;;;;;;;;;X,,,,,
quanguoxiuzheng_mojia_30;墨家30;;;;;;;;;;X,,,,,
quanguoxiuzheng_mojia_31;墨家31;;;;;;;;;;X,,,,,
quanguoxiuzheng_mojia_32;墨家32;;;;;;;;;;X,,,,,
quanguoxiuzheng_mojia_33;墨家33;;;;;;;;;;X,,,,,
quanguoxiuzheng_mojia_34;墨家34;;;;;;;;;;X,,,,,
quanguoxiuzheng_mojia_35;墨家35;;;;;;;;;;X,,,,,
quanguoxiuzheng_mojia_36;墨家36;;;;;;;;;;X,,,,,
quanguoxiuzheng_mojia_37;墨家37;;;;;;;;;;X,,,,,
quanguoxiuzheng_mojia_38;墨家38;;;;;;;;;;X,,,,,
quanguoxiuzheng_mojia_39;墨家39;;;;;;;;;;X,,,,,
quanguoxiuzheng_mojia_40;墨家40;;;;;;;;;;X,,,,,
quanguoxiuzheng_mojia_41;墨家41;;;;;;;;;;X,,,,,
quanguoxiuzheng_mojia_42;墨家42;;;;;;;;;;X,,,,,
quanguoxiuzheng_mojia_43;墨家43;;;;;;;;;;X,,,,,
quanguoxiuzheng_mojia_44;墨家44;;;;;;;;;;X,,,,,
quanguoxiuzheng_mojia_45;墨家45;;;;;;;;;;X,,,,,
quanguoxiuzheng_mojia_46;墨家46;;;;;;;;;;X,,,,,
quanguoxiuzheng_mojia_47;墨家47;;;;;;;;;;X,,,,,
quanguoxiuzheng_mojia_48;墨家48;;;;;;;;;;X,,,,,
quanguoxiuzheng_mojia_49;墨家49;;;;;;;;;;X,,,,,
quanguoxiuzheng_mojia_50;墨家50;;;;;;;;;;X,,,,,
quanguoxiuzheng_mojia_51;墨家51;;;;;;;;;;X,,,,,
quanguoxiuzheng_mojia_52;墨家52;;;;;;;;;;X,,,,,
quanguoxiuzheng_mojia_53;墨家53;;;;;;;;;;X,,,,,
quanguoxiuzheng_mojia_54;墨家54;;;;;;;;;;X,,,,,
quanguoxiuzheng_mojia_55;墨家55;;;;;;;;;;X,,,,,
quanguoxiuzheng_mojia_56;墨家56;;;;;;;;;;X,,,,,
quanguoxiuzheng_mojia_57;墨家57;;;;;;;;;;X,,,,,
quanguoxiuzheng_mojia_58;墨家58;;;;;;;;;;X,,,,,
quanguoxiuzheng_mojia_59;墨家59;;;;;;;;;;X,,,,,
quanguoxiuzheng_mojia_60;墨家60;;;;;;;;;;X,,,,,
quanguoxiuzheng_mojia_61;墨家61;;;;;;;;;;X,,,,,
quanguoxiuzheng_mojia_62;墨家62;;;;;;;;;;X,,,,,
quanguoxiuzheng_mojia_63;墨家63;;;;;;;;;;X,,,,,
quanguoxiuzheng_mojia_64;墨家64;;;;;;;;;;X,,,,,
quanguoxiuzheng_mojia_65;墨家65;;;;;;;;;;X,,,,,
quanguoxiuzheng_mojia_66;墨家66;;;;;;;;;;X,,,,,
quanguoxiuzheng_mojia_67;墨家67;;;;;;;;;;X,,,,,
quanguoxiuzheng_mojia_68;墨家68;;;;;;;;;;X,,,,,
quanguoxiuzheng_mojia_69;墨家69;;;;;;;;;;X,,,,,
quanguoxiuzheng_mojia_70;墨家70;;;;;;;;;;X,,,,,
quanguoxiuzheng_mojia_71;墨家71;;;;;;;;;;X,,,,,
quanguoxiuzheng_mojia_72;墨家72;;;;;;;;;;X,,,,,
quanguoxiuzheng_mojia_73;墨家73;;;;;;;;;;X,,,,,
quanguoxiuzheng_mojia_74;墨家74;;;;;;;;;;X,,,,,
quanguoxiuzheng_mojia_75;墨家75;;;;;;;;;;X,,,,,
quanguoxiuzheng_mojia_76;墨家76;;;;;;;;;;X,,,,,
quanguoxiuzheng_mojia_77;墨家77;;;;;;;;;;X,,,,,
quanguoxiuzheng_mojia_78;墨家78;;;;;;;;;;X,,,,,
quanguoxiuzheng_mojia_79;墨家79;;;;;;;;;;X,,,,,
quanguoxiuzheng_mojia_80;墨家80;;;;;;;;;;X,,,,,
quanguoxiuzheng_mojia_81;墨家81;;;;;;;;;;X,,,,,
quanguoxiuzheng_mojia_82;墨家82;;;;;;;;;;X,,,,,
quanguoxiuzheng_mojia_83;墨家83;;;;;;;;;;X,,,,,
quanguoxiuzheng_mojia_84;墨家84;;;;;;;;;;X,,,,,
quanguoxiuzheng_mojia_85;墨家85;;;;;;;;;;X,,,,,
quanguoxiuzheng_mojia_86;墨家86;;;;;;;;;;X,,,,,
quanguoxiuzheng_mojia_87;墨家87;;;;;;;;;;X,,,,,
quanguoxiuzheng_mojia_88;墨家88;;;;;;;;;;X,,,,,
quanguoxiuzheng_mojia_89;墨家89;;;;;;;;;;X,,,,,
quanguoxiuzheng_mojia_90;墨家90;;;;;;;;;;X,,,,,
quanguoxiuzheng_mojia_91;墨家91;;;;;;;;;;X,,,,,
quanguoxiuzheng_mojia_92;墨家92;;;;;;;;;;X,,,,,
quanguoxiuzheng_mojia_93;墨家93;;;;;;;;;;X,,,,,
quanguoxiuzheng_mojia_94;墨家94;;;;;;;;;;X,,,,,
quanguoxiuzheng_mojia_95;墨家95;;;;;;;;;;X,,,,,
quanguoxiuzheng_mojia_96;墨家96;;;;;;;;;;X,,,,,
quanguoxiuzheng_mojia_97;墨家97;;;;;;;;;;X,,,,,
quanguoxiuzheng_mojia_98;墨家98;;;;;;;;;;X,,,,,
quanguoxiuzheng_mojia_99;墨家99;;;;;;;;;;X,,,,,
quanguoxiuzheng_mojia_100;墨家100;;;;;;;;;;X,,,,,
quanguoxiuzheng_animism_1;鬼神崇拜1;;;;;;;;;;X,,,,,
quanguoxiuzheng_animism_2;鬼神崇拜2;;;;;;;;;;X,,,,,
quanguoxiuzheng_animism_3;鬼神崇拜3;;;;;;;;;;X,,,,,
quanguoxiuzheng_animism_4;鬼神崇拜4;;;;;;;;;;X,,,,,
quanguoxiuzheng_animism_5;鬼神崇拜5;;;;;;;;;;X,,,,,
quanguoxiuzheng_animism_6;鬼神崇拜6;;;;;;;;;;X,,,,,
quanguoxiuzheng_animism_7;鬼神崇拜7;;;;;;;;;;X,,,,,
quanguoxiuzheng_animism_8;鬼神崇拜8;;;;;;;;;;X,,,,,
quanguoxiuzheng_animism_9;鬼神崇拜9;;;;;;;;;;X,,,,,
quanguoxiuzheng_animism_10;鬼神崇拜10;;;;;;;;;;X,,,,,
quanguoxiuzheng_animism_11;鬼神崇拜11;;;;;;;;;;X,,,,,
quanguoxiuzheng_animism_12;鬼神崇拜12;;;;;;;;;;X,,,,,
quanguoxiuzheng_animism_13;鬼神崇拜13;;;;;;;;;;X,,,,,
quanguoxiuzheng_animism_14;鬼神崇拜14;;;;;;;;;;X,,,,,
quanguoxiuzheng_animism_15;鬼神崇拜15;;;;;;;;;;X,,,,,
quanguoxiuzheng_animism_16;鬼神崇拜16;;;;;;;;;;X,,,,,
quanguoxiuzheng_animism_17;鬼神崇拜17;;;;;;;;;;X,,,,,
quanguoxiuzheng_animism_18;鬼神崇拜18;;;;;;;;;;X,,,,,
quanguoxiuzheng_animism_19;鬼神崇拜19;;;;;;;;;;X,,,,,
quanguoxiuzheng_animism_20;鬼神崇拜20;;;;;;;;;;X,,,,,
quanguoxiuzheng_animism_21;鬼神崇拜21;;;;;;;;;;X,,,,,
quanguoxiuzheng_animism_22;鬼神崇拜22;;;;;;;;;;X,,,,,
quanguoxiuzheng_animism_23;鬼神崇拜23;;;;;;;;;;X,,,,,
quanguoxiuzheng_animism_24;鬼神崇拜24;;;;;;;;;;X,,,,,
quanguoxiuzheng_animism_25;鬼神崇拜25;;;;;;;;;;X,,,,,
quanguoxiuzheng_animism_26;鬼神崇拜26;;;;;;;;;;X,,,,,
quanguoxiuzheng_animism_27;鬼神崇拜27;;;;;;;;;;X,,,,,
quanguoxiuzheng_animism_28;鬼神崇拜28;;;;;;;;;;X,,,,,
quanguoxiuzheng_animism_29;鬼神崇拜29;;;;;;;;;;X,,,,,
quanguoxiuzheng_animism_30;鬼神崇拜30;;;;;;;;;;X,,,,,
quanguoxiuzheng_animism_31;鬼神崇拜31;;;;;;;;;;X,,,,,
quanguoxiuzheng_animism_32;鬼神崇拜32;;;;;;;;;;X,,,,,
quanguoxiuzheng_animism_33;鬼神崇拜33;;;;;;;;;;X,,,,,
quanguoxiuzheng_animism_34;鬼神崇拜34;;;;;;;;;;X,,,,,
quanguoxiuzheng_animism_35;鬼神崇拜35;;;;;;;;;;X,,,,,
quanguoxiuzheng_animism_36;鬼神崇拜36;;;;;;;;;;X,,,,,
quanguoxiuzheng_animism_37;鬼神崇拜37;;;;;;;;;;X,,,,,
quanguoxiuzheng_animism_38;鬼神崇拜38;;;;;;;;;;X,,,,,
quanguoxiuzheng_animism_39;鬼神崇拜39;;;;;;;;;;X,,,,,
quanguoxiuzheng_animism_40;鬼神崇拜40;;;;;;;;;;X,,,,,
quanguoxiuzheng_animism_41;鬼神崇拜41;;;;;;;;;;X,,,,,
quanguoxiuzheng_animism_42;鬼神崇拜42;;;;;;;;;;X,,,,,
quanguoxiuzheng_animism_43;鬼神崇拜43;;;;;;;;;;X,,,,,
quanguoxiuzheng_animism_44;鬼神崇拜44;;;;;;;;;;X,,,,,
quanguoxiuzheng_animism_45;鬼神崇拜45;;;;;;;;;;X,,,,,
quanguoxiuzheng_animism_46;鬼神崇拜46;;;;;;;;;;X,,,,,
quanguoxiuzheng_animism_47;鬼神崇拜47;;;;;;;;;;X,,,,,
quanguoxiuzheng_animism_48;鬼神崇拜48;;;;;;;;;;X,,,,,
quanguoxiuzheng_animism_49;鬼神崇拜49;;;;;;;;;;X,,,,,
quanguoxiuzheng_animism_50;鬼神崇拜50;;;;;;;;;;X,,,,,
quanguoxiuzheng_animism_51;鬼神崇拜51;;;;;;;;;;X,,,,,
quanguoxiuzheng_animism_52;鬼神崇拜52;;;;;;;;;;X,,,,,
quanguoxiuzheng_animism_53;鬼神崇拜53;;;;;;;;;;X,,,,,
quanguoxiuzheng_animism_54;鬼神崇拜54;;;;;;;;;;X,,,,,
quanguoxiuzheng_animism_55;鬼神崇拜55;;;;;;;;;;X,,,,,
quanguoxiuzheng_animism_56;鬼神崇拜56;;;;;;;;;;X,,,,,
quanguoxiuzheng_animism_57;鬼神崇拜57;;;;;;;;;;X,,,,,
quanguoxiuzheng_animism_58;鬼神崇拜58;;;;;;;;;;X,,,,,
quanguoxiuzheng_animism_59;鬼神崇拜59;;;;;;;;;;X,,,,,
quanguoxiuzheng_animism_60;鬼神崇拜60;;;;;;;;;;X,,,,,
quanguoxiuzheng_animism_61;鬼神崇拜61;;;;;;;;;;X,,,,,
quanguoxiuzheng_animism_62;鬼神崇拜62;;;;;;;;;;X,,,,,
quanguoxiuzheng_animism_63;鬼神崇拜63;;;;;;;;;;X,,,,,
quanguoxiuzheng_animism_64;鬼神崇拜64;;;;;;;;;;X,,,,,
quanguoxiuzheng_animism_65;鬼神崇拜65;;;;;;;;;;X,,,,,
quanguoxiuzheng_animism_66;鬼神崇拜66;;;;;;;;;;X,,,,,
quanguoxiuzheng_animism_67;鬼神崇拜67;;;;;;;;;;X,,,,,
quanguoxiuzheng_animism_68;鬼神崇拜68;;;;;;;;;;X,,,,,
quanguoxiuzheng_animism_69;鬼神崇拜69;;;;;;;;;;X,,,,,
quanguoxiuzheng_animism_70;鬼神崇拜70;;;;;;;;;;X,,,,,
quanguoxiuzheng_animism_71;鬼神崇拜71;;;;;;;;;;X,,,,,
quanguoxiuzheng_animism_72;鬼神崇拜72;;;;;;;;;;X,,,,,
quanguoxiuzheng_animism_73;鬼神崇拜73;;;;;;;;;;X,,,,,
quanguoxiuzheng_animism_74;鬼神崇拜74;;;;;;;;;;X,,,,,
quanguoxiuzheng_animism_75;鬼神崇拜75;;;;;;;;;;X,,,,,
quanguoxiuzheng_animism_76;鬼神崇拜76;;;;;;;;;;X,,,,,
quanguoxiuzheng_animism_77;鬼神崇拜77;;;;;;;;;;X,,,,,
quanguoxiuzheng_animism_78;鬼神崇拜78;;;;;;;;;;X,,,,,
quanguoxiuzheng_animism_79;鬼神崇拜79;;;;;;;;;;X,,,,,
quanguoxiuzheng_animism_80;鬼神崇拜80;;;;;;;;;;X,,,,,
quanguoxiuzheng_animism_81;鬼神崇拜81;;;;;;;;;;X,,,,,
quanguoxiuzheng_animism_82;鬼神崇拜82;;;;;;;;;;X,,,,,
quanguoxiuzheng_animism_83;鬼神崇拜83;;;;;;;;;;X,,,,,
quanguoxiuzheng_animism_84;鬼神崇拜84;;;;;;;;;;X,,,,,
quanguoxiuzheng_animism_85;鬼神崇拜85;;;;;;;;;;X,,,,,
quanguoxiuzheng_animism_86;鬼神崇拜86;;;;;;;;;;X,,,,,
quanguoxiuzheng_animism_87;鬼神崇拜87;;;;;;;;;;X,,,,,
quanguoxiuzheng_animism_88;鬼神崇拜88;;;;;;;;;;X,,,,,
quanguoxiuzheng_animism_89;鬼神崇拜89;;;;;;;;;;X,,,,,
quanguoxiuzheng_animism_90;鬼神崇拜90;;;;;;;;;;X,,,,,
quanguoxiuzheng_animism_91;鬼神崇拜91;;;;;;;;;;X,,,,,
quanguoxiuzheng_animism_92;鬼神崇拜92;;;;;;;;;;X,,,,,
quanguoxiuzheng_animism_93;鬼神崇拜93;;;;;;;;;;X,,,,,
quanguoxiuzheng_animism_94;鬼神崇拜94;;;;;;;;;;X,,,,,
quanguoxiuzheng_animism_95;鬼神崇拜95;;;;;;;;;;X,,,,,
quanguoxiuzheng_animism_96;鬼神崇拜96;;;;;;;;;;X,,,,,
quanguoxiuzheng_animism_97;鬼神崇拜97;;;;;;;;;;X,,,,,
quanguoxiuzheng_animism_98;鬼神崇拜98;;;;;;;;;;X,,,,,
quanguoxiuzheng_animism_99;鬼神崇拜99;;;;;;;;;;X,,,,,
quanguoxiuzheng_animism_100;鬼神崇拜100;;;;;;;;;;X,,,,,
quanguoxiuzheng_shengfen_1;省份1;;;;;;;;;;X,,,,,
quanguoxiuzheng_shengfen_2;省份2;;;;;;;;;;X,,,,,
quanguoxiuzheng_shengfen_3;省份3;;;;;;;;;;X,,,,,
quanguoxiuzheng_shengfen_4;省份4;;;;;;;;;;X,,,,,
quanguoxiuzheng_shengfen_5;省份5;;;;;;;;;;X,,,,,
quanguoxiuzheng_shengfen_6;省份6;;;;;;;;;;X,,,,,
quanguoxiuzheng_shengfen_7;省份7;;;;;;;;;;X,,,,,
quanguoxiuzheng_shengfen_8;省份8;;;;;;;;;;X,,,,,
quanguoxiuzheng_shengfen_9;省份9;;;;;;;;;;X,,,,,
quanguoxiuzheng_shengfen_10;省份10;;;;;;;;;;X,,,,,
quanguoxiuzheng_shengfen_11;省份11;;;;;;;;;;X,,,,,
quanguoxiuzheng_shengfen_12;省份12;;;;;;;;;;X,,,,,
quanguoxiuzheng_shengfen_13;省份13;;;;;;;;;;X,,,,,
quanguoxiuzheng_shengfen_14;省份14;;;;;;;;;;X,,,,,
quanguoxiuzheng_shengfen_15;省份15;;;;;;;;;;X,,,,,
quanguoxiuzheng_shengfen_16;省份16;;;;;;;;;;X,,,,,
quanguoxiuzheng_shengfen_17;省份17;;;;;;;;;;X,,,,,
quanguoxiuzheng_shengfen_18;省份18;;;;;;;;;;X,,,,,
quanguoxiuzheng_shengfen_19;省份19;;;;;;;;;;X,,,,,
quanguoxiuzheng_shengfen_20;省份20;;;;;;;;;;X,,,,,
quanguoxiuzheng_shengfen_21;省份21;;;;;;;;;;X,,,,,
quanguoxiuzheng_shengfen_22;省份22;;;;;;;;;;X,,,,,
quanguoxiuzheng_shengfen_23;省份23;;;;;;;;;;X,,,,,
quanguoxiuzheng_shengfen_24;省份24;;;;;;;;;;X,,,,,
quanguoxiuzheng_shengfen_25;省份25;;;;;;;;;;X,,,,,
quanguoxiuzheng_shengfen_26;省份26;;;;;;;;;;X,,,,,
quanguoxiuzheng_shengfen_27;省份27;;;;;;;;;;X,,,,,
quanguoxiuzheng_shengfen_28;省份28;;;;;;;;;;X,,,,,
quanguoxiuzheng_shengfen_29;省份29;;;;;;;;;;X,,,,,
quanguoxiuzheng_shengfen_30;省份30;;;;;;;;;;X,,,,,
quanguoxiuzheng_shengfen_31;省份31;;;;;;;;;;X,,,,,
quanguoxiuzheng_shengfen_32;省份32;;;;;;;;;;X,,,,,
quanguoxiuzheng_shengfen_33;省份33;;;;;;;;;;X,,,,,
quanguoxiuzheng_shengfen_34;省份34;;;;;;;;;;X,,,,,
quanguoxiuzheng_shengfen_35;省份35;;;;;;;;;;X,,,,,
quanguoxiuzheng_shengfen_36;省份36;;;;;;;;;;X,,,,,
quanguoxiuzheng_shengfen_37;省份37;;;;;;;;;;X,,,,,
quanguoxiuzheng_shengfen_38;省份38;;;;;;;;;;X,,,,,
quanguoxiuzheng_shengfen_39;省份39;;;;;;;;;;X,,,,,
quanguoxiuzheng_shengfen_40;省份40;;;;;;;;;;X,,,,,
quanguoxiuzheng_shengfen_41;省份41;;;;;;;;;;X,,,,,
quanguoxiuzheng_shengfen_42;省份42;;;;;;;;;;X,,,,,
quanguoxiuzheng_shengfen_43;省份43;;;;;;;;;;X,,,,,
quanguoxiuzheng_shengfen_44;省份44;;;;;;;;;;X,,,,,
quanguoxiuzheng_shengfen_45;省份45;;;;;;;;;;X,,,,,
quanguoxiuzheng_shengfen_46;省份46;;;;;;;;;;X,,,,,
quanguoxiuzheng_shengfen_47;省份47;;;;;;;;;;X,,,,,
quanguoxiuzheng_shengfen_48;省份48;;;;;;;;;;X,,,,,
quanguoxiuzheng_shengfen_49;省份49;;;;;;;;;;X,,,,,
quanguoxiuzheng_shengfen_50;省份50;;;;;;;;;;X,,,,,
quanguoxiuzheng_shengfen_51;省份51;;;;;;;;;;X,,,,,
quanguoxiuzheng_shengfen_52;省份52;;;;;;;;;;X,,,,,
quanguoxiuzheng_shengfen_53;省份53;;;;;;;;;;X,,,,,
quanguoxiuzheng_shengfen_54;省份54;;;;;;;;;;X,,,,,
quanguoxiuzheng_shengfen_55;省份55;;;;;;;;;;X,,,,,
quanguoxiuzheng_shengfen_56;省份56;;;;;;;;;;X,,,,,
quanguoxiuzheng_shengfen_57;省份57;;;;;;;;;;X,,,,,
quanguoxiuzheng_shengfen_58;省份58;;;;;;;;;;X,,,,,
quanguoxiuzheng_shengfen_59;省份59;;;;;;;;;;X,,,,,
quanguoxiuzheng_shengfen_60;省份60;;;;;;;;;;X,,,,,
quanguoxiuzheng_shengfen_61;省份61;;;;;;;;;;X,,,,,
quanguoxiuzheng_shengfen_62;省份62;;;;;;;;;;X,,,,,
quanguoxiuzheng_shengfen_63;省份63;;;;;;;;;;X,,,,,
quanguoxiuzheng_shengfen_64;省份64;;;;;;;;;;X,,,,,
quanguoxiuzheng_shengfen_65;省份65;;;;;;;;;;X,,,,,
quanguoxiuzheng_shengfen_66;省份66;;;;;;;;;;X,,,,,
quanguoxiuzheng_shengfen_67;省份67;;;;;;;;;;X,,,,,
quanguoxiuzheng_shengfen_68;省份68;;;;;;;;;;X,,,,,
quanguoxiuzheng_shengfen_69;省份69;;;;;;;;;;X,,,,,
quanguoxiuzheng_shengfen_70;省份70;;;;;;;;;;X,,,,,
quanguoxiuzheng_shengfen_71;省份71;;;;;;;;;;X,,,,,
quanguoxiuzheng_shengfen_72;省份72;;;;;;;;;;X,,,,,
quanguoxiuzheng_shengfen_73;省份73;;;;;;;;;;X,,,,,
quanguoxiuzheng_shengfen_74;省份74;;;;;;;;;;X,,,,,
quanguoxiuzheng_shengfen_75;省份75;;;;;;;;;;X,,,,,
quanguoxiuzheng_shengfen_76;省份76;;;;;;;;;;X,,,,,
quanguoxiuzheng_shengfen_77;省份77;;;;;;;;;;X,,,,,
quanguoxiuzheng_shengfen_78;省份78;;;;;;;;;;X,,,,,
quanguoxiuzheng_shengfen_79;省份79;;;;;;;;;;X,,,,,
quanguoxiuzheng_shengfen_80;省份80;;;;;;;;;;X,,,,,
quanguoxiuzheng_shengfen_81;省份81;;;;;;;;;;X,,,,,
quanguoxiuzheng_shengfen_82;省份82;;;;;;;;;;X,,,,,
quanguoxiuzheng_shengfen_83;省份83;;;;;;;;;;X,,,,,
quanguoxiuzheng_shengfen_84;省份84;;;;;;;;;;X,,,,,
quanguoxiuzheng_shengfen_85;省份85;;;;;;;;;;X,,,,,
quanguoxiuzheng_shengfen_86;省份86;;;;;;;;;;X,,,,,
quanguoxiuzheng_shengfen_87;省份87;;;;;;;;;;X,,,,,
quanguoxiuzheng_shengfen_88;省份88;;;;;;;;;;X,,,,,
quanguoxiuzheng_shengfen_89;省份89;;;;;;;;;;X,,,,,
quanguoxiuzheng_shengfen_90;省份90;;;;;;;;;;X,,,,,
quanguoxiuzheng_shengfen_91;省份91;;;;;;;;;;X,,,,,
quanguoxiuzheng_shengfen_92;省份92;;;;;;;;;;X,,,,,
quanguoxiuzheng_shengfen_93;省份93;;;;;;;;;;X,,,,,
quanguoxiuzheng_shengfen_94;省份94;;;;;;;;;;X,,,,,
quanguoxiuzheng_shengfen_95;省份95;;;;;;;;;;X,,,,,
quanguoxiuzheng_shengfen_96;省份96;;;;;;;;;;X,,,,,
quanguoxiuzheng_shengfen_97;省份97;;;;;;;;;;X,,,,,
quanguoxiuzheng_shengfen_98;省份98;;;;;;;;;;X,,,,,
quanguoxiuzheng_shengfen_99;省份99;;;;;;;;;;X,,,,,
quanguoxiuzheng_shengfen_100;省份100;;;;;;;;;;X,,,,,
quanguoxiuzheng_shengfen_101;省份101;;;;;;;;;;X,,,,,
quanguoxiuzheng_shengfen_102;省份102;;;;;;;;;;X,,,,,
quanguoxiuzheng_shengfen_103;省份103;;;;;;;;;;X,,,,,
quanguoxiuzheng_shengfen_104;省份104;;;;;;;;;;X,,,,,
quanguoxiuzheng_shengfen_105;省份105;;;;;;;;;;X,,,,,
quanguoxiuzheng_shengfen_106;省份106;;;;;;;;;;X,,,,,
quanguoxiuzheng_shengfen_107;省份107;;;;;;;;;;X,,,,,
quanguoxiuzheng_shengfen_108;省份108;;;;;;;;;;X,,,,,
quanguoxiuzheng_shengfen_109;省份109;;;;;;;;;;X,,,,,
quanguoxiuzheng_shengfen_110;省份110;;;;;;;;;;X,,,,,
quanguoxiuzheng_shengfen_111;省份111;;;;;;;;;;X,,,,,
quanguoxiuzheng_shengfen_112;省份112;;;;;;;;;;X,,,,,
quanguoxiuzheng_shengfen_113;省份113;;;;;;;;;;X,,,,,
quanguoxiuzheng_shengfen_114;省份114;;;;;;;;;;X,,,,,
quanguoxiuzheng_shengfen_115;省份115;;;;;;;;;;X,,,,,
quanguoxiuzheng_shengfen_116;省份116;;;;;;;;;;X,,,,,
quanguoxiuzheng_shengfen_117;省份117;;;;;;;;;;X,,,,,
quanguoxiuzheng_shengfen_118;省份118;;;;;;;;;;X,,,,,
quanguoxiuzheng_shengfen_119;省份119;;;;;;;;;;X,,,,,
quanguoxiuzheng_shengfen_120;省份120;;;;;;;;;;X,,,,,
quanguoxiuzheng_shengfen_121;省份121;;;;;;;;;;X,,,,,
quanguoxiuzheng_shengfen_122;省份122;;;;;;;;;;X,,,,,
quanguoxiuzheng_shengfen_123;省份123;;;;;;;;;;X,,,,,
quanguoxiuzheng_shengfen_124;省份124;;;;;;;;;;X,,,,,
quanguoxiuzheng_shengfen_125;省份125;;;;;;;;;;X,,,,,
quanguoxiuzheng_shengfen_126;省份126;;;;;;;;;;X,,,,,
quanguoxiuzheng_shengfen_127;省份127;;;;;;;;;;X,,,,,
quanguoxiuzheng_shengfen_128;省份128;;;;;;;;;;X,,,,,
quanguoxiuzheng_shengfen_129;省份129;;;;;;;;;;X,,,,,
quanguoxiuzheng_shengfen_130;省份130;;;;;;;;;;X,,,,,
quanguoxiuzheng_shengfen_131;省份131;;;;;;;;;;X,,,,,
quanguoxiuzheng_shengfen_132;省份132;;;;;;;;;;X,,,,,
quanguoxiuzheng_shengfen_133;省份133;;;;;;;;;;X,,,,,
quanguoxiuzheng_shengfen_134;省份134;;;;;;;;;;X,,,,,
quanguoxiuzheng_shengfen_135;省份135;;;;;;;;;;X,,,,,
quanguoxiuzheng_shengfen_136;省份136;;;;;;;;;;X,,,,,
quanguoxiuzheng_shengfen_137;省份137;;;;;;;;;;X,,,,,
quanguoxiuzheng_shengfen_138;省份138;;;;;;;;;;X,,,,,
quanguoxiuzheng_shengfen_139;省份139;;;;;;;;;;X,,,,,
quanguoxiuzheng_shengfen_140;省份140;;;;;;;;;;X,,,,,
quanguoxiuzheng_shengfen_141;省份141;;;;;;;;;;X,,,,,
quanguoxiuzheng_shengfen_142;省份142;;;;;;;;;;X,,,,,
quanguoxiuzheng_shengfen_143;省份143;;;;;;;;;;X,,,,,
quanguoxiuzheng_shengfen_144;省份144;;;;;;;;;;X,,,,,
quanguoxiuzheng_shengfen_145;省份145;;;;;;;;;;X,,,,,
quanguoxiuzheng_shengfen_146;省份146;;;;;;;;;;X,,,,,
quanguoxiuzheng_shengfen_147;省份147;;;;;;;;;;X,,,,,
quanguoxiuzheng_shengfen_148;省份148;;;;;;;;;;X,,,,,
quanguoxiuzheng_shengfen_149;省份149;;;;;;;;;;X,,,,,
quanguoxiuzheng_shengfen_150;省份150;;;;;;;;;;X,,,,,
quanguoxiuzheng_shengfen_151;省份151;;;;;;;;;;X,,,,,
quanguoxiuzheng_shengfen_152;省份152;;;;;;;;;;X,,,,,
quanguoxiuzheng_shengfen_153;省份153;;;;;;;;;;X,,,,,
quanguoxiuzheng_shengfen_154;省份154;;;;;;;;;;X,,,,,
quanguoxiuzheng_shengfen_155;省份155;;;;;;;;;;X,,,,,
quanguoxiuzheng_shengfen_156;省份156;;;;;;;;;;X,,,,,
quanguoxiuzheng_shengfen_157;省份157;;;;;;;;;;X,,,,,
quanguoxiuzheng_shengfen_158;省份158;;;;;;;;;;X,,,,,
quanguoxiuzheng_shengfen_159;省份159;;;;;;;;;;X,,,,,
quanguoxiuzheng_shengfen_160;省份160;;;;;;;;;;X,,,,,
quanguoxiuzheng_shengfen_161;省份161;;;;;;;;;;X,,,,,
quanguoxiuzheng_shengfen_162;省份162;;;;;;;;;;X,,,,,
quanguoxiuzheng_shengfen_163;省份163;;;;;;;;;;X,,,,,
quanguoxiuzheng_shengfen_164;省份164;;;;;;;;;;X,,,,,
quanguoxiuzheng_shengfen_165;省份165;;;;;;;;;;X,,,,,
quanguoxiuzheng_shengfen_166;省份166;;;;;;;;;;X,,,,,
quanguoxiuzheng_shengfen_167;省份167;;;;;;;;;;X,,,,,
quanguoxiuzheng_shengfen_168;省份168;;;;;;;;;;X,,,,,
quanguoxiuzheng_shengfen_169;省份169;;;;;;;;;;X,,,,,
quanguoxiuzheng_shengfen_170;省份170;;;;;;;;;;X,,,,,
quanguoxiuzheng_shengfen_171;省份171;;;;;;;;;;X,,,,,
quanguoxiuzheng_shengfen_172;省份172;;;;;;;;;;X,,,,,
quanguoxiuzheng_shengfen_173;省份173;;;;;;;;;;X,,,,,
quanguoxiuzheng_shengfen_174;省份174;;;;;;;;;;X,,,,,
quanguoxiuzheng_shengfen_175;省份175;;;;;;;;;;X,,,,,
quanguoxiuzheng_shengfen_176;省份176;;;;;;;;;;X,,,,,
quanguoxiuzheng_shengfen_177;省份177;;;;;;;;;;X,,,,,
quanguoxiuzheng_shengfen_178;省份178;;;;;;;;;;X,,,,,
quanguoxiuzheng_shengfen_179;省份179;;;;;;;;;;X,,,,,
quanguoxiuzheng_shengfen_180;省份180;;;;;;;;;;X,,,,,
quanguoxiuzheng_shengfen_181;省份181;;;;;;;;;;X,,,,,
quanguoxiuzheng_shengfen_182;省份182;;;;;;;;;;X,,,,,
quanguoxiuzheng_shengfen_183;省份183;;;;;;;;;;X,,,,,
quanguoxiuzheng_shengfen_184;省份184;;;;;;;;;;X,,,,,
quanguoxiuzheng_shengfen_185;省份185;;;;;;;;;;X,,,,,
quanguoxiuzheng_shengfen_186;省份186;;;;;;;;;;X,,,,,
quanguoxiuzheng_shengfen_187;省份187;;;;;;;;;;X,,,,,
quanguoxiuzheng_shengfen_188;省份188;;;;;;;;;;X,,,,,
quanguoxiuzheng_shengfen_189;省份189;;;;;;;;;;X,,,,,
quanguoxiuzheng_shengfen_190;省份190;;;;;;;;;;X,,,,,
quanguoxiuzheng_shengfen_191;省份191;;;;;;;;;;X,,,,,
quanguoxiuzheng_shengfen_192;省份192;;;;;;;;;;X,,,,,
quanguoxiuzheng_shengfen_193;省份193;;;;;;;;;;X,,,,,
quanguoxiuzheng_shengfen_194;省份194;;;;;;;;;;X,,,,,
quanguoxiuzheng_shengfen_195;省份195;;;;;;;;;;X,,,,,
quanguoxiuzheng_shengfen_196;省份196;;;;;;;;;;X,,,,,
quanguoxiuzheng_shengfen_197;省份197;;;;;;;;;;X,,,,,
quanguoxiuzheng_shengfen_198;省份198;;;;;;;;;;X,,,,,
quanguoxiuzheng_shengfen_199;省份199;;;;;;;;;;X,,,,,
quanguoxiuzheng_shengfen_200;省份200;;;;;;;;;;X,,,,,
quanguoxiuzheng_shengfen_201;省份201;;;;;;;;;;X,,,,,
quanguoxiuzheng_shengfen_202;省份202;;;;;;;;;;X,,,,,
quanguoxiuzheng_shengfen_203;省份203;;;;;;;;;;X,,,,,
quanguoxiuzheng_shengfen_204;省份204;;;;;;;;;;X,,,,,
quanguoxiuzheng_shengfen_205;省份205;;;;;;;;;;X,,,,,
quanguoxiuzheng_shengfen_206;省份206;;;;;;;;;;X,,,,,
quanguoxiuzheng_shengfen_207;省份207;;;;;;;;;;X,,,,,
quanguoxiuzheng_shengfen_208;省份208;;;;;;;;;;X,,,,,
quanguoxiuzheng_shengfen_209;省份209;;;;;;;;;;X,,,,,
quanguoxiuzheng_shengfen_210;省份210;;;;;;;;;;X,,,,,
quanguoxiuzheng_shengfen_211;省份211;;;;;;;;;;X,,,,,
quanguoxiuzheng_shengfen_212;省份212;;;;;;;;;;X,,,,,
quanguoxiuzheng_shengfen_213;省份213;;;;;;;;;;X,,,,,
quanguoxiuzheng_shengfen_214;省份214;;;;;;;;;;X,,,,,
quanguoxiuzheng_shengfen_215;省份215;;;;;;;;;;X,,,,,
quanguoxiuzheng_shengfen_216;省份216;;;;;;;;;;X,,,,,
quanguoxiuzheng_shengfen_217;省份217;;;;;;;;;;X,,,,,
quanguoxiuzheng_shengfen_218;省份218;;;;;;;;;;X,,,,,
quanguoxiuzheng_shengfen_219;省份219;;;;;;;;;;X,,,,,
quanguoxiuzheng_shengfen_220;省份220;;;;;;;;;;X,,,,,
quanguoxiuzheng_shengfen_221;省份221;;;;;;;;;;X,,,,,
quanguoxiuzheng_shengfen_222;省份222;;;;;;;;;;X,,,,,
quanguoxiuzheng_shengfen_223;省份223;;;;;;;;;;X,,,,,
quanguoxiuzheng_shengfen_224;省份224;;;;;;;;;;X,,,,,
quanguoxiuzheng_shengfen_225;省份225;;;;;;;;;;X,,,,,
quanguoxiuzheng_shengfen_226;省份226;;;;;;;;;;X,,,,,
quanguoxiuzheng_shengfen_227;省份227;;;;;;;;;;X,,,,,
quanguoxiuzheng_shengfen_228;省份228;;;;;;;;;;X,,,,,
quanguoxiuzheng_shengfen_229;省份229;;;;;;;;;;X,,,,,
quanguoxiuzheng_shengfen_230;省份230;;;;;;;;;;X,,,,,
quanguoxiuzheng_shengfen_231;省份231;;;;;;;;;;X,,,,,
quanguoxiuzheng_shengfen_232;省份232;;;;;;;;;;X,,,,,
quanguoxiuzheng_shengfen_233;省份233;;;;;;;;;;X,,,,,
quanguoxiuzheng_shengfen_234;省份234;;;;;;;;;;X,,,,,
quanguoxiuzheng_shengfen_235;省份235;;;;;;;;;;X,,,,,
quanguoxiuzheng_shengfen_236;省份236;;;;;;;;;;X,,,,,
quanguoxiuzheng_shengfen_237;省份237;;;;;;;;;;X,,,,,
quanguoxiuzheng_shengfen_238;省份238;;;;;;;;;;X,,,,,
quanguoxiuzheng_shengfen_239;省份239;;;;;;;;;;X,,,,,
quanguoxiuzheng_shengfen_240;省份240;;;;;;;;;;X,,,,,
quanguoxiuzheng_shengfen_241;省份241;;;;;;;;;;X,,,,,
quanguoxiuzheng_shengfen_242;省份242;;;;;;;;;;X,,,,,
quanguoxiuzheng_shengfen_243;省份243;;;;;;;;;;X,,,,,
quanguoxiuzheng_shengfen_244;省份244;;;;;;;;;;X,,,,,
quanguoxiuzheng_shengfen_245;省份245;;;;;;;;;;X,,,,,
quanguoxiuzheng_shengfen_246;省份246;;;;;;;;;;X,,,,,
quanguoxiuzheng_shengfen_247;省份247;;;;;;;;;;X,,,,,
quanguoxiuzheng_shengfen_248;省份248;;;;;;;;;;X,,,,,
quanguoxiuzheng_shengfen_249;省份249;;;;;;;;;;X,,,,,
quanguoxiuzheng_shengfen_250;省份250;;;;;;;;;;X,,,,,
quanguoxiuzheng_shengfen_251;省份251;;;;;;;;;;X,,,,,
quanguoxiuzheng_shengfen_252;省份252;;;;;;;;;;X,,,,,
quanguoxiuzheng_shengfen_253;省份253;;;;;;;;;;X,,,,,
quanguoxiuzheng_shengfen_254;省份254;;;;;;;;;;X,,,,,
quanguoxiuzheng_shengfen_255;省份255;;;;;;;;;;X,,,,,
quanguoxiuzheng_shengfen_256;省份256;;;;;;;;;;X,,,,,
quanguoxiuzheng_shengfen_257;省份257;;;;;;;;;;X,,,,,
quanguoxiuzheng_shengfen_258;省份258;;;;;;;;;;X,,,,,
quanguoxiuzheng_shengfen_259;省份259;;;;;;;;;;X,,,,,
quanguoxiuzheng_shengfen_260;省份260;;;;;;;;;;X,,,,,
quanguoxiuzheng_shengfen_261;省份261;;;;;;;;;;X,,,,,
quanguoxiuzheng_shengfen_262;省份262;;;;;;;;;;X,,,,,
quanguoxiuzheng_shengfen_263;省份263;;;;;;;;;;X,,,,,
quanguoxiuzheng_shengfen_264;省份264;;;;;;;;;;X,,,,,
quanguoxiuzheng_shengfen_265;省份265;;;;;;;;;;X,,,,,
quanguoxiuzheng_shengfen_266;省份266;;;;;;;;;;X,,,,,
quanguoxiuzheng_shengfen_267;省份267;;;;;;;;;;X,,,,,
quanguoxiuzheng_shengfen_268;省份268;;;;;;;;;;X,,,,,
quanguoxiuzheng_shengfen_269;省份269;;;;;;;;;;X,,,,,
quanguoxiuzheng_shengfen_270;省份270;;;;;;;;;;X,,,,,
quanguoxiuzheng_shengfen_271;省份271;;;;;;;;;;X,,,,,
quanguoxiuzheng_shengfen_272;省份272;;;;;;;;;;X,,,,,
quanguoxiuzheng_shengfen_273;省份273;;;;;;;;;;X,,,,,
quanguoxiuzheng_shengfen_274;省份274;;;;;;;;;;X,,,,,
quanguoxiuzheng_shengfen_275;省份275;;;;;;;;;;X,,,,,
quanguoxiuzheng_shengfen_276;省份276;;;;;;;;;;X,,,,,
quanguoxiuzheng_shengfen_277;省份277;;;;;;;;;;X,,,,,
quanguoxiuzheng_shengfen_278;省份278;;;;;;;;;;X,,,,,
quanguoxiuzheng_shengfen_279;省份279;;;;;;;;;;X,,,,,
quanguoxiuzheng_shengfen_280;省份280;;;;;;;;;;X,,,,,
quanguoxiuzheng_shengfen_281;省份281;;;;;;;;;;X,,,,,
quanguoxiuzheng_shengfen_282;省份282;;;;;;;;;;X,,,,,
quanguoxiuzheng_shengfen_283;省份283;;;;;;;;;;X,,,,,
quanguoxiuzheng_shengfen_284;省份284;;;;;;;;;;X,,,,,
quanguoxiuzheng_shengfen_285;省份285;;;;;;;;;;X,,,,,
quanguoxiuzheng_shengfen_286;省份286;;;;;;;;;;X,,,,,
quanguoxiuzheng_shengfen_287;省份287;;;;;;;;;;X,,,,,
quanguoxiuzheng_shengfen_288;省份288;;;;;;;;;;X,,,,,
quanguoxiuzheng_shengfen_289;省份289;;;;;;;;;;X,,,,,
quanguoxiuzheng_shengfen_290;省份290;;;;;;;;;;X,,,,,
quanguoxiuzheng_shengfen_291;省份291;;;;;;;;;;X,,,,,
quanguoxiuzheng_shengfen_292;省份292;;;;;;;;;;X,,,,,
quanguoxiuzheng_shengfen_293;省份293;;;;;;;;;;X,,,,,
quanguoxiuzheng_shengfen_294;省份294;;;;;;;;;;X,,,,,
quanguoxiuzheng_shengfen_295;省份295;;;;;;;;;;X,,,,,
quanguoxiuzheng_shengfen_296;省份296;;;;;;;;;;X,,,,,
quanguoxiuzheng_shengfen_297;省份297;;;;;;;;;;X,,,,,
quanguoxiuzheng_shengfen_298;省份298;;;;;;;;;;X,,,,,
quanguoxiuzheng_shengfen_299;省份299;;;;;;;;;;X,,,,,
quanguoxiuzheng_shengfen_300;省份300;;;;;;;;;;X,,,,,
renkouchaozai_1;人口超载1;;;;;;;;;;X,,,,,
renkouchaozai_2;人口超载2;;;;;;;;;;X,,,,,
renkouchaozai_3;人口超载3;;;;;;;;;;X,,,,,
renkouchaozai_4;人口超载4;;;;;;;;;;X,,,,,
renkouchaozai_5;人口超载5;;;;;;;;;;X,,,,,
renkouchaozai_6;人口超载6;;;;;;;;;;X,,,,,
renkouchaozai_7;人口超载7;;;;;;;;;;X,,,,,
renkouchaozai_8;人口超载8;;;;;;;;;;X,,,,,
renkouchaozai_9;人口超载9;;;;;;;;;;X,,,,,
renkouchaozai_10;人口超载10;;;;;;;;;;X,,,,,
renkouchaozai_11;人口超载11;;;;;;;;;;X,,,,,
renkouchaozai_12;人口超载12;;;;;;;;;;X,,,,,
renkouchaozai_13;人口超载13;;;;;;;;;;X,,,,,
renkouchaozai_14;人口超载14;;;;;;;;;;X,,,,,
renkouchaozai_15;人口超载15;;;;;;;;;;X,,,,,
renkouchaozai_16;人口超载16;;;;;;;;;;X,,,,,
renkouchaozai_17;人口超载17;;;;;;;;;;X,,,,,
renkouchaozai_18;人口超载18;;;;;;;;;;X,,,,,
renkouchaozai_19;人口超载19;;;;;;;;;;X,,,,,
renkouchaozai_20;人口超载20;;;;;;;;;;X,,,,,
renkouchaozai_21;人口超载21;;;;;;;;;;X,,,,,
renkouchaozai_22;人口超载22;;;;;;;;;;X,,,,,
renkouchaozai_23;人口超载23;;;;;;;;;;X,,,,,
renkouchaozai_24;人口超载24;;;;;;;;;;X,,,,,
renkouchaozai_25;人口超载25;;;;;;;;;;X,,,,,
renkouchaozai_26;人口超载26;;;;;;;;;;X,,,,,
renkouchaozai_27;人口超载27;;;;;;;;;;X,,,,,
renkouchaozai_28;人口超载28;;;;;;;;;;X,,,,,
renkouchaozai_29;人口超载29;;;;;;;;;;X,,,,,
renkouchaozai_30;人口超载30;;;;;;;;;;X,,,,,
renkouchaozai_31;人口超载31;;;;;;;;;;X,,,,,
renkouchaozai_32;人口超载32;;;;;;;;;;X,,,,,
renkouchaozai_33;人口超载33;;;;;;;;;;X,,,,,
renkouchaozai_34;人口超载34;;;;;;;;;;X,,,,,
renkouchaozai_35;人口超载35;;;;;;;;;;X,,,,,
renkouchaozai_36;人口超载36;;;;;;;;;;X,,,,,
renkouchaozai_37;人口超载37;;;;;;;;;;X,,,,,
renkouchaozai_38;人口超载38;;;;;;;;;;X,,,,,
renkouchaozai_39;人口超载39;;;;;;;;;;X,,,,,
renkouchaozai_40;人口超载40;;;;;;;;;;X,,,,,
renkouchaozai_41;人口超载41;;;;;;;;;;X,,,,,
renkouchaozai_42;人口超载42;;;;;;;;;;X,,,,,
renkouchaozai_43;人口超载43;;;;;;;;;;X,,,,,
renkouchaozai_44;人口超载44;;;;;;;;;;X,,,,,
renkouchaozai_45;人口超载45;;;;;;;;;;X,,,,,
renkouchaozai_46;人口超载46;;;;;;;;;;X,,,,,
renkouchaozai_47;人口超载47;;;;;;;;;;X,,,,,
renkouchaozai_48;人口超载48;;;;;;;;;;X,,,,,
renkouchaozai_49;人口超载49;;;;;;;;;;X,,,,,
renkouchaozai_50;人口超载50;;;;;;;;;;X,,,,,
renkouchaozai_51;人口超载51;;;;;;;;;;X,,,,,
renkouchaozai_52;人口超载52;;;;;;;;;;X,,,,,
renkouchaozai_53;人口超载53;;;;;;;;;;X,,,,,
renkouchaozai_54;人口超载54;;;;;;;;;;X,,,,,
renkouchaozai_55;人口超载55;;;;;;;;;;X,,,,,
renkouchaozai_56;人口超载56;;;;;;;;;;X,,,,,
renkouchaozai_57;人口超载57;;;;;;;;;;X,,,,,
renkouchaozai_58;人口超载58;;;;;;;;;;X,,,,,
renkouchaozai_59;人口超载59;;;;;;;;;;X,,,,,
renkouchaozai_60;人口超载60;;;;;;;;;;X,,,,,
renkouchaozai_61;人口超载61;;;;;;;;;;X,,,,,
renkouchaozai_62;人口超载62;;;;;;;;;;X,,,,,
renkouchaozai_63;人口超载63;;;;;;;;;;X,,,,,
renkouchaozai_64;人口超载64;;;;;;;;;;X,,,,,
renkouchaozai_65;人口超载65;;;;;;;;;;X,,,,,
renkouchaozai_66;人口超载66;;;;;;;;;;X,,,,,
renkouchaozai_67;人口超载67;;;;;;;;;;X,,,,,
renkouchaozai_68;人口超载68;;;;;;;;;;X,,,,,
renkouchaozai_69;人口超载69;;;;;;;;;;X,,,,,
renkouchaozai_70;人口超载70;;;;;;;;;;X,,,,,
renkouchaozai_71;人口超载71;;;;;;;;;;X,,,,,
renkouchaozai_72;人口超载72;;;;;;;;;;X,,,,,
renkouchaozai_73;人口超载73;;;;;;;;;;X,,,,,
renkouchaozai_74;人口超载74;;;;;;;;;;X,,,,,
renkouchaozai_75;人口超载75;;;;;;;;;;X,,,,,
renkouchaozai_76;人口超载76;;;;;;;;;;X,,,,,
renkouchaozai_77;人口超载77;;;;;;;;;;X,,,,,
renkouchaozai_78;人口超载78;;;;;;;;;;X,,,,,
renkouchaozai_79;人口超载79;;;;;;;;;;X,,,,,
renkouchaozai_80;人口超载80;;;;;;;;;;X,,,,,
renkouchaozai_81;人口超载81;;;;;;;;;;X,,,,,
renkouchaozai_82;人口超载82;;;;;;;;;;X,,,,,
renkouchaozai_83;人口超载83;;;;;;;;;;X,,,,,
renkouchaozai_84;人口超载84;;;;;;;;;;X,,,,,
renkouchaozai_85;人口超载85;;;;;;;;;;X,,,,,
renkouchaozai_86;人口超载86;;;;;;;;;;X,,,,,
renkouchaozai_87;人口超载87;;;;;;;;;;X,,,,,
renkouchaozai_88;人口超载88;;;;;;;;;;X,,,,,
renkouchaozai_89;人口超载89;;;;;;;;;;X,,,,,
renkouchaozai_90;人口超载90;;;;;;;;;;X,,,,,
renkouchaozai_91;人口超载91;;;;;;;;;;X,,,,,
renkouchaozai_92;人口超载92;;;;;;;;;;X,,,,,
renkouchaozai_93;人口超载93;;;;;;;;;;X,,,,,
renkouchaozai_94;人口超载94;;;;;;;;;;X,,,,,
renkouchaozai_95;人口超载95;;;;;;;;;;X,,,,,
renkouchaozai_96;人口超载96;;;;;;;;;;X,,,,,
renkouchaozai_97;人口超载97;;;;;;;;;;X,,,,,
renkouchaozai_98;人口超载98;;;;;;;;;;X,,,,,
renkouchaozai_99;人口超载99;;;;;;;;;;X,,,,,
renkouchaozai_100;人口超载100;;;;;;;;;;X,,,,,
zhengzaijianshe;正在建设（请勿同时手动修建建筑）;;;;;;;;;;X,,,,,