[eu3application.cpp:552]: Loaded GUI Definition File: interface\alerts.gui
[eu3application.cpp:552]: Loaded GUI Definition File: interface\backend.gui
[eu3application.cpp:552]: Loaded GUI Definition File: interface\casus_bellis.gui
[eu3application.cpp:552]: Loaded GUI Definition File: interface\combat.gui
[eu3application.cpp:552]: Loaded GUI Definition File: interface\core.gui
[eu3application.cpp:552]: Loaded GUI Definition File: interface\countryhistory.gui
[eu3application.cpp:552]: Loaded GUI Definition File: interface\credits.gui
[eu3application.cpp:552]: Loaded GUI Definition File: interface\domesticpanel.gui
[eu3application.cpp:552]: Loaded GUI Definition File: interface\domesticpanel_court.gui
[eu3application.cpp:552]: Loaded GUI Definition File: interface\domesticpanel_culture.gui
[eu3application.cpp:552]: Loaded GUI Definition File: interface\domesticpanel_economy.gui
[eu3application.cpp:552]: Loaded GUI Definition File: interface\domesticpanel_leaders.gui
[eu3application.cpp:552]: Loaded GUI Definition File: interface\domesticpanel_military.gui
[eu3application.cpp:552]: Loaded GUI Definition File: interface\domesticpanel_missions.gui
[eu3application.cpp:552]: Loaded GUI Definition File: interface\domesticpanel_overview.gui
[eu3application.cpp:552]: Loaded GUI Definition File: interface\domesticpanel_policies.gui
[eu3application.cpp:552]: Loaded GUI Definition File: interface\domesticpanel_religion.gui
[eu3application.cpp:552]: Loaded GUI Definition File: interface\eu3dialog.gui
[eu3application.cpp:552]: Loaded GUI Definition File: interface\eventwindow.gui
[eu3application.cpp:552]: Loaded GUI Definition File: interface\faction.gui
[eu3application.cpp:552]: Loaded GUI Definition File: interface\goto.gui
[eu3application.cpp:552]: Loaded GUI Definition File: interface\hre.gui
[eu3application.cpp:552]: Loaded GUI Definition File: interface\hre_vote.gui
[eu3application.cpp:552]: Loaded GUI Definition File: interface\ingamelobby.gui
[eu3application.cpp:552]: Loaded GUI Definition File: interface\ledger.gui
[eu3application.cpp:552]: Loaded GUI Definition File: interface\menubar.gui
[eu3application.cpp:552]: Loaded GUI Definition File: interface\messagesettings.gui
[eu3application.cpp:552]: Loaded GUI Definition File: interface\metaserver.gui
[eu3application.cpp:552]: Loaded GUI Definition File: interface\modifier_interface.gui
[eu3application.cpp:552]: Loaded GUI Definition File: interface\nudge.gui
[eu3application.cpp:552]: Loaded GUI Definition File: interface\offerloandialog.gui
[eu3application.cpp:552]: Loaded GUI Definition File: interface\options.gui
[eu3application.cpp:552]: Loaded GUI Definition File: interface\outliner.gui
[eu3application.cpp:552]: Loaded GUI Definition File: interface\papacy.gui
[eu3application.cpp:552]: Loaded GUI Definition File: interface\peace.gui
[eu3application.cpp:552]: Loaded GUI Definition File: interface\peaceview.gui
[eu3application.cpp:552]: Loaded GUI Definition File: interface\provincehistory.gui
[eu3application.cpp:552]: Loaded GUI Definition File: interface\provincepanel.gui
[eu3application.cpp:552]: Loaded GUI Definition File: interface\provincepanel_colony.gui
[eu3application.cpp:552]: Loaded GUI Definition File: interface\rightclickmenu.gui
[eu3application.cpp:552]: Loaded GUI Definition File: interface\sellprovdialog.gui
[eu3application.cpp:552]: Loaded GUI Definition File: interface\settings.gui
[eu3application.cpp:552]: Loaded GUI Definition File: interface\shogunate.gui
[eu3application.cpp:552]: Loaded GUI Definition File: interface\temp_frontend.gui
[eu3application.cpp:552]: Loaded GUI Definition File: interface\topbar.gui
[eu3application.cpp:552]: Loaded GUI Definition File: interface\trade_goods.gui
[eu3application.cpp:552]: Loaded GUI Definition File: interface\tutorial.gui
[eu3application.cpp:552]: Loaded GUI Definition File: interface\unitpanel.gui
[eu3application.cpp:552]: Loaded GUI Definition File: interface\waroverview.gui
[eu3application.cpp:552]: Loaded GUI Definition File: interface\warsubsidydialog.gui
[eu3application.cpp:882]: FactionDatabase Initialized
[technology.cpp:1253]: Technology Table #0 tag = land_tech name = 军事科技等级
[technology.cpp:1253]: Technology Table #1 tag = naval_tech name = 文化科技等级
[technology.cpp:1253]: Technology Table #2 tag = trade_tech name = 商业科技等级
[technology.cpp:1253]: Technology Table #3 tag = production_tech name = 工业科技等级
[technology.cpp:1253]: Technology Table #4 tag = government_tech name = 行政科技等级
[technology.cpp:1268]: Technology Group #0 tag = notechgroup name = 没有科技组 modifier = 0.01
[technology.cpp:1268]: Technology Group #1 tag = tianjie name = 天界之力 modifier = 0.88
[technology.cpp:1268]: Technology Group #2 tag = tianjie name = 天界之力 modifier = 0.88
[technology.cpp:1268]: Technology Group #3 tag = xiongnu name = 匈奴 modifier = 1
[technology.cpp:1268]: Technology Group #4 tag = chinese name = 中原 modifier = 1
[technology.cpp:1268]: Technology Group #5 tag = jingchu name = 荆楚 modifier = 1
[technology.cpp:1268]: Technology Group #6 tag = nomad_group name = 戎狄 modifier = 1
[technology.cpp:1268]: Technology Group #7 tag = dongyi1 name = 东夷 modifier = 1
[technology.cpp:1268]: Technology Group #8 tag = wuyue1 name = 吴越 modifier = 1
[technology.cpp:1268]: Technology Group #9 tag = bashu1 name = 巴蜀 modifier = 1
[technology.cpp:1268]: Technology Group #10 tag = baiyue name = 百越 modifier = 0.7
[technology.cpp:1268]: Technology Group #11 tag = qinguo name = 秦国 modifier = 1
[technology.cpp:1268]: Technology Group #12 tag = qiguo name = 齐国 modifier = 1
[technology.cpp:1268]: Technology Group #13 tag = zhaoguo name = 赵国 modifier = 1
[technology.cpp:1268]: Technology Group #14 tag = weiguo name = 魏国 modifier = 1
[technology.cpp:1268]: Technology Group #15 tag = hanguo name = 韩国 modifier = 1
[technology.cpp:1268]: Technology Group #16 tag = yanguo name = 燕国 modifier = 1
[technology.cpp:1268]: Technology Group #17 tag = wuyue2 name = wuyue2 modifier = 1
[technology.cpp:1268]: Technology Group #18 tag = yinshang name = 宋国科技组 modifier = 1
[technology.cpp:1268]: Technology Group #19 tag = dahan name = 大汉 modifier = 1
[technology.cpp:1268]: Technology Group #20 tag = mojia name = 墨家 modifier = 1
[technology.cpp:1268]: Technology Group #21 tag = xiyu name = 西域 modifier = 1
[technology.cpp:1268]: Technology Group #22 tag = zhuanshu name = zhuanshu modifier = 1
[eu3application.cpp:897]: TechnologyDatabase Phase #1 Initialized
[eu3application.cpp:920]: Static Modifiers Initialized
[policies.cpp:132]: Policy #0 tag = centralization_decentralization name = 君主集权/封邦建国
[policies.cpp:132]: Policy #1 tag = aristocracy_plutocracy name = 公家政治/士卿政治
[policies.cpp:132]: Policy #2 tag = serfdom_freesubjects name = 井田蓄奴/私田耕作
[policies.cpp:132]: Policy #3 tag = innovative_narrowminded name = 尚今思新/祭祖崇古
[policies.cpp:132]: Policy #4 tag = mercantilism_freetrade name = 盐铁均输/四海通商
[policies.cpp:132]: Policy #5 tag = offensive_defensive name = 开疆拓土/持盈守成
[policies.cpp:132]: Policy #6 tag = land_naval name = 问鼎中原/开拓不毛
[policies.cpp:132]: Policy #7 tag = quality_quantity name = 精兵强将/千军万马
[eu3application.cpp:934]: PolicyDatabase Initialized
[religion.cpp:139]: Religion Group #0 tag = none name =  ===>没有信仰 
[religion.cpp:139]: Religion Group #1 tag = christian name = 华夏信仰 ===>礼乐教化 礼乐霸道 儒家 法家 墨家 道家 
[religion.cpp:139]: Religion Group #2 tag = pagan name = 泛灵崇拜 ===>鬼神崇拜 祖先崇拜 
[eu3application.cpp:948]: ReligionDatabase Initialized
[tradegoods.cpp:320]: TradeGoods #0 tag = nogoods name = 没有货物
[tradegoods.cpp:320]: TradeGoods #1 tag = grain name = 谷物
[tradegoods.cpp:320]: TradeGoods #2 tag = wine name = 酒
[tradegoods.cpp:320]: TradeGoods #3 tag = wool name = 蚕丝
[tradegoods.cpp:320]: TradeGoods #4 tag = cloth name = 布匹
[tradegoods.cpp:320]: TradeGoods #5 tag = fish name = 鱼类
[tradegoods.cpp:320]: TradeGoods #6 tag = fur name = 毛皮
[tradegoods.cpp:320]: TradeGoods #7 tag = salt name = 盐
[tradegoods.cpp:320]: TradeGoods #8 tag = naval_supplies name = 银矿
[tradegoods.cpp:320]: TradeGoods #9 tag = copper name = 铜
[tradegoods.cpp:320]: TradeGoods #10 tag = gold name = 黄金
[tradegoods.cpp:320]: TradeGoods #11 tag = iron name = 铁
[tradegoods.cpp:320]: TradeGoods #12 tag = slaves name = 木材
[tradegoods.cpp:320]: TradeGoods #13 tag = ivory name = 药材
[tradegoods.cpp:320]: TradeGoods #14 tag = tea name = 茶叶
[tradegoods.cpp:320]: TradeGoods #15 tag = chinaware name = 陶器
[tradegoods.cpp:320]: TradeGoods #16 tag = spices name = 马匹
[tradegoods.cpp:320]: TradeGoods #17 tag = coffee name = 牛羊
[tradegoods.cpp:320]: TradeGoods #18 tag = cotton name = 漆器
[tradegoods.cpp:320]: TradeGoods #19 tag = sugar name = 玉
[tradegoods.cpp:320]: TradeGoods #20 tag = tobacco name = 犀象
[tradegoods.cpp:320]: TradeGoods #21 tag = unknown name = 未知
[eu3application.cpp:962]: TradeGoodsDatabase Initialized
[government.cpp:460]: Government #0 tag = nogovernment name = 没有政府 num_of_legal_conversions = 0
[government.cpp:460]: Government #1 tag = fengjian name = 封建诸侯制 num_of_legal_conversions = 3
[government.cpp:460]: Government #2 tag = celestial_empire name = 天下共主制 num_of_legal_conversions = 1
[government.cpp:460]: Government #3 tag = yinshangjunzhi name = 殷商制度 num_of_legal_conversions = 0
[government.cpp:460]: Government #4 tag = yuanshuai name = 元帅士卿制 num_of_legal_conversions = 3
[government.cpp:460]: Government #5 tag = zhizheng name = 执政士卿制 num_of_legal_conversions = 4
[government.cpp:460]: Government #6 tag = absolute_monarchy name = 君主独裁制 num_of_legal_conversions = 2
[government.cpp:460]: Government #7 tag = enlightened_despotism name = 君主集权制 num_of_legal_conversions = 3
[government.cpp:460]: Government #8 tag = tribal_federation name = 部落联盟制 num_of_legal_conversions = 1
[government.cpp:460]: Government #9 tag = tribal_despotism name = 部落独裁制 num_of_legal_conversions = 1
[government.cpp:460]: Government #10 tag = zhongshang name = 商业邦国制 num_of_legal_conversions = 2
[government.cpp:460]: Government #11 tag = noble_republic name = 周召共和制 num_of_legal_conversions = 2
[government.cpp:460]: Government #12 tag = reformed_despotism name = 变法君主制 num_of_legal_conversions = 2
[government.cpp:460]: Government #13 tag = centralization_empire name = 集权帝国制 num_of_legal_conversions = 1
[government.cpp:460]: Government #14 tag = feudal_empire name = 封建帝国制 num_of_legal_conversions = 1
[government.cpp:460]: Government #15 tag = steppe_horde name = 草原游牧制 num_of_legal_conversions = 0
[government.cpp:460]: Government #16 tag = republican_dictatorship name = 圣王禅让制 num_of_legal_conversions = 2
[government.cpp:460]: Government #17 tag = god_kingdom name = 神国仙境 num_of_legal_conversions = 0
[government.cpp:460]: Government #18 tag = small_city name = 小国寡民制 num_of_legal_conversions = 2
[government.cpp:460]: Government #19 tag = datongwangdao name = 大同王道制 num_of_legal_conversions = 1
[government.cpp:460]: Government #20 tag = mojiajuzi name = 非攻巨子制 num_of_legal_conversions = 0
[government.cpp:460]: Government #21 tag = merchant_republic name = 商业共和制 num_of_legal_conversions = 1
[eu3application.cpp:975]: GovernmentDatabase Initialized
[eu3application.cpp:989]: BuildingDatabase Initialized
[ideas.cpp:287]: Idea Group #0 tag = none name = 无 ===>没有国家理念 
[ideas.cpp:287]: Idea Group #1 tag = naval_ideas name = 文化理念 ===>威震华夏·恩威并施 嫡长继承 广结诸侯·蒐狩之礼 天命所归·家国天下 莫非王土 尊王攘夷 逐鹿中原 合纵连横 
[ideas.cpp:287]: Idea Group #2 tag = land_ideas name = 陆军理念 ===>行舟走舸 奖励耕战 军功授爵 私募制度 千乘之国 上兵伐谋 革化战阵 广纳兵家 
[ideas.cpp:287]: Idea Group #3 tag = exploration_ideas name = 探索理念 ===>重农抑商 端木遗风 盐铁专卖 封邑建设 开拓荒蛮 物产开发 什一之制 与民同耕 
[ideas.cpp:287]: Idea Group #4 tag = state_business_ideas name = 政治理念 ===>宗法至上 门客制度 郡县制度 防范私铸 什伍连坐 鼎铸刑书 锐意变法 重用法家 
[ideas.cpp:287]: Idea Group #5 tag = culture_ideas name = 文化理念 ===>设立官学 鸡鸣狗盗 有教无类 绝圣弃智 兼爱非攻 制名指实 天道无为 阴阳五行 
[eu3application.cpp:1005]: IdeaDatabase Initialized
[eu3application.cpp:1016]: TechnologyDatabase Phase #2 Initialized
[eu3application.cpp:1035]: CountryDatabase Initialized
[culture.cpp:92]: Culture Group #0 tag = noculturegroup name =  ===>无文化 
[culture.cpp:92]: Culture Group #1 tag = huaxia name = 华夏 ===>中原 海岱 关中 河东 河北 东夏 江汉 
[culture.cpp:92]: Culture Group #2 tag = man name = 蛮 ===>荆楚 群蛮 三苗 
[culture.cpp:92]: Culture Group #3 tag = yi name = 夷 ===>殷商 莱夷 东夷 朝鲜 淮夷 
[culture.cpp:92]: Culture Group #4 tag = di name = 狄 ===>赤狄 白狄 长狄 北狄 
[culture.cpp:92]: Culture Group #5 tag = rong name = 戎 ===>山戎 西戎 
[culture.cpp:92]: Culture Group #6 tag = bayue name = 百越 ===>於越 句吴 瓯越 闽越 南越 扬越 僰僚 
[culture.cpp:92]: Culture Group #7 tag = baipu name = 西南夷 ===>巴 蜀 邛笮 庸 昆巂 滇 
[culture.cpp:92]: Culture Group #8 tag = hu name = 胡 ===>匈奴 东胡 西域 月氏 乌孙 塞种 
[eu3application.cpp:1048]: CultureDatabase Initialized
[onaction.cpp:204]: ActionList #0 tag = on_centralization_decentralization_left random events = 4 events = 0
[onaction.cpp:204]: ActionList #1 tag = on_centralization_decentralization_right random events = 4 events = 0
[onaction.cpp:204]: ActionList #2 tag = on_aristocracy_plutocracy_left random events = 4 events = 0
[onaction.cpp:204]: ActionList #3 tag = on_aristocracy_plutocracy_right random events = 4 events = 0
[onaction.cpp:204]: ActionList #4 tag = on_serfdom_freesubjects_left random events = 4 events = 0
[onaction.cpp:204]: ActionList #5 tag = on_serfdom_freesubjects_right random events = 4 events = 0
[onaction.cpp:204]: ActionList #6 tag = on_innovative_narrowminded_left random events = 4 events = 0
[onaction.cpp:204]: ActionList #7 tag = on_innovative_narrowminded_right random events = 4 events = 0
[onaction.cpp:204]: ActionList #8 tag = on_mercantilism_freetrade_left random events = 3 events = 0
[onaction.cpp:204]: ActionList #9 tag = on_mercantilism_freetrade_right random events = 3 events = 0
[onaction.cpp:204]: ActionList #10 tag = on_offensive_defensive_left random events = 4 events = 0
[onaction.cpp:204]: ActionList #11 tag = on_offensive_defensive_right random events = 4 events = 0
[onaction.cpp:204]: ActionList #12 tag = on_land_naval_left random events = 4 events = 0
[onaction.cpp:204]: ActionList #13 tag = on_land_naval_right random events = 4 events = 0
[onaction.cpp:204]: ActionList #14 tag = on_quality_quantity_left random events = 4 events = 0
[onaction.cpp:204]: ActionList #15 tag = on_quality_quantity_right random events = 4 events = 0
[onaction.cpp:204]: ActionList #16 tag = on_battle_won random events = 0 events = 0
[onaction.cpp:204]: ActionList #17 tag = on_battle_lost random events = 0 events = 0
[onaction.cpp:204]: ActionList #18 tag = on_siege_won random events = 0 events = 1
[onaction.cpp:204]: ActionList #19 tag = on_new_monarch random events = 0 events = 4
[onaction.cpp:204]: ActionList #20 tag = on_regent random events = 0 events = 1
[onaction.cpp:204]: ActionList #21 tag = on_new_term_election random events = 0 events = 1
[onaction.cpp:204]: ActionList #22 tag = on_death_election random events = 0 events = 1
[onaction.cpp:204]: ActionList #23 tag = on_diplomatic_annex random events = 0 events = 1
[onaction.cpp:204]: ActionList #24 tag = on_weak_heir_claim random events = 0 events = 1
[onaction.cpp:204]: ActionList #25 tag = on_successive_emperor random events = 0 events = 1
[onaction.cpp:204]: ActionList #26 tag = on_released_hre_member random events = 0 events = 1
[onaction.cpp:204]: ActionList #27 tag = on_hre_member_false_religion random events = 0 events = 1
[onaction.cpp:204]: ActionList #28 tag = on_hre_member_true_religion random events = 0 events = 1
[onaction.cpp:204]: ActionList #29 tag = on_hre_wins_defensive_war random events = 0 events = 1
[onaction.cpp:204]: ActionList #30 tag = on_hre_member_annexed random events = 0 events = 1
[onaction.cpp:204]: ActionList #31 tag = on_hre_member_released_soi random events = 0 events = 1
[onaction.cpp:204]: ActionList #32 tag = on_hre_released_vassal random events = 0 events = 1
[onaction.cpp:204]: ActionList #33 tag = on_hre_defense random events = 0 events = 1
[onaction.cpp:204]: ActionList #34 tag = on_hre_non_defense random events = 0 events = 1
[onaction.cpp:204]: ActionList #35 tag = on_hre_province_reconquest random events = 0 events = 1
[onaction.cpp:204]: ActionList #36 tag = on_allied_kampaku random events = 0 events = 0
[onaction.cpp:204]: ActionList #37 tag = on_reform_revoked random events = 0 events = 1
[onaction.cpp:204]: ActionList #38 tag = on_integrate random events = 0 events = 1
[onaction.cpp:204]: ActionList #39 tag = on_bi_yearly_pulse random events = 0 events = 0
[eu3application.cpp:1062]: On Actions Initialized
[map.cpp:1040]: Continent #0 name = 欧洲 with 0province assigned.
[map.cpp:1040]: Continent #1 name = 亚洲 with 1300province assigned.
[map.cpp:1040]: Continent #2 name = 非洲 with 0province assigned.
[map.cpp:1040]: Continent #3 name = 北美洲 with 0province assigned.
[map.cpp:1040]: Continent #4 name = 南美洲 with 0province assigned.
[map.cpp:1040]: Continent #5 name = 大洋洲 with 0province assigned.
[map.cpp:1040]: Continent #6 name = lake with 6province assigned.
[map.cpp:818]: Terrain #0 name = ocean1 with 1 colors assigned.
[map.cpp:818]: Terrain #1 name = inland_ocean1 with 1 colors assigned.
[map.cpp:818]: Terrain #2 name = text_0 with 1 colors assigned.
[map.cpp:818]: Terrain #3 name = text_1 with 1 colors assigned.
[map.cpp:818]: Terrain #4 name = text_2 with 1 colors assigned.
[map.cpp:818]: Terrain #5 name = text_3 with 1 colors assigned.
[map.cpp:818]: Terrain #6 name = text_4 with 1 colors assigned.
[map.cpp:818]: Terrain #7 name = text_5 with 1 colors assigned.
[map.cpp:818]: Terrain #8 name = text_6 with 1 colors assigned.
[map.cpp:818]: Terrain #9 name = text_7 with 1 colors assigned.
[map.cpp:818]: Terrain #10 name = text_8 with 1 colors assigned.
[map.cpp:818]: Terrain #11 name = text_9 with 1 colors assigned.
[map.cpp:818]: Terrain #12 name = text_10 with 1 colors assigned.
[map.cpp:818]: Terrain #13 name = text_11 with 1 colors assigned.
[map.cpp:818]: Terrain #14 name = text_12 with 1 colors assigned.
[map.cpp:818]: Terrain #15 name = text_13 with 1 colors assigned.
[map.cpp:818]: Terrain #16 name = text_14 with 1 colors assigned.
[map.cpp:818]: Terrain #17 name = text_15 with 1 colors assigned.
[map.cpp:818]: Terrain #18 name = text_16 with 1 colors assigned.
[map.cpp:818]: Terrain #19 name = text_17 with 1 colors assigned.
[map.cpp:818]: Terrain #20 name = text_18 with 1 colors assigned.
[map.cpp:818]: Terrain #21 name = text_19 with 1 colors assigned.
[map.cpp:818]: Terrain #22 name = text_20 with 1 colors assigned.
[map.cpp:818]: Terrain #23 name = text_21 with 1 colors assigned.
[map.cpp:818]: Terrain #24 name = text_22 with 1 colors assigned.
[map.cpp:818]: Terrain #25 name = text_23 with 1 colors assigned.
[map.cpp:818]: Terrain #26 name = text_24 with 1 colors assigned.
[map.cpp:818]: Terrain #27 name = text_25 with 1 colors assigned.
[map.cpp:818]: Terrain #28 name = text_26 with 1 colors assigned.
[map.cpp:818]: Terrain #29 name = text_27 with 1 colors assigned.
[map.cpp:818]: Terrain #30 name = text_28 with 1 colors assigned.
[map.cpp:818]: Terrain #31 name = text_29 with 1 colors assigned.
[map.cpp:818]: Terrain #32 name = text_30 with 1 colors assigned.
[map.cpp:818]: Terrain #33 name = text_31 with 1 colors assigned.
[map.cpp:818]: Terrain #34 name = text_32 with 1 colors assigned.
[map.cpp:818]: Terrain #35 name = text_33 with 1 colors assigned.
[map.cpp:818]: Terrain #36 name = text_34 with 1 colors assigned.
[map.cpp:818]: Terrain #37 name = text_35 with 1 colors assigned.
[map.cpp:818]: Terrain #38 name = text_36 with 1 colors assigned.
[map.cpp:818]: Terrain #39 name = text_37 with 1 colors assigned.
[map.cpp:818]: Terrain #40 name = text_38 with 1 colors assigned.
[map.cpp:818]: Terrain #41 name = text_39 with 1 colors assigned.
[map.cpp:818]: Terrain #42 name = text_40 with 1 colors assigned.
[map.cpp:818]: Terrain #43 name = text_41 with 1 colors assigned.
[map.cpp:818]: Terrain #44 name = text_42 with 1 colors assigned.
[map.cpp:818]: Terrain #45 name = text_43 with 1 colors assigned.
[map.cpp:818]: Terrain #46 name = text_44 with 1 colors assigned.
[map.cpp:818]: Terrain #47 name = text_45 with 1 colors assigned.
[map.cpp:818]: Terrain #48 name = text_46 with 1 colors assigned.
[map.cpp:818]: Terrain #49 name = text_47 with 1 colors assigned.
[map.cpp:818]: Terrain #50 name = text_48 with 1 colors assigned.
[map.cpp:818]: Terrain #51 name = text_49 with 1 colors assigned.
[map.cpp:818]: Terrain #52 name = text_50 with 1 colors assigned.
[map.cpp:818]: Terrain #53 name = text_51 with 1 colors assigned.
[map.cpp:818]: Terrain #54 name = text_52 with 1 colors assigned.
[map.cpp:818]: Terrain #55 name = text_53 with 1 colors assigned.
[map.cpp:818]: Terrain #56 name = text_54 with 1 colors assigned.
[map.cpp:818]: Terrain #57 name = text_55 with 1 colors assigned.
[map.cpp:818]: Terrain #58 name = text_56 with 1 colors assigned.
[map.cpp:818]: Terrain #59 name = text_57 with 1 colors assigned.
[map.cpp:818]: Terrain #60 name = text_58 with 1 colors assigned.
[map.cpp:818]: Terrain #61 name = text_59 with 1 colors assigned.
[map.cpp:818]: Terrain #62 name = text_60 with 1 colors assigned.
[map.cpp:818]: Terrain #63 name = text_61 with 1 colors assigned.
[map.cpp:818]: Terrain #64 name = text_62 with 1 colors assigned.
[map.cpp:818]: Terrain #65 name = text_63 with 1 colors assigned.
[map.cpp:818]: Terrain #66 name = pti with 190 colors assigned.
[map.cpp:751]: Tree #0 name = coniferous with texture terrain/trees/coniferous.dds added.
[map.cpp:751]: Tree #1 name = decidous with texture terrain/trees/decidous.dds added.
[map.cpp:751]: Tree #2 name = jungletree with texture terrain/trees/jungletree.dds added.
[eu3application.cpp:1123]: Map Initialized
[advisortype.cpp:204]: AdvisorType #0 tag = noAdvisorType name = 没有顾问
[advisortype.cpp:204]: AdvisorType #1 tag = philosopher name = 诸子百家
[advisortype.cpp:204]: AdvisorType #2 tag = natural_scientist name = 能工巧匠
[advisortype.cpp:204]: AdvisorType #3 tag = artist name = 先雅乐师
[advisortype.cpp:204]: AdvisorType #4 tag = statesman name = 一代名相
[advisortype.cpp:204]: AdvisorType #5 tag = treasurer name = 商宦监理
[advisortype.cpp:204]: AdvisorType #6 tag = naval_reformer name = 布衣门客
[advisortype.cpp:204]: AdvisorType #7 tag = army_reformer name = 新军领袖
[advisortype.cpp:204]: AdvisorType #8 tag = trader name = 商人巨贾
[advisortype.cpp:204]: AdvisorType #9 tag = theologian name = 布道学究
[advisortype.cpp:204]: AdvisorType #10 tag = spymaster name = 孤胆刺客
[advisortype.cpp:204]: AdvisorType #11 tag = colonial_governor name = 内臣谋士
[advisortype.cpp:204]: AdvisorType #12 tag = diplomat name = 纵横之士
[advisortype.cpp:204]: AdvisorType #13 tag = sheriff name = 内政精英
[advisortype.cpp:204]: AdvisorType #14 tag = high_judge name = 先贤巨子
[advisortype.cpp:204]: AdvisorType #15 tag = alderman name = 当政公卿
[advisortype.cpp:204]: AdvisorType #16 tag = colonel name = 统兵之将
[advisortype.cpp:204]: AdvisorType #17 tag = collector name = 文人骚客
[advisortype.cpp:204]: AdvisorType #18 tag = master_of_mint name = 伯乐之才
[advisortype.cpp:204]: AdvisorType #19 tag = banker name = 经济之才
[advisortype.cpp:204]: AdvisorType #20 tag = lord_proprietor name = 山林隐逸
[advisortype.cpp:204]: AdvisorType #21 tag = pioneer name = 蛮夷经略
[advisortype.cpp:204]: AdvisorType #22 tag = grand_admiral name = 水军提督
[advisortype.cpp:204]: AdvisorType #23 tag = naval_organiser name = 先登死士
[advisortype.cpp:204]: AdvisorType #24 tag = navigator name = 济世医者
[advisortype.cpp:204]: AdvisorType #25 tag = rear_admiral name = 改革人士
[advisortype.cpp:204]: AdvisorType #26 tag = privateer name = 贤达智者
[advisortype.cpp:204]: AdvisorType #27 tag = sergeant_major_general name = 兵法名家
[advisortype.cpp:204]: AdvisorType #28 tag = grand_captain name = 三军先锋
[advisortype.cpp:204]: AdvisorType #29 tag = army_organiser name = 军事统帅
[advisortype.cpp:204]: AdvisorType #30 tag = commandant name = 卓越将领
[advisortype.cpp:204]: AdvisorType #31 tag = quartermaster name = 军需官员
[advisortype.cpp:204]: AdvisorType #32 tag = recruitmaster name = 征兵官员
[advisortype.cpp:204]: AdvisorType #33 tag = fortification_expert name = 防御专家
[advisortype.cpp:204]: AdvisorType #34 tag = inquisitor name = 法家酷吏
[advisortype.cpp:204]: AdvisorType #35 tag = ambassador name = 舌辩之才
[advisortype.cpp:204]: AdvisorType #36 tag = grand_marshal name = 直言之臣
[eu3application.cpp:1134]: AdvisorTypeDatabase Initialized
[triggeredmodifier.cpp:114]: TriggeredModifier #0 tag = zongfazhi name = 宗法制
[triggeredmodifier.cpp:114]: TriggeredModifier #1 tag = the_mandate_of_heaven name = 天命所归
[triggeredmodifier.cpp:114]: TriggeredModifier #2 tag = weizhenhuaxia name = 威震华夏
[triggeredmodifier.cpp:114]: TriggeredModifier #3 tag = zhuluzhongyuan1 name = 逐鹿中原
[triggeredmodifier.cpp:114]: TriggeredModifier #4 tag = zhuluzhongyuan2 name = 逐鹿中原
[triggeredmodifier.cpp:114]: TriggeredModifier #5 tag = zhuluzhongyuan3 name = 逐鹿中原
[triggeredmodifier.cpp:114]: TriggeredModifier #6 tag = qianshengzhiguo1 name = 百乘之国
[triggeredmodifier.cpp:114]: TriggeredModifier #7 tag = qianshengzhiguo2 name = 千乘之国
[triggeredmodifier.cpp:114]: TriggeredModifier #8 tag = qianshengzhiguo3 name = 万乘之国
[triggeredmodifier.cpp:114]: TriggeredModifier #9 tag = yan_one name = 少量出产盐
[triggeredmodifier.cpp:114]: TriggeredModifier #10 tag = yan_two name = 大量出产盐
[triggeredmodifier.cpp:114]: TriggeredModifier #11 tag = yan_three name = 物产垄断盐
[triggeredmodifier.cpp:114]: TriggeredModifier #12 tag = ma_one name = 少量出产马
[triggeredmodifier.cpp:114]: TriggeredModifier #13 tag = ma_two name = 大量出产马
[triggeredmodifier.cpp:114]: TriggeredModifier #14 tag = ma_three name = 物产垄断马
[triggeredmodifier.cpp:114]: TriggeredModifier #15 tag = tie_one name = 少量出产铁
[triggeredmodifier.cpp:114]: TriggeredModifier #16 tag = tie_two name = 大量出产铁
[triggeredmodifier.cpp:114]: TriggeredModifier #17 tag = tie_three name = 物产垄断铁
[triggeredmodifier.cpp:114]: TriggeredModifier #18 tag = mu_one name = 少量出产木材
[triggeredmodifier.cpp:114]: TriggeredModifier #19 tag = mu_two name = 大量出产木材
[triggeredmodifier.cpp:114]: TriggeredModifier #20 tag = mu_three name = 物产垄断木材
[triggeredmodifier.cpp:114]: TriggeredModifier #21 tag = yu_one name = 少量出产玉
[triggeredmodifier.cpp:114]: TriggeredModifier #22 tag = yu_two name = 大量出产玉
[triggeredmodifier.cpp:114]: TriggeredModifier #23 tag = yu_three name = 物产垄断玉
[triggeredmodifier.cpp:114]: TriggeredModifier #24 tag = cloth_one name = 少量出产布匹
[triggeredmodifier.cpp:114]: TriggeredModifier #25 tag = cloth_two name = 大量出产布匹
[triggeredmodifier.cpp:114]: TriggeredModifier #26 tag = cloth_three name = 物产垄断布匹
[triggeredmodifier.cpp:114]: TriggeredModifier #27 tag = wine_one name = 少量出产酒
[triggeredmodifier.cpp:114]: TriggeredModifier #28 tag = wine_two name = 大量出产酒
[triggeredmodifier.cpp:114]: TriggeredModifier #29 tag = wine_three name = 物产垄断酒
[triggeredmodifier.cpp:114]: TriggeredModifier #30 tag = tea_one name = 少量出产茶
[triggeredmodifier.cpp:114]: TriggeredModifier #31 tag = tea_two name = 大量出产茶
[triggeredmodifier.cpp:114]: TriggeredModifier #32 tag = tea_three name = 物产垄断茶
[triggeredmodifier.cpp:114]: TriggeredModifier #33 tag = coffee_one name = 少量出产牛羊
[triggeredmodifier.cpp:114]: TriggeredModifier #34 tag = coffee_two name = 大量出产牛羊
[triggeredmodifier.cpp:114]: TriggeredModifier #35 tag = coffee_three name = 物产垄断牛羊
[triggeredmodifier.cpp:114]: TriggeredModifier #36 tag = ivory_one name = 少量出产药材
[triggeredmodifier.cpp:114]: TriggeredModifier #37 tag = ivory_two name = 大量出产药材
[triggeredmodifier.cpp:114]: TriggeredModifier #38 tag = ivory_three name = 物产垄断药材
[triggeredmodifier.cpp:114]: TriggeredModifier #39 tag = yan_one name = 少量出产盐
[triggeredmodifier.cpp:114]: TriggeredModifier #40 tag = yan_two name = 大量出产盐
[triggeredmodifier.cpp:114]: TriggeredModifier #41 tag = yan_three name = 物产垄断盐
[triggeredmodifier.cpp:114]: TriggeredModifier #42 tag = ma_one name = 少量出产马
[triggeredmodifier.cpp:114]: TriggeredModifier #43 tag = ma_two name = 大量出产马
[triggeredmodifier.cpp:114]: TriggeredModifier #44 tag = ma_three name = 物产垄断马
[triggeredmodifier.cpp:114]: TriggeredModifier #45 tag = tie_one name = 少量出产铁
[triggeredmodifier.cpp:114]: TriggeredModifier #46 tag = tie_two name = 大量出产铁
[triggeredmodifier.cpp:114]: TriggeredModifier #47 tag = tie_three name = 物产垄断铁
[triggeredmodifier.cpp:114]: TriggeredModifier #48 tag = mu_one name = 少量出产木材
[triggeredmodifier.cpp:114]: TriggeredModifier #49 tag = mu_two name = 大量出产木材
[triggeredmodifier.cpp:114]: TriggeredModifier #50 tag = mu_three name = 物产垄断木材
[triggeredmodifier.cpp:114]: TriggeredModifier #51 tag = yu_one name = 少量出产玉
[triggeredmodifier.cpp:114]: TriggeredModifier #52 tag = yu_two name = 大量出产玉
[triggeredmodifier.cpp:114]: TriggeredModifier #53 tag = yu_three name = 物产垄断玉
[triggeredmodifier.cpp:114]: TriggeredModifier #54 tag = cloth_one name = 少量出产布匹
[triggeredmodifier.cpp:114]: TriggeredModifier #55 tag = cloth_two name = 大量出产布匹
[triggeredmodifier.cpp:114]: TriggeredModifier #56 tag = cloth_three name = 物产垄断布匹
[triggeredmodifier.cpp:114]: TriggeredModifier #57 tag = wine_one name = 少量出产酒
[triggeredmodifier.cpp:114]: TriggeredModifier #58 tag = wine_two name = 大量出产酒
[triggeredmodifier.cpp:114]: TriggeredModifier #59 tag = wine_three name = 物产垄断酒
[triggeredmodifier.cpp:114]: TriggeredModifier #60 tag = tea_one name = 少量出产茶
[triggeredmodifier.cpp:114]: TriggeredModifier #61 tag = tea_two name = 大量出产茶
[triggeredmodifier.cpp:114]: TriggeredModifier #62 tag = tea_three name = 物产垄断茶
[triggeredmodifier.cpp:114]: TriggeredModifier #63 tag = coffee_one name = 少量出产牛羊
[triggeredmodifier.cpp:114]: TriggeredModifier #64 tag = coffee_two name = 大量出产牛羊
[triggeredmodifier.cpp:114]: TriggeredModifier #65 tag = coffee_three name = 物产垄断牛羊
[triggeredmodifier.cpp:114]: TriggeredModifier #66 tag = ivory_one name = 少量出产药材
[triggeredmodifier.cpp:114]: TriggeredModifier #67 tag = ivory_two name = 大量出产药材
[triggeredmodifier.cpp:114]: TriggeredModifier #68 tag = ivory_three name = 物产垄断药材
[triggeredmodifier.cpp:114]: TriggeredModifier #69 tag = guodujiquan name = 过度集权. 
[triggeredmodifier.cpp:114]: TriggeredModifier #70 tag = chunqiu_mil_1 name = 西周时期军事制度
[triggeredmodifier.cpp:114]: TriggeredModifier #71 tag = buxichezhan name = 不习车战
[triggeredmodifier.cpp:114]: TriggeredModifier #72 tag = quanguoxiuzheng_junshi_1 name = 军事建筑
[triggeredmodifier.cpp:114]: TriggeredModifier #73 tag = quanguoxiuzheng_junshi_2 name = 军事建筑
[triggeredmodifier.cpp:114]: TriggeredModifier #74 tag = quanguoxiuzheng_junshi_3 name = 军事建筑
[triggeredmodifier.cpp:114]: TriggeredModifier #75 tag = quanguoxiuzheng_junshi_4 name = 军事建筑
[triggeredmodifier.cpp:114]: TriggeredModifier #76 tag = quanguoxiuzheng_junshi_5 name = 军事建筑
[triggeredmodifier.cpp:114]: TriggeredModifier #77 tag = quanguoxiuzheng_junshi_6 name = 军事建筑
[triggeredmodifier.cpp:114]: TriggeredModifier #78 tag = quanguoxiuzheng_junshi_7 name = 军事建筑
[triggeredmodifier.cpp:114]: TriggeredModifier #79 tag = quanguoxiuzheng_junshi_8 name = 军事建筑
[triggeredmodifier.cpp:114]: TriggeredModifier #80 tag = quanguoxiuzheng_junshi_9 name = 军事建筑
[triggeredmodifier.cpp:114]: TriggeredModifier #81 tag = quanguoxiuzheng_junshi_10 name = 军事建筑
[triggeredmodifier.cpp:114]: TriggeredModifier #82 tag = quanguoxiuzheng_junshi_11 name = 军事建筑
[triggeredmodifier.cpp:114]: TriggeredModifier #83 tag = quanguoxiuzheng_junshi_12 name = 军事建筑
[triggeredmodifier.cpp:114]: TriggeredModifier #84 tag = quanguoxiuzheng_junshi_13 name = 军事建筑
[triggeredmodifier.cpp:114]: TriggeredModifier #85 tag = quanguoxiuzheng_junshi_14 name = 军事建筑
[triggeredmodifier.cpp:114]: TriggeredModifier #86 tag = quanguoxiuzheng_junshi_15 name = 军事建筑
[triggeredmodifier.cpp:114]: TriggeredModifier #87 tag = quanguoxiuzheng_junshi_16 name = 军事建筑
[triggeredmodifier.cpp:114]: TriggeredModifier #88 tag = quanguoxiuzheng_junshi_17 name = 军事建筑
[triggeredmodifier.cpp:114]: TriggeredModifier #89 tag = quanguoxiuzheng_junshi_18 name = 军事建筑
[triggeredmodifier.cpp:114]: TriggeredModifier #90 tag = quanguoxiuzheng_junshi_19 name = 军事建筑
[triggeredmodifier.cpp:114]: TriggeredModifier #91 tag = quanguoxiuzheng_junshi_20 name = 军事建筑
[triggeredmodifier.cpp:114]: TriggeredModifier #92 tag = quanguoxiuzheng_junshi_21 name = 军事建筑
[triggeredmodifier.cpp:114]: TriggeredModifier #93 tag = quanguoxiuzheng_junshi_22 name = 军事建筑
[triggeredmodifier.cpp:114]: TriggeredModifier #94 tag = quanguoxiuzheng_junshi_23 name = 军事建筑
[triggeredmodifier.cpp:114]: TriggeredModifier #95 tag = quanguoxiuzheng_junshi_24 name = 军事建筑
[triggeredmodifier.cpp:114]: TriggeredModifier #96 tag = quanguoxiuzheng_junshi_25 name = 军事建筑
[triggeredmodifier.cpp:114]: TriggeredModifier #97 tag = quanguoxiuzheng_junshi_26 name = 军事建筑
[triggeredmodifier.cpp:114]: TriggeredModifier #98 tag = quanguoxiuzheng_junshi_27 name = 军事建筑
[triggeredmodifier.cpp:114]: TriggeredModifier #99 tag = quanguoxiuzheng_junshi_28 name = 军事建筑
[triggeredmodifier.cpp:114]: TriggeredModifier #100 tag = quanguoxiuzheng_junshi_29 name = 军事建筑
[triggeredmodifier.cpp:114]: TriggeredModifier #101 tag = quanguoxiuzheng_junshi_30 name = 军事建筑
[triggeredmodifier.cpp:114]: TriggeredModifier #102 tag = quanguoxiuzheng_junshi_31 name = 军事建筑
[triggeredmodifier.cpp:114]: TriggeredModifier #103 tag = quanguoxiuzheng_junshi_32 name = 军事建筑
[triggeredmodifier.cpp:114]: TriggeredModifier #104 tag = quanguoxiuzheng_junshi_33 name = 军事建筑
[triggeredmodifier.cpp:114]: TriggeredModifier #105 tag = quanguoxiuzheng_junshi_34 name = 军事建筑
[triggeredmodifier.cpp:114]: TriggeredModifier #106 tag = quanguoxiuzheng_junshi_35 name = 军事建筑
[triggeredmodifier.cpp:114]: TriggeredModifier #107 tag = quanguoxiuzheng_junshi_36 name = 军事建筑
[triggeredmodifier.cpp:114]: TriggeredModifier #108 tag = quanguoxiuzheng_junshi_37 name = 军事建筑
[triggeredmodifier.cpp:114]: TriggeredModifier #109 tag = quanguoxiuzheng_junshi_38 name = 军事建筑
[triggeredmodifier.cpp:114]: TriggeredModifier #110 tag = quanguoxiuzheng_junshi_39 name = 军事建筑
[triggeredmodifier.cpp:114]: TriggeredModifier #111 tag = quanguoxiuzheng_junshi_40 name = 军事建筑
[triggeredmodifier.cpp:114]: TriggeredModifier #112 tag = quanguoxiuzheng_junshi_41 name = 军事建筑
[triggeredmodifier.cpp:114]: TriggeredModifier #113 tag = quanguoxiuzheng_junshi_42 name = 军事建筑
[triggeredmodifier.cpp:114]: TriggeredModifier #114 tag = quanguoxiuzheng_junshi_43 name = 军事建筑
[triggeredmodifier.cpp:114]: TriggeredModifier #115 tag = quanguoxiuzheng_junshi_44 name = 军事建筑
[triggeredmodifier.cpp:114]: TriggeredModifier #116 tag = quanguoxiuzheng_junshi_45 name = 军事建筑
[triggeredmodifier.cpp:114]: TriggeredModifier #117 tag = quanguoxiuzheng_junshi_46 name = 军事建筑
[triggeredmodifier.cpp:114]: TriggeredModifier #118 tag = quanguoxiuzheng_junshi_47 name = 军事建筑
[triggeredmodifier.cpp:114]: TriggeredModifier #119 tag = quanguoxiuzheng_junshi_48 name = 军事建筑
[triggeredmodifier.cpp:114]: TriggeredModifier #120 tag = quanguoxiuzheng_junshi_49 name = 军事建筑
[triggeredmodifier.cpp:114]: TriggeredModifier #121 tag = quanguoxiuzheng_junshi_50 name = 军事建筑
[triggeredmodifier.cpp:114]: TriggeredModifier #122 tag = quanguoxiuzheng_junshi_51 name = 军事建筑
[triggeredmodifier.cpp:114]: TriggeredModifier #123 tag = quanguoxiuzheng_junshi_52 name = 军事建筑
[triggeredmodifier.cpp:114]: TriggeredModifier #124 tag = quanguoxiuzheng_junshi_53 name = 军事建筑
[triggeredmodifier.cpp:114]: TriggeredModifier #125 tag = quanguoxiuzheng_junshi_54 name = 军事建筑
[triggeredmodifier.cpp:114]: TriggeredModifier #126 tag = quanguoxiuzheng_junshi_55 name = 军事建筑
[triggeredmodifier.cpp:114]: TriggeredModifier #127 tag = quanguoxiuzheng_junshi_56 name = 军事建筑
[triggeredmodifier.cpp:114]: TriggeredModifier #128 tag = quanguoxiuzheng_junshi_57 name = 军事建筑
[triggeredmodifier.cpp:114]: TriggeredModifier #129 tag = quanguoxiuzheng_junshi_58 name = 军事建筑
[triggeredmodifier.cpp:114]: TriggeredModifier #130 tag = quanguoxiuzheng_junshi_59 name = 军事建筑
[triggeredmodifier.cpp:114]: TriggeredModifier #131 tag = quanguoxiuzheng_junshi_60 name = 军事建筑
[triggeredmodifier.cpp:114]: TriggeredModifier #132 tag = quanguoxiuzheng_junshi_61 name = 军事建筑
[triggeredmodifier.cpp:114]: TriggeredModifier #133 tag = quanguoxiuzheng_junshi_62 name = 军事建筑
[triggeredmodifier.cpp:114]: TriggeredModifier #134 tag = quanguoxiuzheng_junshi_63 name = 军事建筑
[triggeredmodifier.cpp:114]: TriggeredModifier #135 tag = quanguoxiuzheng_junshi_64 name = 军事建筑
[triggeredmodifier.cpp:114]: TriggeredModifier #136 tag = quanguoxiuzheng_junshi_65 name = 军事建筑
[triggeredmodifier.cpp:114]: TriggeredModifier #137 tag = quanguoxiuzheng_junshi_66 name = 军事建筑
[triggeredmodifier.cpp:114]: TriggeredModifier #138 tag = quanguoxiuzheng_junshi_67 name = 军事建筑
[triggeredmodifier.cpp:114]: TriggeredModifier #139 tag = quanguoxiuzheng_junshi_68 name = 军事建筑
[triggeredmodifier.cpp:114]: TriggeredModifier #140 tag = quanguoxiuzheng_junshi_69 name = 军事建筑
[triggeredmodifier.cpp:114]: TriggeredModifier #141 tag = quanguoxiuzheng_junshi_70 name = 军事建筑
[triggeredmodifier.cpp:114]: TriggeredModifier #142 tag = quanguoxiuzheng_junshi_71 name = 军事建筑
[triggeredmodifier.cpp:114]: TriggeredModifier #143 tag = quanguoxiuzheng_junshi_72 name = 军事建筑
[triggeredmodifier.cpp:114]: TriggeredModifier #144 tag = quanguoxiuzheng_junshi_73 name = 军事建筑
[triggeredmodifier.cpp:114]: TriggeredModifier #145 tag = quanguoxiuzheng_junshi_74 name = 军事建筑
[triggeredmodifier.cpp:114]: TriggeredModifier #146 tag = quanguoxiuzheng_junshi_75 name = 军事建筑
[triggeredmodifier.cpp:114]: TriggeredModifier #147 tag = quanguoxiuzheng_junshi_76 name = 军事建筑
[triggeredmodifier.cpp:114]: TriggeredModifier #148 tag = quanguoxiuzheng_junshi_77 name = 军事建筑
[triggeredmodifier.cpp:114]: TriggeredModifier #149 tag = quanguoxiuzheng_junshi_78 name = 军事建筑
[triggeredmodifier.cpp:114]: TriggeredModifier #150 tag = quanguoxiuzheng_junshi_79 name = 军事建筑
[triggeredmodifier.cpp:114]: TriggeredModifier #151 tag = quanguoxiuzheng_junshi_80 name = 军事建筑
[triggeredmodifier.cpp:114]: TriggeredModifier #152 tag = quanguoxiuzheng_junshi_81 name = 军事建筑
[triggeredmodifier.cpp:114]: TriggeredModifier #153 tag = quanguoxiuzheng_junshi_82 name = 军事建筑
[triggeredmodifier.cpp:114]: TriggeredModifier #154 tag = quanguoxiuzheng_junshi_83 name = 军事建筑
[triggeredmodifier.cpp:114]: TriggeredModifier #155 tag = quanguoxiuzheng_junshi_84 name = 军事建筑
[triggeredmodifier.cpp:114]: TriggeredModifier #156 tag = quanguoxiuzheng_junshi_85 name = 军事建筑
[triggeredmodifier.cpp:114]: TriggeredModifier #157 tag = quanguoxiuzheng_junshi_86 name = 军事建筑
[triggeredmodifier.cpp:114]: TriggeredModifier #158 tag = quanguoxiuzheng_junshi_87 name = 军事建筑
[triggeredmodifier.cpp:114]: TriggeredModifier #159 tag = quanguoxiuzheng_junshi_88 name = 军事建筑
[triggeredmodifier.cpp:114]: TriggeredModifier #160 tag = quanguoxiuzheng_junshi_89 name = 军事建筑
[triggeredmodifier.cpp:114]: TriggeredModifier #161 tag = quanguoxiuzheng_junshi_90 name = 军事建筑
[triggeredmodifier.cpp:114]: TriggeredModifier #162 tag = quanguoxiuzheng_junshi_91 name = 军事建筑
[triggeredmodifier.cpp:114]: TriggeredModifier #163 tag = quanguoxiuzheng_junshi_92 name = 军事建筑
[triggeredmodifier.cpp:114]: TriggeredModifier #164 tag = quanguoxiuzheng_junshi_93 name = 军事建筑
[triggeredmodifier.cpp:114]: TriggeredModifier #165 tag = quanguoxiuzheng_junshi_94 name = 军事建筑
[triggeredmodifier.cpp:114]: TriggeredModifier #166 tag = quanguoxiuzheng_junshi_95 name = 军事建筑
[triggeredmodifier.cpp:114]: TriggeredModifier #167 tag = quanguoxiuzheng_junshi_96 name = 军事建筑
[triggeredmodifier.cpp:114]: TriggeredModifier #168 tag = quanguoxiuzheng_junshi_97 name = 军事建筑
[triggeredmodifier.cpp:114]: TriggeredModifier #169 tag = quanguoxiuzheng_junshi_98 name = 军事建筑
[triggeredmodifier.cpp:114]: TriggeredModifier #170 tag = quanguoxiuzheng_junshi_99 name = 军事建筑
[triggeredmodifier.cpp:114]: TriggeredModifier #171 tag = quanguoxiuzheng_junshi_100 name = 军事建筑
[triggeredmodifier.cpp:114]: TriggeredModifier #172 tag = quanguoxiuzheng_wenhua_1 name = 文化建筑
[triggeredmodifier.cpp:114]: TriggeredModifier #173 tag = quanguoxiuzheng_wenhua_2 name = 文化建筑
[triggeredmodifier.cpp:114]: TriggeredModifier #174 tag = quanguoxiuzheng_wenhua_3 name = 文化建筑
[triggeredmodifier.cpp:114]: TriggeredModifier #175 tag = quanguoxiuzheng_wenhua_4 name = 文化建筑
[triggeredmodifier.cpp:114]: TriggeredModifier #176 tag = quanguoxiuzheng_wenhua_5 name = 文化建筑
[triggeredmodifier.cpp:114]: TriggeredModifier #177 tag = quanguoxiuzheng_wenhua_6 name = 文化建筑
[triggeredmodifier.cpp:114]: TriggeredModifier #178 tag = quanguoxiuzheng_wenhua_7 name = 文化建筑
[triggeredmodifier.cpp:114]: TriggeredModifier #179 tag = quanguoxiuzheng_wenhua_8 name = 文化建筑
[triggeredmodifier.cpp:114]: TriggeredModifier #180 tag = quanguoxiuzheng_wenhua_9 name = 文化建筑
[triggeredmodifier.cpp:114]: TriggeredModifier #181 tag = quanguoxiuzheng_wenhua_10 name = 文化建筑
[triggeredmodifier.cpp:114]: TriggeredModifier #182 tag = quanguoxiuzheng_wenhua_11 name = 文化建筑
[triggeredmodifier.cpp:114]: TriggeredModifier #183 tag = quanguoxiuzheng_wenhua_12 name = 文化建筑
[triggeredmodifier.cpp:114]: TriggeredModifier #184 tag = quanguoxiuzheng_wenhua_13 name = 文化建筑
[triggeredmodifier.cpp:114]: TriggeredModifier #185 tag = quanguoxiuzheng_wenhua_14 name = 文化建筑
[triggeredmodifier.cpp:114]: TriggeredModifier #186 tag = quanguoxiuzheng_wenhua_15 name = 文化建筑
[triggeredmodifier.cpp:114]: TriggeredModifier #187 tag = quanguoxiuzheng_wenhua_16 name = 文化建筑
[triggeredmodifier.cpp:114]: TriggeredModifier #188 tag = quanguoxiuzheng_wenhua_17 name = 文化建筑
[triggeredmodifier.cpp:114]: TriggeredModifier #189 tag = quanguoxiuzheng_wenhua_18 name = 文化建筑
[triggeredmodifier.cpp:114]: TriggeredModifier #190 tag = quanguoxiuzheng_wenhua_19 name = 文化建筑
[triggeredmodifier.cpp:114]: TriggeredModifier #191 tag = quanguoxiuzheng_wenhua_20 name = 文化建筑
[triggeredmodifier.cpp:114]: TriggeredModifier #192 tag = quanguoxiuzheng_wenhua_21 name = 文化建筑
[triggeredmodifier.cpp:114]: TriggeredModifier #193 tag = quanguoxiuzheng_wenhua_22 name = 文化建筑
[triggeredmodifier.cpp:114]: TriggeredModifier #194 tag = quanguoxiuzheng_wenhua_23 name = 文化建筑
[triggeredmodifier.cpp:114]: TriggeredModifier #195 tag = quanguoxiuzheng_wenhua_24 name = 文化建筑
[triggeredmodifier.cpp:114]: TriggeredModifier #196 tag = quanguoxiuzheng_wenhua_25 name = 文化建筑
[triggeredmodifier.cpp:114]: TriggeredModifier #197 tag = quanguoxiuzheng_wenhua_26 name = 文化建筑
[triggeredmodifier.cpp:114]: TriggeredModifier #198 tag = quanguoxiuzheng_wenhua_27 name = 文化建筑
[triggeredmodifier.cpp:114]: TriggeredModifier #199 tag = quanguoxiuzheng_wenhua_28 name = 文化建筑
[triggeredmodifier.cpp:114]: TriggeredModifier #200 tag = quanguoxiuzheng_wenhua_29 name = 文化建筑
[triggeredmodifier.cpp:114]: TriggeredModifier #201 tag = quanguoxiuzheng_wenhua_30 name = 文化建筑
[triggeredmodifier.cpp:114]: TriggeredModifier #202 tag = quanguoxiuzheng_wenhua_31 name = 文化建筑
[triggeredmodifier.cpp:114]: TriggeredModifier #203 tag = quanguoxiuzheng_wenhua_32 name = 文化建筑
[triggeredmodifier.cpp:114]: TriggeredModifier #204 tag = quanguoxiuzheng_wenhua_33 name = 文化建筑
[triggeredmodifier.cpp:114]: TriggeredModifier #205 tag = quanguoxiuzheng_wenhua_34 name = 文化建筑
[triggeredmodifier.cpp:114]: TriggeredModifier #206 tag = quanguoxiuzheng_wenhua_35 name = 文化建筑
[triggeredmodifier.cpp:114]: TriggeredModifier #207 tag = quanguoxiuzheng_wenhua_36 name = 文化建筑
[triggeredmodifier.cpp:114]: TriggeredModifier #208 tag = quanguoxiuzheng_wenhua_37 name = 文化建筑
[triggeredmodifier.cpp:114]: TriggeredModifier #209 tag = quanguoxiuzheng_wenhua_38 name = 文化建筑
[triggeredmodifier.cpp:114]: TriggeredModifier #210 tag = quanguoxiuzheng_wenhua_39 name = 文化建筑
[triggeredmodifier.cpp:114]: TriggeredModifier #211 tag = quanguoxiuzheng_wenhua_40 name = 文化建筑
[triggeredmodifier.cpp:114]: TriggeredModifier #212 tag = quanguoxiuzheng_wenhua_41 name = 文化建筑
[triggeredmodifier.cpp:114]: TriggeredModifier #213 tag = quanguoxiuzheng_wenhua_42 name = 文化建筑
[triggeredmodifier.cpp:114]: TriggeredModifier #214 tag = quanguoxiuzheng_wenhua_43 name = 文化建筑
[triggeredmodifier.cpp:114]: TriggeredModifier #215 tag = quanguoxiuzheng_wenhua_44 name = 文化建筑
[triggeredmodifier.cpp:114]: TriggeredModifier #216 tag = quanguoxiuzheng_wenhua_45 name = 文化建筑
[triggeredmodifier.cpp:114]: TriggeredModifier #217 tag = quanguoxiuzheng_wenhua_46 name = 文化建筑
[triggeredmodifier.cpp:114]: TriggeredModifier #218 tag = quanguoxiuzheng_wenhua_47 name = 文化建筑
[triggeredmodifier.cpp:114]: TriggeredModifier #219 tag = quanguoxiuzheng_wenhua_48 name = 文化建筑
[triggeredmodifier.cpp:114]: TriggeredModifier #220 tag = quanguoxiuzheng_wenhua_49 name = 文化建筑
[triggeredmodifier.cpp:114]: TriggeredModifier #221 tag = quanguoxiuzheng_wenhua_50 name = 文化建筑
[triggeredmodifier.cpp:114]: TriggeredModifier #222 tag = quanguoxiuzheng_wenhua_51 name = 文化建筑
[triggeredmodifier.cpp:114]: TriggeredModifier #223 tag = quanguoxiuzheng_wenhua_52 name = 文化建筑
[triggeredmodifier.cpp:114]: TriggeredModifier #224 tag = quanguoxiuzheng_wenhua_53 name = 文化建筑
[triggeredmodifier.cpp:114]: TriggeredModifier #225 tag = quanguoxiuzheng_wenhua_54 name = 文化建筑
[triggeredmodifier.cpp:114]: TriggeredModifier #226 tag = quanguoxiuzheng_wenhua_55 name = 文化建筑
[triggeredmodifier.cpp:114]: TriggeredModifier #227 tag = quanguoxiuzheng_wenhua_56 name = 文化建筑
[triggeredmodifier.cpp:114]: TriggeredModifier #228 tag = quanguoxiuzheng_wenhua_57 name = 文化建筑
[triggeredmodifier.cpp:114]: TriggeredModifier #229 tag = quanguoxiuzheng_wenhua_58 name = 文化建筑
[triggeredmodifier.cpp:114]: TriggeredModifier #230 tag = quanguoxiuzheng_wenhua_59 name = 文化建筑
[triggeredmodifier.cpp:114]: TriggeredModifier #231 tag = quanguoxiuzheng_wenhua_60 name = 文化建筑
[triggeredmodifier.cpp:114]: TriggeredModifier #232 tag = quanguoxiuzheng_wenhua_61 name = 文化建筑
[triggeredmodifier.cpp:114]: TriggeredModifier #233 tag = quanguoxiuzheng_wenhua_62 name = 文化建筑
[triggeredmodifier.cpp:114]: TriggeredModifier #234 tag = quanguoxiuzheng_wenhua_63 name = 文化建筑
[triggeredmodifier.cpp:114]: TriggeredModifier #235 tag = quanguoxiuzheng_wenhua_64 name = 文化建筑
[triggeredmodifier.cpp:114]: TriggeredModifier #236 tag = quanguoxiuzheng_wenhua_65 name = 文化建筑
[triggeredmodifier.cpp:114]: TriggeredModifier #237 tag = quanguoxiuzheng_wenhua_66 name = 文化建筑
[triggeredmodifier.cpp:114]: TriggeredModifier #238 tag = quanguoxiuzheng_wenhua_67 name = 文化建筑
[triggeredmodifier.cpp:114]: TriggeredModifier #239 tag = quanguoxiuzheng_wenhua_68 name = 文化建筑
[triggeredmodifier.cpp:114]: TriggeredModifier #240 tag = quanguoxiuzheng_wenhua_69 name = 文化建筑
[triggeredmodifier.cpp:114]: TriggeredModifier #241 tag = quanguoxiuzheng_wenhua_70 name = 文化建筑
[triggeredmodifier.cpp:114]: TriggeredModifier #242 tag = quanguoxiuzheng_wenhua_71 name = 文化建筑
[triggeredmodifier.cpp:114]: TriggeredModifier #243 tag = quanguoxiuzheng_wenhua_72 name = 文化建筑
[triggeredmodifier.cpp:114]: TriggeredModifier #244 tag = quanguoxiuzheng_wenhua_73 name = 文化建筑
[triggeredmodifier.cpp:114]: TriggeredModifier #245 tag = quanguoxiuzheng_wenhua_74 name = 文化建筑
[triggeredmodifier.cpp:114]: TriggeredModifier #246 tag = quanguoxiuzheng_wenhua_75 name = 文化建筑
[triggeredmodifier.cpp:114]: TriggeredModifier #247 tag = quanguoxiuzheng_wenhua_76 name = 文化建筑
[triggeredmodifier.cpp:114]: TriggeredModifier #248 tag = quanguoxiuzheng_wenhua_77 name = 文化建筑
[triggeredmodifier.cpp:114]: TriggeredModifier #249 tag = quanguoxiuzheng_wenhua_78 name = 文化建筑
[triggeredmodifier.cpp:114]: TriggeredModifier #250 tag = quanguoxiuzheng_wenhua_79 name = 文化建筑
[triggeredmodifier.cpp:114]: TriggeredModifier #251 tag = quanguoxiuzheng_wenhua_80 name = 文化建筑
[triggeredmodifier.cpp:114]: TriggeredModifier #252 tag = quanguoxiuzheng_wenhua_81 name = 文化建筑
[triggeredmodifier.cpp:114]: TriggeredModifier #253 tag = quanguoxiuzheng_wenhua_82 name = 文化建筑
[triggeredmodifier.cpp:114]: TriggeredModifier #254 tag = quanguoxiuzheng_wenhua_83 name = 文化建筑
[triggeredmodifier.cpp:114]: TriggeredModifier #255 tag = quanguoxiuzheng_wenhua_84 name = 文化建筑
[triggeredmodifier.cpp:114]: TriggeredModifier #256 tag = quanguoxiuzheng_wenhua_85 name = 文化建筑
[triggeredmodifier.cpp:114]: TriggeredModifier #257 tag = quanguoxiuzheng_wenhua_86 name = 文化建筑
[triggeredmodifier.cpp:114]: TriggeredModifier #258 tag = quanguoxiuzheng_wenhua_87 name = 文化建筑
[triggeredmodifier.cpp:114]: TriggeredModifier #259 tag = quanguoxiuzheng_wenhua_88 name = 文化建筑
[triggeredmodifier.cpp:114]: TriggeredModifier #260 tag = quanguoxiuzheng_wenhua_89 name = 文化建筑
[triggeredmodifier.cpp:114]: TriggeredModifier #261 tag = quanguoxiuzheng_wenhua_90 name = 文化建筑
[triggeredmodifier.cpp:114]: TriggeredModifier #262 tag = quanguoxiuzheng_wenhua_91 name = 文化建筑
[triggeredmodifier.cpp:114]: TriggeredModifier #263 tag = quanguoxiuzheng_wenhua_92 name = 文化建筑
[triggeredmodifier.cpp:114]: TriggeredModifier #264 tag = quanguoxiuzheng_wenhua_93 name = 文化建筑
[triggeredmodifier.cpp:114]: TriggeredModifier #265 tag = quanguoxiuzheng_wenhua_94 name = 文化建筑
[triggeredmodifier.cpp:114]: TriggeredModifier #266 tag = quanguoxiuzheng_wenhua_95 name = 文化建筑
[triggeredmodifier.cpp:114]: TriggeredModifier #267 tag = quanguoxiuzheng_wenhua_96 name = 文化建筑
[triggeredmodifier.cpp:114]: TriggeredModifier #268 tag = quanguoxiuzheng_wenhua_97 name = 文化建筑
[triggeredmodifier.cpp:114]: TriggeredModifier #269 tag = quanguoxiuzheng_wenhua_98 name = 文化建筑
[triggeredmodifier.cpp:114]: TriggeredModifier #270 tag = quanguoxiuzheng_wenhua_99 name = 文化建筑
[triggeredmodifier.cpp:114]: TriggeredModifier #271 tag = quanguoxiuzheng_wenhua_100 name = 文化建筑
[triggeredmodifier.cpp:114]: TriggeredModifier #272 tag = quanguoxiuzheng_wenhua_101 name = 文化建筑
[triggeredmodifier.cpp:114]: TriggeredModifier #273 tag = quanguoxiuzheng_wenhua_102 name = 文化建筑
[triggeredmodifier.cpp:114]: TriggeredModifier #274 tag = quanguoxiuzheng_wenhua_103 name = 文化建筑
[triggeredmodifier.cpp:114]: TriggeredModifier #275 tag = quanguoxiuzheng_wenhua_104 name = 文化建筑
[triggeredmodifier.cpp:114]: TriggeredModifier #276 tag = quanguoxiuzheng_wenhua_105 name = 文化建筑
[triggeredmodifier.cpp:114]: TriggeredModifier #277 tag = quanguoxiuzheng_wenhua_106 name = 文化建筑
[triggeredmodifier.cpp:114]: TriggeredModifier #278 tag = quanguoxiuzheng_wenhua_107 name = 文化建筑
[triggeredmodifier.cpp:114]: TriggeredModifier #279 tag = quanguoxiuzheng_wenhua_108 name = 文化建筑
[triggeredmodifier.cpp:114]: TriggeredModifier #280 tag = quanguoxiuzheng_wenhua_109 name = 文化建筑
[triggeredmodifier.cpp:114]: TriggeredModifier #281 tag = quanguoxiuzheng_wenhua_110 name = 文化建筑
[triggeredmodifier.cpp:114]: TriggeredModifier #282 tag = quanguoxiuzheng_wenhua_111 name = 文化建筑
[triggeredmodifier.cpp:114]: TriggeredModifier #283 tag = quanguoxiuzheng_wenhua_112 name = 文化建筑
[triggeredmodifier.cpp:114]: TriggeredModifier #284 tag = quanguoxiuzheng_wenhua_113 name = 文化建筑
[triggeredmodifier.cpp:114]: TriggeredModifier #285 tag = quanguoxiuzheng_wenhua_114 name = 文化建筑
[triggeredmodifier.cpp:114]: TriggeredModifier #286 tag = quanguoxiuzheng_wenhua_115 name = 文化建筑
[triggeredmodifier.cpp:114]: TriggeredModifier #287 tag = quanguoxiuzheng_wenhua_116 name = 文化建筑
[triggeredmodifier.cpp:114]: TriggeredModifier #288 tag = quanguoxiuzheng_wenhua_117 name = 文化建筑
[triggeredmodifier.cpp:114]: TriggeredModifier #289 tag = quanguoxiuzheng_wenhua_118 name = 文化建筑
[triggeredmodifier.cpp:114]: TriggeredModifier #290 tag = quanguoxiuzheng_wenhua_119 name = 文化建筑
[triggeredmodifier.cpp:114]: TriggeredModifier #291 tag = quanguoxiuzheng_wenhua_120 name = 文化建筑
[triggeredmodifier.cpp:114]: TriggeredModifier #292 tag = quanguoxiuzheng_wenhua_121 name = 文化建筑
[triggeredmodifier.cpp:114]: TriggeredModifier #293 tag = quanguoxiuzheng_wenhua_122 name = 文化建筑
[triggeredmodifier.cpp:114]: TriggeredModifier #294 tag = quanguoxiuzheng_wenhua_123 name = 文化建筑
[triggeredmodifier.cpp:114]: TriggeredModifier #295 tag = quanguoxiuzheng_wenhua_124 name = 文化建筑
[triggeredmodifier.cpp:114]: TriggeredModifier #296 tag = quanguoxiuzheng_wenhua_125 name = 文化建筑
[triggeredmodifier.cpp:114]: TriggeredModifier #297 tag = quanguoxiuzheng_wenhua_126 name = 文化建筑
[triggeredmodifier.cpp:114]: TriggeredModifier #298 tag = quanguoxiuzheng_wenhua_127 name = 文化建筑
[triggeredmodifier.cpp:114]: TriggeredModifier #299 tag = quanguoxiuzheng_wenhua_128 name = 文化建筑
[triggeredmodifier.cpp:114]: TriggeredModifier #300 tag = quanguoxiuzheng_wenhua_129 name = 文化建筑
[triggeredmodifier.cpp:114]: TriggeredModifier #301 tag = quanguoxiuzheng_wenhua_130 name = 文化建筑
[triggeredmodifier.cpp:114]: TriggeredModifier #302 tag = quanguoxiuzheng_wenhua_131 name = 文化建筑
[triggeredmodifier.cpp:114]: TriggeredModifier #303 tag = quanguoxiuzheng_wenhua_132 name = 文化建筑
[triggeredmodifier.cpp:114]: TriggeredModifier #304 tag = quanguoxiuzheng_wenhua_133 name = 文化建筑
[triggeredmodifier.cpp:114]: TriggeredModifier #305 tag = quanguoxiuzheng_wenhua_134 name = 文化建筑
[triggeredmodifier.cpp:114]: TriggeredModifier #306 tag = quanguoxiuzheng_wenhua_135 name = 文化建筑
[triggeredmodifier.cpp:114]: TriggeredModifier #307 tag = quanguoxiuzheng_wenhua_136 name = 文化建筑
[triggeredmodifier.cpp:114]: TriggeredModifier #308 tag = quanguoxiuzheng_wenhua_137 name = 文化建筑
[triggeredmodifier.cpp:114]: TriggeredModifier #309 tag = quanguoxiuzheng_wenhua_138 name = 文化建筑
[triggeredmodifier.cpp:114]: TriggeredModifier #310 tag = quanguoxiuzheng_wenhua_139 name = 文化建筑
[triggeredmodifier.cpp:114]: TriggeredModifier #311 tag = quanguoxiuzheng_wenhua_140 name = 文化建筑
[triggeredmodifier.cpp:114]: TriggeredModifier #312 tag = quanguoxiuzheng_wenhua_141 name = 文化建筑
[triggeredmodifier.cpp:114]: TriggeredModifier #313 tag = quanguoxiuzheng_wenhua_142 name = 文化建筑
[triggeredmodifier.cpp:114]: TriggeredModifier #314 tag = quanguoxiuzheng_wenhua_143 name = 文化建筑
[triggeredmodifier.cpp:114]: TriggeredModifier #315 tag = quanguoxiuzheng_wenhua_144 name = 文化建筑
[triggeredmodifier.cpp:114]: TriggeredModifier #316 tag = quanguoxiuzheng_wenhua_145 name = 文化建筑
[triggeredmodifier.cpp:114]: TriggeredModifier #317 tag = quanguoxiuzheng_wenhua_146 name = 文化建筑
[triggeredmodifier.cpp:114]: TriggeredModifier #318 tag = quanguoxiuzheng_wenhua_147 name = 文化建筑
[triggeredmodifier.cpp:114]: TriggeredModifier #319 tag = quanguoxiuzheng_wenhua_148 name = 文化建筑
[triggeredmodifier.cpp:114]: TriggeredModifier #320 tag = quanguoxiuzheng_wenhua_149 name = 文化建筑
[triggeredmodifier.cpp:114]: TriggeredModifier #321 tag = quanguoxiuzheng_wenhua_150 name = 文化建筑
[triggeredmodifier.cpp:114]: TriggeredModifier #322 tag = quanguoxiuzheng_wenhua_151 name = 文化建筑
[triggeredmodifier.cpp:114]: TriggeredModifier #323 tag = quanguoxiuzheng_wenhua_152 name = 文化建筑
[triggeredmodifier.cpp:114]: TriggeredModifier #324 tag = quanguoxiuzheng_wenhua_153 name = 文化建筑
[triggeredmodifier.cpp:114]: TriggeredModifier #325 tag = quanguoxiuzheng_wenhua_154 name = 文化建筑
[triggeredmodifier.cpp:114]: TriggeredModifier #326 tag = quanguoxiuzheng_wenhua_155 name = 文化建筑
[triggeredmodifier.cpp:114]: TriggeredModifier #327 tag = quanguoxiuzheng_wenhua_156 name = 文化建筑
[triggeredmodifier.cpp:114]: TriggeredModifier #328 tag = quanguoxiuzheng_wenhua_157 name = 文化建筑
[triggeredmodifier.cpp:114]: TriggeredModifier #329 tag = quanguoxiuzheng_wenhua_158 name = 文化建筑
[triggeredmodifier.cpp:114]: TriggeredModifier #330 tag = quanguoxiuzheng_wenhua_159 name = 文化建筑
[triggeredmodifier.cpp:114]: TriggeredModifier #331 tag = quanguoxiuzheng_wenhua_160 name = 文化建筑
[triggeredmodifier.cpp:114]: TriggeredModifier #332 tag = quanguoxiuzheng_wenhua_161 name = 文化建筑
[triggeredmodifier.cpp:114]: TriggeredModifier #333 tag = quanguoxiuzheng_wenhua_162 name = 文化建筑
[triggeredmodifier.cpp:114]: TriggeredModifier #334 tag = quanguoxiuzheng_wenhua_163 name = 文化建筑
[triggeredmodifier.cpp:114]: TriggeredModifier #335 tag = quanguoxiuzheng_wenhua_164 name = 文化建筑
[triggeredmodifier.cpp:114]: TriggeredModifier #336 tag = quanguoxiuzheng_wenhua_165 name = 文化建筑
[triggeredmodifier.cpp:114]: TriggeredModifier #337 tag = quanguoxiuzheng_wenhua_166 name = 文化建筑
[triggeredmodifier.cpp:114]: TriggeredModifier #338 tag = quanguoxiuzheng_wenhua_167 name = 文化建筑
[triggeredmodifier.cpp:114]: TriggeredModifier #339 tag = quanguoxiuzheng_wenhua_168 name = 文化建筑
[triggeredmodifier.cpp:114]: TriggeredModifier #340 tag = quanguoxiuzheng_wenhua_169 name = 文化建筑
[triggeredmodifier.cpp:114]: TriggeredModifier #341 tag = quanguoxiuzheng_wenhua_170 name = 文化建筑
[triggeredmodifier.cpp:114]: TriggeredModifier #342 tag = quanguoxiuzheng_wenhua_171 name = 文化建筑
[triggeredmodifier.cpp:114]: TriggeredModifier #343 tag = quanguoxiuzheng_wenhua_172 name = 文化建筑
[triggeredmodifier.cpp:114]: TriggeredModifier #344 tag = quanguoxiuzheng_wenhua_173 name = 文化建筑
[triggeredmodifier.cpp:114]: TriggeredModifier #345 tag = quanguoxiuzheng_wenhua_174 name = 文化建筑
[triggeredmodifier.cpp:114]: TriggeredModifier #346 tag = quanguoxiuzheng_wenhua_175 name = 文化建筑
[triggeredmodifier.cpp:114]: TriggeredModifier #347 tag = quanguoxiuzheng_wenhua_176 name = 文化建筑
[triggeredmodifier.cpp:114]: TriggeredModifier #348 tag = quanguoxiuzheng_wenhua_177 name = 文化建筑
[triggeredmodifier.cpp:114]: TriggeredModifier #349 tag = quanguoxiuzheng_wenhua_178 name = 文化建筑
[triggeredmodifier.cpp:114]: TriggeredModifier #350 tag = quanguoxiuzheng_wenhua_179 name = 文化建筑
[triggeredmodifier.cpp:114]: TriggeredModifier #351 tag = quanguoxiuzheng_wenhua_180 name = 文化建筑
[triggeredmodifier.cpp:114]: TriggeredModifier #352 tag = quanguoxiuzheng_wenhua_181 name = 文化建筑
[triggeredmodifier.cpp:114]: TriggeredModifier #353 tag = quanguoxiuzheng_wenhua_182 name = 文化建筑
[triggeredmodifier.cpp:114]: TriggeredModifier #354 tag = quanguoxiuzheng_wenhua_183 name = 文化建筑
[triggeredmodifier.cpp:114]: TriggeredModifier #355 tag = quanguoxiuzheng_wenhua_184 name = 文化建筑
[triggeredmodifier.cpp:114]: TriggeredModifier #356 tag = quanguoxiuzheng_wenhua_185 name = 文化建筑
[triggeredmodifier.cpp:114]: TriggeredModifier #357 tag = quanguoxiuzheng_wenhua_186 name = 文化建筑
[triggeredmodifier.cpp:114]: TriggeredModifier #358 tag = quanguoxiuzheng_wenhua_187 name = 文化建筑
[triggeredmodifier.cpp:114]: TriggeredModifier #359 tag = quanguoxiuzheng_wenhua_188 name = 文化建筑
[triggeredmodifier.cpp:114]: TriggeredModifier #360 tag = quanguoxiuzheng_wenhua_189 name = 文化建筑
[triggeredmodifier.cpp:114]: TriggeredModifier #361 tag = quanguoxiuzheng_wenhua_190 name = 文化建筑
[triggeredmodifier.cpp:114]: TriggeredModifier #362 tag = quanguoxiuzheng_monarch_territory_1 name = 君主直辖1
[triggeredmodifier.cpp:114]: TriggeredModifier #363 tag = quanguoxiuzheng_monarch_territory_2 name = 君主直辖2
[triggeredmodifier.cpp:114]: TriggeredModifier #364 tag = quanguoxiuzheng_monarch_territory_3 name = 君主直辖3
[triggeredmodifier.cpp:114]: TriggeredModifier #365 tag = quanguoxiuzheng_monarch_territory_4 name = 君主直辖4
[triggeredmodifier.cpp:114]: TriggeredModifier #366 tag = quanguoxiuzheng_monarch_territory_5 name = 君主直辖5
[triggeredmodifier.cpp:114]: TriggeredModifier #367 tag = quanguoxiuzheng_monarch_territory_6 name = 君主直辖6
[triggeredmodifier.cpp:114]: TriggeredModifier #368 tag = quanguoxiuzheng_monarch_territory_7 name = 君主直辖7
[triggeredmodifier.cpp:114]: TriggeredModifier #369 tag = quanguoxiuzheng_monarch_territory_8 name = 君主直辖8
[triggeredmodifier.cpp:114]: TriggeredModifier #370 tag = quanguoxiuzheng_monarch_territory_9 name = 君主直辖9
[triggeredmodifier.cpp:114]: TriggeredModifier #371 tag = quanguoxiuzheng_monarch_territory_10 name = 君主直辖10
[triggeredmodifier.cpp:114]: TriggeredModifier #372 tag = quanguoxiuzheng_monarch_territory_11 name = 君主直辖11
[triggeredmodifier.cpp:114]: TriggeredModifier #373 tag = quanguoxiuzheng_monarch_territory_12 name = 君主直辖12
[triggeredmodifier.cpp:114]: TriggeredModifier #374 tag = quanguoxiuzheng_monarch_territory_13 name = 君主直辖13
[triggeredmodifier.cpp:114]: TriggeredModifier #375 tag = quanguoxiuzheng_monarch_territory_14 name = 君主直辖14
[triggeredmodifier.cpp:114]: TriggeredModifier #376 tag = quanguoxiuzheng_monarch_territory_15 name = 君主直辖15
[triggeredmodifier.cpp:114]: TriggeredModifier #377 tag = quanguoxiuzheng_monarch_territory_16 name = 君主直辖16
[triggeredmodifier.cpp:114]: TriggeredModifier #378 tag = quanguoxiuzheng_monarch_territory_17 name = 君主直辖17
[triggeredmodifier.cpp:114]: TriggeredModifier #379 tag = quanguoxiuzheng_monarch_territory_18 name = 君主直辖18
[triggeredmodifier.cpp:114]: TriggeredModifier #380 tag = quanguoxiuzheng_monarch_territory_19 name = 君主直辖19
[triggeredmodifier.cpp:114]: TriggeredModifier #381 tag = quanguoxiuzheng_monarch_territory_20 name = 君主直辖20
[triggeredmodifier.cpp:114]: TriggeredModifier #382 tag = quanguoxiuzheng_monarch_territory_21 name = 君主直辖21
[triggeredmodifier.cpp:114]: TriggeredModifier #383 tag = quanguoxiuzheng_monarch_territory_22 name = 君主直辖22
[triggeredmodifier.cpp:114]: TriggeredModifier #384 tag = quanguoxiuzheng_monarch_territory_23 name = 君主直辖23
[triggeredmodifier.cpp:114]: TriggeredModifier #385 tag = quanguoxiuzheng_monarch_territory_24 name = 君主直辖24
[triggeredmodifier.cpp:114]: TriggeredModifier #386 tag = quanguoxiuzheng_monarch_territory_25 name = 君主直辖25
[triggeredmodifier.cpp:114]: TriggeredModifier #387 tag = quanguoxiuzheng_monarch_territory_26 name = 君主直辖26
[triggeredmodifier.cpp:114]: TriggeredModifier #388 tag = quanguoxiuzheng_monarch_territory_27 name = 君主直辖27
[triggeredmodifier.cpp:114]: TriggeredModifier #389 tag = quanguoxiuzheng_monarch_territory_28 name = 君主直辖28
[triggeredmodifier.cpp:114]: TriggeredModifier #390 tag = quanguoxiuzheng_monarch_territory_29 name = 君主直辖29
[triggeredmodifier.cpp:114]: TriggeredModifier #391 tag = quanguoxiuzheng_monarch_territory_30 name = 君主直辖30
[triggeredmodifier.cpp:114]: TriggeredModifier #392 tag = quanguoxiuzheng_monarch_territory_31 name = 君主直辖31
[triggeredmodifier.cpp:114]: TriggeredModifier #393 tag = quanguoxiuzheng_monarch_territory_32 name = 君主直辖32
[triggeredmodifier.cpp:114]: TriggeredModifier #394 tag = quanguoxiuzheng_monarch_territory_33 name = 君主直辖33
[triggeredmodifier.cpp:114]: TriggeredModifier #395 tag = quanguoxiuzheng_monarch_territory_34 name = 君主直辖34
[triggeredmodifier.cpp:114]: TriggeredModifier #396 tag = quanguoxiuzheng_monarch_territory_35 name = 君主直辖35
[triggeredmodifier.cpp:114]: TriggeredModifier #397 tag = quanguoxiuzheng_monarch_territory_36 name = 君主直辖36
[triggeredmodifier.cpp:114]: TriggeredModifier #398 tag = quanguoxiuzheng_monarch_territory_37 name = 君主直辖37
[triggeredmodifier.cpp:114]: TriggeredModifier #399 tag = quanguoxiuzheng_monarch_territory_38 name = 君主直辖38
[triggeredmodifier.cpp:114]: TriggeredModifier #400 tag = quanguoxiuzheng_monarch_territory_39 name = 君主直辖39
[triggeredmodifier.cpp:114]: TriggeredModifier #401 tag = quanguoxiuzheng_monarch_territory_40 name = 君主直辖40
[triggeredmodifier.cpp:114]: TriggeredModifier #402 tag = quanguoxiuzheng_monarch_territory_41 name = 君主直辖41
[triggeredmodifier.cpp:114]: TriggeredModifier #403 tag = quanguoxiuzheng_monarch_territory_42 name = 君主直辖42
[triggeredmodifier.cpp:114]: TriggeredModifier #404 tag = quanguoxiuzheng_monarch_territory_43 name = 君主直辖43
[triggeredmodifier.cpp:114]: TriggeredModifier #405 tag = quanguoxiuzheng_monarch_territory_44 name = 君主直辖44
[triggeredmodifier.cpp:114]: TriggeredModifier #406 tag = quanguoxiuzheng_monarch_territory_45 name = 君主直辖45
[triggeredmodifier.cpp:114]: TriggeredModifier #407 tag = quanguoxiuzheng_monarch_territory_46 name = 君主直辖46
[triggeredmodifier.cpp:114]: TriggeredModifier #408 tag = quanguoxiuzheng_monarch_territory_47 name = 君主直辖47
[triggeredmodifier.cpp:114]: TriggeredModifier #409 tag = quanguoxiuzheng_monarch_territory_48 name = 君主直辖48
[triggeredmodifier.cpp:114]: TriggeredModifier #410 tag = quanguoxiuzheng_monarch_territory_49 name = 君主直辖49
[triggeredmodifier.cpp:114]: TriggeredModifier #411 tag = quanguoxiuzheng_monarch_territory_50 name = 君主直辖50
[triggeredmodifier.cpp:114]: TriggeredModifier #412 tag = quanguoxiuzheng_monarch_territory_51 name = 君主直辖51
[triggeredmodifier.cpp:114]: TriggeredModifier #413 tag = quanguoxiuzheng_monarch_territory_52 name = 君主直辖52
[triggeredmodifier.cpp:114]: TriggeredModifier #414 tag = quanguoxiuzheng_monarch_territory_53 name = 君主直辖53
[triggeredmodifier.cpp:114]: TriggeredModifier #415 tag = quanguoxiuzheng_monarch_territory_54 name = 君主直辖54
[triggeredmodifier.cpp:114]: TriggeredModifier #416 tag = quanguoxiuzheng_monarch_territory_55 name = 君主直辖55
[triggeredmodifier.cpp:114]: TriggeredModifier #417 tag = quanguoxiuzheng_monarch_territory_56 name = 君主直辖56
[triggeredmodifier.cpp:114]: TriggeredModifier #418 tag = quanguoxiuzheng_monarch_territory_57 name = 君主直辖57
[triggeredmodifier.cpp:114]: TriggeredModifier #419 tag = quanguoxiuzheng_monarch_territory_58 name = 君主直辖58
[triggeredmodifier.cpp:114]: TriggeredModifier #420 tag = quanguoxiuzheng_monarch_territory_59 name = 君主直辖59
[triggeredmodifier.cpp:114]: TriggeredModifier #421 tag = quanguoxiuzheng_monarch_territory_60 name = 君主直辖60
[triggeredmodifier.cpp:114]: TriggeredModifier #422 tag = quanguoxiuzheng_monarch_territory_61 name = 君主直辖61
[triggeredmodifier.cpp:114]: TriggeredModifier #423 tag = quanguoxiuzheng_monarch_territory_62 name = 君主直辖62
[triggeredmodifier.cpp:114]: TriggeredModifier #424 tag = quanguoxiuzheng_monarch_territory_63 name = 君主直辖63
[triggeredmodifier.cpp:114]: TriggeredModifier #425 tag = quanguoxiuzheng_monarch_territory_64 name = 君主直辖64
[triggeredmodifier.cpp:114]: TriggeredModifier #426 tag = quanguoxiuzheng_monarch_territory_65 name = 君主直辖65
[triggeredmodifier.cpp:114]: TriggeredModifier #427 tag = quanguoxiuzheng_monarch_territory_66 name = 君主直辖66
[triggeredmodifier.cpp:114]: TriggeredModifier #428 tag = quanguoxiuzheng_monarch_territory_67 name = 君主直辖67
[triggeredmodifier.cpp:114]: TriggeredModifier #429 tag = quanguoxiuzheng_monarch_territory_68 name = 君主直辖68
[triggeredmodifier.cpp:114]: TriggeredModifier #430 tag = quanguoxiuzheng_monarch_territory_69 name = 君主直辖69
[triggeredmodifier.cpp:114]: TriggeredModifier #431 tag = quanguoxiuzheng_monarch_territory_70 name = 君主直辖70
[triggeredmodifier.cpp:114]: TriggeredModifier #432 tag = quanguoxiuzheng_monarch_territory_71 name = 君主直辖71
[triggeredmodifier.cpp:114]: TriggeredModifier #433 tag = quanguoxiuzheng_monarch_territory_72 name = 君主直辖72
[triggeredmodifier.cpp:114]: TriggeredModifier #434 tag = quanguoxiuzheng_monarch_territory_73 name = 君主直辖73
[triggeredmodifier.cpp:114]: TriggeredModifier #435 tag = quanguoxiuzheng_monarch_territory_74 name = 君主直辖74
[triggeredmodifier.cpp:114]: TriggeredModifier #436 tag = quanguoxiuzheng_monarch_territory_75 name = 君主直辖75
[triggeredmodifier.cpp:114]: TriggeredModifier #437 tag = quanguoxiuzheng_monarch_territory_76 name = 君主直辖76
[triggeredmodifier.cpp:114]: TriggeredModifier #438 tag = quanguoxiuzheng_monarch_territory_77 name = 君主直辖77
[triggeredmodifier.cpp:114]: TriggeredModifier #439 tag = quanguoxiuzheng_monarch_territory_78 name = 君主直辖78
[triggeredmodifier.cpp:114]: TriggeredModifier #440 tag = quanguoxiuzheng_monarch_territory_79 name = 君主直辖79
[triggeredmodifier.cpp:114]: TriggeredModifier #441 tag = quanguoxiuzheng_monarch_territory_80 name = 君主直辖80
[triggeredmodifier.cpp:114]: TriggeredModifier #442 tag = quanguoxiuzheng_monarch_territory_81 name = 君主直辖81
[triggeredmodifier.cpp:114]: TriggeredModifier #443 tag = quanguoxiuzheng_monarch_territory_82 name = 君主直辖82
[triggeredmodifier.cpp:114]: TriggeredModifier #444 tag = quanguoxiuzheng_monarch_territory_83 name = 君主直辖83
[triggeredmodifier.cpp:114]: TriggeredModifier #445 tag = quanguoxiuzheng_monarch_territory_84 name = 君主直辖84
[triggeredmodifier.cpp:114]: TriggeredModifier #446 tag = quanguoxiuzheng_monarch_territory_85 name = 君主直辖85
[triggeredmodifier.cpp:114]: TriggeredModifier #447 tag = quanguoxiuzheng_monarch_territory_86 name = 君主直辖86
[triggeredmodifier.cpp:114]: TriggeredModifier #448 tag = quanguoxiuzheng_monarch_territory_87 name = 君主直辖87
[triggeredmodifier.cpp:114]: TriggeredModifier #449 tag = quanguoxiuzheng_monarch_territory_88 name = 君主直辖88
[triggeredmodifier.cpp:114]: TriggeredModifier #450 tag = quanguoxiuzheng_monarch_territory_89 name = 君主直辖89
[triggeredmodifier.cpp:114]: TriggeredModifier #451 tag = quanguoxiuzheng_monarch_territory_90 name = 君主直辖90
[triggeredmodifier.cpp:114]: TriggeredModifier #452 tag = quanguoxiuzheng_monarch_territory_91 name = 君主直辖91
[triggeredmodifier.cpp:114]: TriggeredModifier #453 tag = quanguoxiuzheng_monarch_territory_92 name = 君主直辖92
[triggeredmodifier.cpp:114]: TriggeredModifier #454 tag = quanguoxiuzheng_monarch_territory_93 name = 君主直辖93
[triggeredmodifier.cpp:114]: TriggeredModifier #455 tag = quanguoxiuzheng_monarch_territory_94 name = 君主直辖94
[triggeredmodifier.cpp:114]: TriggeredModifier #456 tag = quanguoxiuzheng_monarch_territory_95 name = 君主直辖95
[triggeredmodifier.cpp:114]: TriggeredModifier #457 tag = quanguoxiuzheng_monarch_territory_96 name = 君主直辖96
[triggeredmodifier.cpp:114]: TriggeredModifier #458 tag = quanguoxiuzheng_monarch_territory_97 name = 君主直辖97
[triggeredmodifier.cpp:114]: TriggeredModifier #459 tag = quanguoxiuzheng_monarch_territory_98 name = 君主直辖98
[triggeredmodifier.cpp:114]: TriggeredModifier #460 tag = quanguoxiuzheng_monarch_territory_99 name = 君主直辖99
[triggeredmodifier.cpp:114]: TriggeredModifier #461 tag = quanguoxiuzheng_monarch_territory_100 name = 君主直辖100
[triggeredmodifier.cpp:114]: TriggeredModifier #462 tag = quanguoxiuzheng_zhengtongrenhe_1 name = 政通人和1
[triggeredmodifier.cpp:114]: TriggeredModifier #463 tag = quanguoxiuzheng_zhengtongrenhe_2 name = 政通人和2
[triggeredmodifier.cpp:114]: TriggeredModifier #464 tag = quanguoxiuzheng_zhengtongrenhe_3 name = 政通人和3
[triggeredmodifier.cpp:114]: TriggeredModifier #465 tag = quanguoxiuzheng_zhengtongrenhe_4 name = 政通人和4
[triggeredmodifier.cpp:114]: TriggeredModifier #466 tag = quanguoxiuzheng_zhengtongrenhe_5 name = 政通人和5
[triggeredmodifier.cpp:114]: TriggeredModifier #467 tag = quanguoxiuzheng_zhengtongrenhe_6 name = 政通人和6
[triggeredmodifier.cpp:114]: TriggeredModifier #468 tag = quanguoxiuzheng_zhengtongrenhe_7 name = 政通人和7
[triggeredmodifier.cpp:114]: TriggeredModifier #469 tag = quanguoxiuzheng_zhengtongrenhe_8 name = 政通人和8
[triggeredmodifier.cpp:114]: TriggeredModifier #470 tag = quanguoxiuzheng_zhengtongrenhe_9 name = 政通人和9
[triggeredmodifier.cpp:114]: TriggeredModifier #471 tag = quanguoxiuzheng_zhengtongrenhe_10 name = 政通人和10
[triggeredmodifier.cpp:114]: TriggeredModifier #472 tag = quanguoxiuzheng_zhengtongrenhe_11 name = 政通人和11
[triggeredmodifier.cpp:114]: TriggeredModifier #473 tag = quanguoxiuzheng_zhengtongrenhe_12 name = 政通人和12
[triggeredmodifier.cpp:114]: TriggeredModifier #474 tag = quanguoxiuzheng_zhengtongrenhe_13 name = 政通人和13
[triggeredmodifier.cpp:114]: TriggeredModifier #475 tag = quanguoxiuzheng_zhengtongrenhe_14 name = 政通人和14
[triggeredmodifier.cpp:114]: TriggeredModifier #476 tag = quanguoxiuzheng_zhengtongrenhe_15 name = 政通人和15
[triggeredmodifier.cpp:114]: TriggeredModifier #477 tag = quanguoxiuzheng_zhengtongrenhe_16 name = 政通人和16
[triggeredmodifier.cpp:114]: TriggeredModifier #478 tag = quanguoxiuzheng_zhengtongrenhe_17 name = 政通人和17
[triggeredmodifier.cpp:114]: TriggeredModifier #479 tag = quanguoxiuzheng_zhengtongrenhe_18 name = 政通人和18
[triggeredmodifier.cpp:114]: TriggeredModifier #480 tag = quanguoxiuzheng_zhengtongrenhe_19 name = 政通人和19
[triggeredmodifier.cpp:114]: TriggeredModifier #481 tag = quanguoxiuzheng_zhengtongrenhe_20 name = 政通人和20
[triggeredmodifier.cpp:114]: TriggeredModifier #482 tag = quanguoxiuzheng_zhengtongrenhe_21 name = 政通人和21
[triggeredmodifier.cpp:114]: TriggeredModifier #483 tag = quanguoxiuzheng_zhengtongrenhe_22 name = 政通人和22
[triggeredmodifier.cpp:114]: TriggeredModifier #484 tag = quanguoxiuzheng_zhengtongrenhe_23 name = 政通人和23
[triggeredmodifier.cpp:114]: TriggeredModifier #485 tag = quanguoxiuzheng_zhengtongrenhe_24 name = 政通人和24
[triggeredmodifier.cpp:114]: TriggeredModifier #486 tag = quanguoxiuzheng_zhengtongrenhe_25 name = 政通人和25
[triggeredmodifier.cpp:114]: TriggeredModifier #487 tag = quanguoxiuzheng_zhengtongrenhe_26 name = 政通人和26
[triggeredmodifier.cpp:114]: TriggeredModifier #488 tag = quanguoxiuzheng_zhengtongrenhe_27 name = 政通人和27
[triggeredmodifier.cpp:114]: TriggeredModifier #489 tag = quanguoxiuzheng_zhengtongrenhe_28 name = 政通人和28
[triggeredmodifier.cpp:114]: TriggeredModifier #490 tag = quanguoxiuzheng_zhengtongrenhe_29 name = 政通人和29
[triggeredmodifier.cpp:114]: TriggeredModifier #491 tag = quanguoxiuzheng_zhengtongrenhe_30 name = 政通人和30
[triggeredmodifier.cpp:114]: TriggeredModifier #492 tag = quanguoxiuzheng_zhengtongrenhe_31 name = 政通人和31
[triggeredmodifier.cpp:114]: TriggeredModifier #493 tag = quanguoxiuzheng_zhengtongrenhe_32 name = 政通人和32
[triggeredmodifier.cpp:114]: TriggeredModifier #494 tag = quanguoxiuzheng_zhengtongrenhe_33 name = 政通人和33
[triggeredmodifier.cpp:114]: TriggeredModifier #495 tag = quanguoxiuzheng_zhengtongrenhe_34 name = 政通人和34
[triggeredmodifier.cpp:114]: TriggeredModifier #496 tag = quanguoxiuzheng_zhengtongrenhe_35 name = 政通人和35
[triggeredmodifier.cpp:114]: TriggeredModifier #497 tag = quanguoxiuzheng_zhengtongrenhe_36 name = 政通人和36
[triggeredmodifier.cpp:114]: TriggeredModifier #498 tag = quanguoxiuzheng_zhengtongrenhe_37 name = 政通人和37
[triggeredmodifier.cpp:114]: TriggeredModifier #499 tag = quanguoxiuzheng_zhengtongrenhe_38 name = 政通人和38
[triggeredmodifier.cpp:114]: TriggeredModifier #500 tag = quanguoxiuzheng_zhengtongrenhe_39 name = 政通人和39
[triggeredmodifier.cpp:114]: TriggeredModifier #501 tag = quanguoxiuzheng_zhengtongrenhe_40 name = 政通人和40
[triggeredmodifier.cpp:114]: TriggeredModifier #502 tag = quanguoxiuzheng_zhengtongrenhe_41 name = 政通人和41
[triggeredmodifier.cpp:114]: TriggeredModifier #503 tag = quanguoxiuzheng_zhengtongrenhe_42 name = 政通人和42
[triggeredmodifier.cpp:114]: TriggeredModifier #504 tag = quanguoxiuzheng_zhengtongrenhe_43 name = 政通人和43
[triggeredmodifier.cpp:114]: TriggeredModifier #505 tag = quanguoxiuzheng_zhengtongrenhe_44 name = 政通人和44
[triggeredmodifier.cpp:114]: TriggeredModifier #506 tag = quanguoxiuzheng_zhengtongrenhe_45 name = 政通人和45
[triggeredmodifier.cpp:114]: TriggeredModifier #507 tag = quanguoxiuzheng_zhengtongrenhe_46 name = 政通人和46
[triggeredmodifier.cpp:114]: TriggeredModifier #508 tag = quanguoxiuzheng_zhengtongrenhe_47 name = 政通人和47
[triggeredmodifier.cpp:114]: TriggeredModifier #509 tag = quanguoxiuzheng_zhengtongrenhe_48 name = 政通人和48
[triggeredmodifier.cpp:114]: TriggeredModifier #510 tag = quanguoxiuzheng_zhengtongrenhe_49 name = 政通人和49
[triggeredmodifier.cpp:114]: TriggeredModifier #511 tag = quanguoxiuzheng_zhengtongrenhe_50 name = 政通人和50
[triggeredmodifier.cpp:114]: TriggeredModifier #512 tag = quanguoxiuzheng_zhengtongrenhe_51 name = 政通人和51
[triggeredmodifier.cpp:114]: TriggeredModifier #513 tag = quanguoxiuzheng_zhengtongrenhe_52 name = 政通人和52
[triggeredmodifier.cpp:114]: TriggeredModifier #514 tag = quanguoxiuzheng_zhengtongrenhe_53 name = 政通人和53
[triggeredmodifier.cpp:114]: TriggeredModifier #515 tag = quanguoxiuzheng_zhengtongrenhe_54 name = 政通人和54
[triggeredmodifier.cpp:114]: TriggeredModifier #516 tag = quanguoxiuzheng_zhengtongrenhe_55 name = 政通人和55
[triggeredmodifier.cpp:114]: TriggeredModifier #517 tag = quanguoxiuzheng_zhengtongrenhe_56 name = 政通人和56
[triggeredmodifier.cpp:114]: TriggeredModifier #518 tag = quanguoxiuzheng_zhengtongrenhe_57 name = 政通人和57
[triggeredmodifier.cpp:114]: TriggeredModifier #519 tag = quanguoxiuzheng_zhengtongrenhe_58 name = 政通人和58
[triggeredmodifier.cpp:114]: TriggeredModifier #520 tag = quanguoxiuzheng_zhengtongrenhe_59 name = 政通人和59
[triggeredmodifier.cpp:114]: TriggeredModifier #521 tag = quanguoxiuzheng_zhengtongrenhe_60 name = 政通人和60
[triggeredmodifier.cpp:114]: TriggeredModifier #522 tag = quanguoxiuzheng_zhengtongrenhe_61 name = 政通人和61
[triggeredmodifier.cpp:114]: TriggeredModifier #523 tag = quanguoxiuzheng_zhengtongrenhe_62 name = 政通人和62
[triggeredmodifier.cpp:114]: TriggeredModifier #524 tag = quanguoxiuzheng_zhengtongrenhe_63 name = 政通人和63
[triggeredmodifier.cpp:114]: TriggeredModifier #525 tag = quanguoxiuzheng_zhengtongrenhe_64 name = 政通人和64
[triggeredmodifier.cpp:114]: TriggeredModifier #526 tag = quanguoxiuzheng_zhengtongrenhe_65 name = 政通人和65
[triggeredmodifier.cpp:114]: TriggeredModifier #527 tag = quanguoxiuzheng_zhengtongrenhe_66 name = 政通人和66
[triggeredmodifier.cpp:114]: TriggeredModifier #528 tag = quanguoxiuzheng_zhengtongrenhe_67 name = 政通人和67
[triggeredmodifier.cpp:114]: TriggeredModifier #529 tag = quanguoxiuzheng_zhengtongrenhe_68 name = 政通人和68
[triggeredmodifier.cpp:114]: TriggeredModifier #530 tag = quanguoxiuzheng_zhengtongrenhe_69 name = 政通人和69
[triggeredmodifier.cpp:114]: TriggeredModifier #531 tag = quanguoxiuzheng_zhengtongrenhe_70 name = 政通人和70
[triggeredmodifier.cpp:114]: TriggeredModifier #532 tag = quanguoxiuzheng_zhengtongrenhe_71 name = 政通人和71
[triggeredmodifier.cpp:114]: TriggeredModifier #533 tag = quanguoxiuzheng_zhengtongrenhe_72 name = 政通人和72
[triggeredmodifier.cpp:114]: TriggeredModifier #534 tag = quanguoxiuzheng_zhengtongrenhe_73 name = 政通人和73
[triggeredmodifier.cpp:114]: TriggeredModifier #535 tag = quanguoxiuzheng_zhengtongrenhe_74 name = 政通人和74
[triggeredmodifier.cpp:114]: TriggeredModifier #536 tag = quanguoxiuzheng_zhengtongrenhe_75 name = 政通人和75
[triggeredmodifier.cpp:114]: TriggeredModifier #537 tag = quanguoxiuzheng_zhengtongrenhe_76 name = 政通人和76
[triggeredmodifier.cpp:114]: TriggeredModifier #538 tag = quanguoxiuzheng_zhengtongrenhe_77 name = 政通人和77
[triggeredmodifier.cpp:114]: TriggeredModifier #539 tag = quanguoxiuzheng_zhengtongrenhe_78 name = 政通人和78
[triggeredmodifier.cpp:114]: TriggeredModifier #540 tag = quanguoxiuzheng_zhengtongrenhe_79 name = 政通人和79
[triggeredmodifier.cpp:114]: TriggeredModifier #541 tag = quanguoxiuzheng_zhengtongrenhe_80 name = 政通人和80
[triggeredmodifier.cpp:114]: TriggeredModifier #542 tag = quanguoxiuzheng_zhengtongrenhe_81 name = 政通人和81
[triggeredmodifier.cpp:114]: TriggeredModifier #543 tag = quanguoxiuzheng_zhengtongrenhe_82 name = 政通人和82
[triggeredmodifier.cpp:114]: TriggeredModifier #544 tag = quanguoxiuzheng_zhengtongrenhe_83 name = 政通人和83
[triggeredmodifier.cpp:114]: TriggeredModifier #545 tag = quanguoxiuzheng_zhengtongrenhe_84 name = 政通人和84
[triggeredmodifier.cpp:114]: TriggeredModifier #546 tag = quanguoxiuzheng_zhengtongrenhe_85 name = 政通人和85
[triggeredmodifier.cpp:114]: TriggeredModifier #547 tag = quanguoxiuzheng_zhengtongrenhe_86 name = 政通人和86
[triggeredmodifier.cpp:114]: TriggeredModifier #548 tag = quanguoxiuzheng_zhengtongrenhe_87 name = 政通人和87
[triggeredmodifier.cpp:114]: TriggeredModifier #549 tag = quanguoxiuzheng_zhengtongrenhe_88 name = 政通人和88
[triggeredmodifier.cpp:114]: TriggeredModifier #550 tag = quanguoxiuzheng_zhengtongrenhe_89 name = 政通人和89
[triggeredmodifier.cpp:114]: TriggeredModifier #551 tag = quanguoxiuzheng_zhengtongrenhe_90 name = 政通人和90
[triggeredmodifier.cpp:114]: TriggeredModifier #552 tag = quanguoxiuzheng_zhengtongrenhe_91 name = 政通人和91
[triggeredmodifier.cpp:114]: TriggeredModifier #553 tag = quanguoxiuzheng_zhengtongrenhe_92 name = 政通人和92
[triggeredmodifier.cpp:114]: TriggeredModifier #554 tag = quanguoxiuzheng_zhengtongrenhe_93 name = 政通人和93
[triggeredmodifier.cpp:114]: TriggeredModifier #555 tag = quanguoxiuzheng_zhengtongrenhe_94 name = 政通人和94
[triggeredmodifier.cpp:114]: TriggeredModifier #556 tag = quanguoxiuzheng_zhengtongrenhe_95 name = 政通人和95
[triggeredmodifier.cpp:114]: TriggeredModifier #557 tag = quanguoxiuzheng_zhengtongrenhe_96 name = 政通人和96
[triggeredmodifier.cpp:114]: TriggeredModifier #558 tag = quanguoxiuzheng_zhengtongrenhe_97 name = 政通人和97
[triggeredmodifier.cpp:114]: TriggeredModifier #559 tag = quanguoxiuzheng_zhengtongrenhe_98 name = 政通人和98
[triggeredmodifier.cpp:114]: TriggeredModifier #560 tag = quanguoxiuzheng_zhengtongrenhe_99 name = 政通人和99
[triggeredmodifier.cpp:114]: TriggeredModifier #561 tag = quanguoxiuzheng_zhengtongrenhe_100 name = 政通人和100
[triggeredmodifier.cpp:114]: TriggeredModifier #562 tag = quanguoxiuzheng_noble_territory_1 name = 公家领地1
[triggeredmodifier.cpp:114]: TriggeredModifier #563 tag = quanguoxiuzheng_noble_territory_2 name = 公家领地2
[triggeredmodifier.cpp:114]: TriggeredModifier #564 tag = quanguoxiuzheng_noble_territory_3 name = 公家领地3
[triggeredmodifier.cpp:114]: TriggeredModifier #565 tag = quanguoxiuzheng_noble_territory_4 name = 公家领地4
[triggeredmodifier.cpp:114]: TriggeredModifier #566 tag = quanguoxiuzheng_noble_territory_5 name = 公家领地5
[triggeredmodifier.cpp:114]: TriggeredModifier #567 tag = quanguoxiuzheng_noble_territory_6 name = 公家领地6
[triggeredmodifier.cpp:114]: TriggeredModifier #568 tag = quanguoxiuzheng_noble_territory_7 name = 公家领地7
[triggeredmodifier.cpp:114]: TriggeredModifier #569 tag = quanguoxiuzheng_noble_territory_8 name = 公家领地8
[triggeredmodifier.cpp:114]: TriggeredModifier #570 tag = quanguoxiuzheng_noble_territory_9 name = 公家领地9
[triggeredmodifier.cpp:114]: TriggeredModifier #571 tag = quanguoxiuzheng_noble_territory_10 name = 公家领地10
[triggeredmodifier.cpp:114]: TriggeredModifier #572 tag = quanguoxiuzheng_noble_territory_11 name = 公家领地11
[triggeredmodifier.cpp:114]: TriggeredModifier #573 tag = quanguoxiuzheng_noble_territory_12 name = 公家领地12
[triggeredmodifier.cpp:114]: TriggeredModifier #574 tag = quanguoxiuzheng_noble_territory_13 name = 公家领地13
[triggeredmodifier.cpp:114]: TriggeredModifier #575 tag = quanguoxiuzheng_noble_territory_14 name = 公家领地14
[triggeredmodifier.cpp:114]: TriggeredModifier #576 tag = quanguoxiuzheng_noble_territory_15 name = 公家领地15
[triggeredmodifier.cpp:114]: TriggeredModifier #577 tag = quanguoxiuzheng_noble_territory_16 name = 公家领地16
[triggeredmodifier.cpp:114]: TriggeredModifier #578 tag = quanguoxiuzheng_noble_territory_17 name = 公家领地17
[triggeredmodifier.cpp:114]: TriggeredModifier #579 tag = quanguoxiuzheng_noble_territory_18 name = 公家领地18
[triggeredmodifier.cpp:114]: TriggeredModifier #580 tag = quanguoxiuzheng_noble_territory_19 name = 公家领地19
[triggeredmodifier.cpp:114]: TriggeredModifier #581 tag = quanguoxiuzheng_noble_territory_20 name = 公家领地20
[triggeredmodifier.cpp:114]: TriggeredModifier #582 tag = quanguoxiuzheng_noble_territory_21 name = 公家领地21
[triggeredmodifier.cpp:114]: TriggeredModifier #583 tag = quanguoxiuzheng_noble_territory_22 name = 公家领地22
[triggeredmodifier.cpp:114]: TriggeredModifier #584 tag = quanguoxiuzheng_noble_territory_23 name = 公家领地23
[triggeredmodifier.cpp:114]: TriggeredModifier #585 tag = quanguoxiuzheng_noble_territory_24 name = 公家领地24
[triggeredmodifier.cpp:114]: TriggeredModifier #586 tag = quanguoxiuzheng_noble_territory_25 name = 公家领地25
[triggeredmodifier.cpp:114]: TriggeredModifier #587 tag = quanguoxiuzheng_noble_territory_26 name = 公家领地26
[triggeredmodifier.cpp:114]: TriggeredModifier #588 tag = quanguoxiuzheng_noble_territory_27 name = 公家领地27
[triggeredmodifier.cpp:114]: TriggeredModifier #589 tag = quanguoxiuzheng_noble_territory_28 name = 公家领地28
[triggeredmodifier.cpp:114]: TriggeredModifier #590 tag = quanguoxiuzheng_noble_territory_29 name = 公家领地29
[triggeredmodifier.cpp:114]: TriggeredModifier #591 tag = quanguoxiuzheng_noble_territory_30 name = 公家领地30
[triggeredmodifier.cpp:114]: TriggeredModifier #592 tag = quanguoxiuzheng_noble_territory_31 name = 公家领地31
[triggeredmodifier.cpp:114]: TriggeredModifier #593 tag = quanguoxiuzheng_noble_territory_32 name = 公家领地32
[triggeredmodifier.cpp:114]: TriggeredModifier #594 tag = quanguoxiuzheng_noble_territory_33 name = 公家领地33
[triggeredmodifier.cpp:114]: TriggeredModifier #595 tag = quanguoxiuzheng_noble_territory_34 name = 公家领地34
[triggeredmodifier.cpp:114]: TriggeredModifier #596 tag = quanguoxiuzheng_noble_territory_35 name = 公家领地35
[triggeredmodifier.cpp:114]: TriggeredModifier #597 tag = quanguoxiuzheng_noble_territory_36 name = 公家领地36
[triggeredmodifier.cpp:114]: TriggeredModifier #598 tag = quanguoxiuzheng_noble_territory_37 name = 公家领地37
[triggeredmodifier.cpp:114]: TriggeredModifier #599 tag = quanguoxiuzheng_noble_territory_38 name = 公家领地38
[triggeredmodifier.cpp:114]: TriggeredModifier #600 tag = quanguoxiuzheng_noble_territory_39 name = 公家领地39
[triggeredmodifier.cpp:114]: TriggeredModifier #601 tag = quanguoxiuzheng_noble_territory_40 name = 公家领地40
[triggeredmodifier.cpp:114]: TriggeredModifier #602 tag = quanguoxiuzheng_noble_territory_41 name = 公家领地41
[triggeredmodifier.cpp:114]: TriggeredModifier #603 tag = quanguoxiuzheng_noble_territory_42 name = 公家领地42
[triggeredmodifier.cpp:114]: TriggeredModifier #604 tag = quanguoxiuzheng_noble_territory_43 name = 公家领地43
[triggeredmodifier.cpp:114]: TriggeredModifier #605 tag = quanguoxiuzheng_noble_territory_44 name = 公家领地44
[triggeredmodifier.cpp:114]: TriggeredModifier #606 tag = quanguoxiuzheng_noble_territory_45 name = 公家领地45
[triggeredmodifier.cpp:114]: TriggeredModifier #607 tag = quanguoxiuzheng_noble_territory_46 name = 公家领地46
[triggeredmodifier.cpp:114]: TriggeredModifier #608 tag = quanguoxiuzheng_noble_territory_47 name = 公家领地47
[triggeredmodifier.cpp:114]: TriggeredModifier #609 tag = quanguoxiuzheng_noble_territory_48 name = 公家领地48
[triggeredmodifier.cpp:114]: TriggeredModifier #610 tag = quanguoxiuzheng_noble_territory_49 name = 公家领地49
[triggeredmodifier.cpp:114]: TriggeredModifier #611 tag = quanguoxiuzheng_noble_territory_50 name = 公家领地50
[triggeredmodifier.cpp:114]: TriggeredModifier #612 tag = quanguoxiuzheng_noble_territory_51 name = 公家领地51
[triggeredmodifier.cpp:114]: TriggeredModifier #613 tag = quanguoxiuzheng_noble_territory_52 name = 公家领地52
[triggeredmodifier.cpp:114]: TriggeredModifier #614 tag = quanguoxiuzheng_noble_territory_53 name = 公家领地53
[triggeredmodifier.cpp:114]: TriggeredModifier #615 tag = quanguoxiuzheng_noble_territory_54 name = 公家领地54
[triggeredmodifier.cpp:114]: TriggeredModifier #616 tag = quanguoxiuzheng_noble_territory_55 name = 公家领地55
[triggeredmodifier.cpp:114]: TriggeredModifier #617 tag = quanguoxiuzheng_noble_territory_56 name = 公家领地56
[triggeredmodifier.cpp:114]: TriggeredModifier #618 tag = quanguoxiuzheng_noble_territory_57 name = 公家领地57
[triggeredmodifier.cpp:114]: TriggeredModifier #619 tag = quanguoxiuzheng_noble_territory_58 name = 公家领地58
[triggeredmodifier.cpp:114]: TriggeredModifier #620 tag = quanguoxiuzheng_noble_territory_59 name = 公家领地59
[triggeredmodifier.cpp:114]: TriggeredModifier #621 tag = quanguoxiuzheng_noble_territory_60 name = 公家领地60
[triggeredmodifier.cpp:114]: TriggeredModifier #622 tag = quanguoxiuzheng_noble_territory_61 name = 公家领地61
[triggeredmodifier.cpp:114]: TriggeredModifier #623 tag = quanguoxiuzheng_noble_territory_62 name = 公家领地62
[triggeredmodifier.cpp:114]: TriggeredModifier #624 tag = quanguoxiuzheng_noble_territory_63 name = 公家领地63
[triggeredmodifier.cpp:114]: TriggeredModifier #625 tag = quanguoxiuzheng_noble_territory_64 name = 公家领地64
[triggeredmodifier.cpp:114]: TriggeredModifier #626 tag = quanguoxiuzheng_noble_territory_65 name = 公家领地65
[triggeredmodifier.cpp:114]: TriggeredModifier #627 tag = quanguoxiuzheng_noble_territory_66 name = 公家领地66
[triggeredmodifier.cpp:114]: TriggeredModifier #628 tag = quanguoxiuzheng_noble_territory_67 name = 公家领地67
[triggeredmodifier.cpp:114]: TriggeredModifier #629 tag = quanguoxiuzheng_noble_territory_68 name = 公家领地68
[triggeredmodifier.cpp:114]: TriggeredModifier #630 tag = quanguoxiuzheng_noble_territory_69 name = 公家领地69
[triggeredmodifier.cpp:114]: TriggeredModifier #631 tag = quanguoxiuzheng_noble_territory_70 name = 公家领地70
[triggeredmodifier.cpp:114]: TriggeredModifier #632 tag = quanguoxiuzheng_noble_territory_71 name = 公家领地71
[triggeredmodifier.cpp:114]: TriggeredModifier #633 tag = quanguoxiuzheng_noble_territory_72 name = 公家领地72
[triggeredmodifier.cpp:114]: TriggeredModifier #634 tag = quanguoxiuzheng_noble_territory_73 name = 公家领地73
[triggeredmodifier.cpp:114]: TriggeredModifier #635 tag = quanguoxiuzheng_noble_territory_74 name = 公家领地74
[triggeredmodifier.cpp:114]: TriggeredModifier #636 tag = quanguoxiuzheng_noble_territory_75 name = 公家领地75
[triggeredmodifier.cpp:114]: TriggeredModifier #637 tag = quanguoxiuzheng_noble_territory_76 name = 公家领地76
[triggeredmodifier.cpp:114]: TriggeredModifier #638 tag = quanguoxiuzheng_noble_territory_77 name = 公家领地77
[triggeredmodifier.cpp:114]: TriggeredModifier #639 tag = quanguoxiuzheng_noble_territory_78 name = 公家领地78
[triggeredmodifier.cpp:114]: TriggeredModifier #640 tag = quanguoxiuzheng_noble_territory_79 name = 公家领地79
[triggeredmodifier.cpp:114]: TriggeredModifier #641 tag = quanguoxiuzheng_noble_territory_80 name = 公家领地80
[triggeredmodifier.cpp:114]: TriggeredModifier #642 tag = quanguoxiuzheng_noble_territory_81 name = 公家领地81
[triggeredmodifier.cpp:114]: TriggeredModifier #643 tag = quanguoxiuzheng_noble_territory_82 name = 公家领地82
[triggeredmodifier.cpp:114]: TriggeredModifier #644 tag = quanguoxiuzheng_noble_territory_83 name = 公家领地83
[triggeredmodifier.cpp:114]: TriggeredModifier #645 tag = quanguoxiuzheng_noble_territory_84 name = 公家领地84
[triggeredmodifier.cpp:114]: TriggeredModifier #646 tag = quanguoxiuzheng_noble_territory_85 name = 公家领地85
[triggeredmodifier.cpp:114]: TriggeredModifier #647 tag = quanguoxiuzheng_noble_territory_86 name = 公家领地86
[triggeredmodifier.cpp:114]: TriggeredModifier #648 tag = quanguoxiuzheng_noble_territory_87 name = 公家领地87
[triggeredmodifier.cpp:114]: TriggeredModifier #649 tag = quanguoxiuzheng_noble_territory_88 name = 公家领地88
[triggeredmodifier.cpp:114]: TriggeredModifier #650 tag = quanguoxiuzheng_noble_territory_89 name = 公家领地89
[triggeredmodifier.cpp:114]: TriggeredModifier #651 tag = quanguoxiuzheng_noble_territory_90 name = 公家领地90
[triggeredmodifier.cpp:114]: TriggeredModifier #652 tag = quanguoxiuzheng_noble_territory_91 name = 公家领地91
[triggeredmodifier.cpp:114]: TriggeredModifier #653 tag = quanguoxiuzheng_noble_territory_92 name = 公家领地92
[triggeredmodifier.cpp:114]: TriggeredModifier #654 tag = quanguoxiuzheng_noble_territory_93 name = 公家领地93
[triggeredmodifier.cpp:114]: TriggeredModifier #655 tag = quanguoxiuzheng_noble_territory_94 name = 公家领地94
[triggeredmodifier.cpp:114]: TriggeredModifier #656 tag = quanguoxiuzheng_noble_territory_95 name = 公家领地95
[triggeredmodifier.cpp:114]: TriggeredModifier #657 tag = quanguoxiuzheng_noble_territory_96 name = 公家领地96
[triggeredmodifier.cpp:114]: TriggeredModifier #658 tag = quanguoxiuzheng_noble_territory_97 name = 公家领地97
[triggeredmodifier.cpp:114]: TriggeredModifier #659 tag = quanguoxiuzheng_noble_territory_98 name = 公家领地98
[triggeredmodifier.cpp:114]: TriggeredModifier #660 tag = quanguoxiuzheng_noble_territory_99 name = 公家领地99
[triggeredmodifier.cpp:114]: TriggeredModifier #661 tag = quanguoxiuzheng_noble_territory_100 name = 公家领地100
[triggeredmodifier.cpp:114]: TriggeredModifier #662 tag = quanguoxiuzheng_liyuebadao_1 name = 礼乐霸道1
[triggeredmodifier.cpp:114]: TriggeredModifier #663 tag = quanguoxiuzheng_liyuebadao_2 name = 礼乐霸道2
[triggeredmodifier.cpp:114]: TriggeredModifier #664 tag = quanguoxiuzheng_liyuebadao_3 name = 礼乐霸道3
[triggeredmodifier.cpp:114]: TriggeredModifier #665 tag = quanguoxiuzheng_liyuebadao_4 name = 礼乐霸道4
[triggeredmodifier.cpp:114]: TriggeredModifier #666 tag = quanguoxiuzheng_liyuebadao_5 name = 礼乐霸道5
[triggeredmodifier.cpp:114]: TriggeredModifier #667 tag = quanguoxiuzheng_liyuebadao_6 name = 礼乐霸道6
[triggeredmodifier.cpp:114]: TriggeredModifier #668 tag = quanguoxiuzheng_liyuebadao_7 name = 礼乐霸道7
[triggeredmodifier.cpp:114]: TriggeredModifier #669 tag = quanguoxiuzheng_liyuebadao_8 name = 礼乐霸道8
[triggeredmodifier.cpp:114]: TriggeredModifier #670 tag = quanguoxiuzheng_liyuebadao_9 name = 礼乐霸道9
[triggeredmodifier.cpp:114]: TriggeredModifier #671 tag = quanguoxiuzheng_liyuebadao_10 name = 礼乐霸道10
[triggeredmodifier.cpp:114]: TriggeredModifier #672 tag = quanguoxiuzheng_liyuebadao_11 name = 礼乐霸道11
[triggeredmodifier.cpp:114]: TriggeredModifier #673 tag = quanguoxiuzheng_liyuebadao_12 name = 礼乐霸道12
[triggeredmodifier.cpp:114]: TriggeredModifier #674 tag = quanguoxiuzheng_liyuebadao_13 name = 礼乐霸道13
[triggeredmodifier.cpp:114]: TriggeredModifier #675 tag = quanguoxiuzheng_liyuebadao_14 name = 礼乐霸道14
[triggeredmodifier.cpp:114]: TriggeredModifier #676 tag = quanguoxiuzheng_liyuebadao_15 name = 礼乐霸道15
[triggeredmodifier.cpp:114]: TriggeredModifier #677 tag = quanguoxiuzheng_liyuebadao_16 name = 礼乐霸道16
[triggeredmodifier.cpp:114]: TriggeredModifier #678 tag = quanguoxiuzheng_liyuebadao_17 name = 礼乐霸道17
[triggeredmodifier.cpp:114]: TriggeredModifier #679 tag = quanguoxiuzheng_liyuebadao_18 name = 礼乐霸道18
[triggeredmodifier.cpp:114]: TriggeredModifier #680 tag = quanguoxiuzheng_liyuebadao_19 name = 礼乐霸道19
[triggeredmodifier.cpp:114]: TriggeredModifier #681 tag = quanguoxiuzheng_liyuebadao_20 name = 礼乐霸道20
[triggeredmodifier.cpp:114]: TriggeredModifier #682 tag = quanguoxiuzheng_liyuebadao_21 name = 礼乐霸道21
[triggeredmodifier.cpp:114]: TriggeredModifier #683 tag = quanguoxiuzheng_liyuebadao_22 name = 礼乐霸道22
[triggeredmodifier.cpp:114]: TriggeredModifier #684 tag = quanguoxiuzheng_liyuebadao_23 name = 礼乐霸道23
[triggeredmodifier.cpp:114]: TriggeredModifier #685 tag = quanguoxiuzheng_liyuebadao_24 name = 礼乐霸道24
[triggeredmodifier.cpp:114]: TriggeredModifier #686 tag = quanguoxiuzheng_liyuebadao_25 name = 礼乐霸道25
[triggeredmodifier.cpp:114]: TriggeredModifier #687 tag = quanguoxiuzheng_liyuebadao_26 name = 礼乐霸道26
[triggeredmodifier.cpp:114]: TriggeredModifier #688 tag = quanguoxiuzheng_liyuebadao_27 name = 礼乐霸道27
[triggeredmodifier.cpp:114]: TriggeredModifier #689 tag = quanguoxiuzheng_liyuebadao_28 name = 礼乐霸道28
[triggeredmodifier.cpp:114]: TriggeredModifier #690 tag = quanguoxiuzheng_liyuebadao_29 name = 礼乐霸道29
[triggeredmodifier.cpp:114]: TriggeredModifier #691 tag = quanguoxiuzheng_liyuebadao_30 name = 礼乐霸道30
[triggeredmodifier.cpp:114]: TriggeredModifier #692 tag = quanguoxiuzheng_liyuebadao_31 name = 礼乐霸道31
[triggeredmodifier.cpp:114]: TriggeredModifier #693 tag = quanguoxiuzheng_liyuebadao_32 name = 礼乐霸道32
[triggeredmodifier.cpp:114]: TriggeredModifier #694 tag = quanguoxiuzheng_liyuebadao_33 name = 礼乐霸道33
[triggeredmodifier.cpp:114]: TriggeredModifier #695 tag = quanguoxiuzheng_liyuebadao_34 name = 礼乐霸道34
[triggeredmodifier.cpp:114]: TriggeredModifier #696 tag = quanguoxiuzheng_liyuebadao_35 name = 礼乐霸道35
[triggeredmodifier.cpp:114]: TriggeredModifier #697 tag = quanguoxiuzheng_liyuebadao_36 name = 礼乐霸道36
[triggeredmodifier.cpp:114]: TriggeredModifier #698 tag = quanguoxiuzheng_liyuebadao_37 name = 礼乐霸道37
[triggeredmodifier.cpp:114]: TriggeredModifier #699 tag = quanguoxiuzheng_liyuebadao_38 name = 礼乐霸道38
[triggeredmodifier.cpp:114]: TriggeredModifier #700 tag = quanguoxiuzheng_liyuebadao_39 name = 礼乐霸道39
[triggeredmodifier.cpp:114]: TriggeredModifier #701 tag = quanguoxiuzheng_liyuebadao_40 name = 礼乐霸道40
[triggeredmodifier.cpp:114]: TriggeredModifier #702 tag = quanguoxiuzheng_liyuebadao_41 name = 礼乐霸道41
[triggeredmodifier.cpp:114]: TriggeredModifier #703 tag = quanguoxiuzheng_liyuebadao_42 name = 礼乐霸道42
[triggeredmodifier.cpp:114]: TriggeredModifier #704 tag = quanguoxiuzheng_liyuebadao_43 name = 礼乐霸道43
[triggeredmodifier.cpp:114]: TriggeredModifier #705 tag = quanguoxiuzheng_liyuebadao_44 name = 礼乐霸道44
[triggeredmodifier.cpp:114]: TriggeredModifier #706 tag = quanguoxiuzheng_liyuebadao_45 name = 礼乐霸道45
[triggeredmodifier.cpp:114]: TriggeredModifier #707 tag = quanguoxiuzheng_liyuebadao_46 name = 礼乐霸道46
[triggeredmodifier.cpp:114]: TriggeredModifier #708 tag = quanguoxiuzheng_liyuebadao_47 name = 礼乐霸道47
[triggeredmodifier.cpp:114]: TriggeredModifier #709 tag = quanguoxiuzheng_liyuebadao_48 name = 礼乐霸道48
[triggeredmodifier.cpp:114]: TriggeredModifier #710 tag = quanguoxiuzheng_liyuebadao_49 name = 礼乐霸道49
[triggeredmodifier.cpp:114]: TriggeredModifier #711 tag = quanguoxiuzheng_liyuebadao_50 name = 礼乐霸道50
[triggeredmodifier.cpp:114]: TriggeredModifier #712 tag = quanguoxiuzheng_liyuebadao_51 name = 礼乐霸道51
[triggeredmodifier.cpp:114]: TriggeredModifier #713 tag = quanguoxiuzheng_liyuebadao_52 name = 礼乐霸道52
[triggeredmodifier.cpp:114]: TriggeredModifier #714 tag = quanguoxiuzheng_liyuebadao_53 name = 礼乐霸道53
[triggeredmodifier.cpp:114]: TriggeredModifier #715 tag = quanguoxiuzheng_liyuebadao_54 name = 礼乐霸道54
[triggeredmodifier.cpp:114]: TriggeredModifier #716 tag = quanguoxiuzheng_liyuebadao_55 name = 礼乐霸道55
[triggeredmodifier.cpp:114]: TriggeredModifier #717 tag = quanguoxiuzheng_liyuebadao_56 name = 礼乐霸道56
[triggeredmodifier.cpp:114]: TriggeredModifier #718 tag = quanguoxiuzheng_liyuebadao_57 name = 礼乐霸道57
[triggeredmodifier.cpp:114]: TriggeredModifier #719 tag = quanguoxiuzheng_liyuebadao_58 name = 礼乐霸道58
[triggeredmodifier.cpp:114]: TriggeredModifier #720 tag = quanguoxiuzheng_liyuebadao_59 name = 礼乐霸道59
[triggeredmodifier.cpp:114]: TriggeredModifier #721 tag = quanguoxiuzheng_liyuebadao_60 name = 礼乐霸道60
[triggeredmodifier.cpp:114]: TriggeredModifier #722 tag = quanguoxiuzheng_liyuebadao_61 name = 礼乐霸道61
[triggeredmodifier.cpp:114]: TriggeredModifier #723 tag = quanguoxiuzheng_liyuebadao_62 name = 礼乐霸道62
[triggeredmodifier.cpp:114]: TriggeredModifier #724 tag = quanguoxiuzheng_liyuebadao_63 name = 礼乐霸道63
[triggeredmodifier.cpp:114]: TriggeredModifier #725 tag = quanguoxiuzheng_liyuebadao_64 name = 礼乐霸道64
[triggeredmodifier.cpp:114]: TriggeredModifier #726 tag = quanguoxiuzheng_liyuebadao_65 name = 礼乐霸道65
[triggeredmodifier.cpp:114]: TriggeredModifier #727 tag = quanguoxiuzheng_liyuebadao_66 name = 礼乐霸道66
[triggeredmodifier.cpp:114]: TriggeredModifier #728 tag = quanguoxiuzheng_liyuebadao_67 name = 礼乐霸道67
[triggeredmodifier.cpp:114]: TriggeredModifier #729 tag = quanguoxiuzheng_liyuebadao_68 name = 礼乐霸道68
[triggeredmodifier.cpp:114]: TriggeredModifier #730 tag = quanguoxiuzheng_liyuebadao_69 name = 礼乐霸道69
[triggeredmodifier.cpp:114]: TriggeredModifier #731 tag = quanguoxiuzheng_liyuebadao_70 name = 礼乐霸道70
[triggeredmodifier.cpp:114]: TriggeredModifier #732 tag = quanguoxiuzheng_liyuebadao_71 name = 礼乐霸道71
[triggeredmodifier.cpp:114]: TriggeredModifier #733 tag = quanguoxiuzheng_liyuebadao_72 name = 礼乐霸道72
[triggeredmodifier.cpp:114]: TriggeredModifier #734 tag = quanguoxiuzheng_liyuebadao_73 name = 礼乐霸道73
[triggeredmodifier.cpp:114]: TriggeredModifier #735 tag = quanguoxiuzheng_liyuebadao_74 name = 礼乐霸道74
[triggeredmodifier.cpp:114]: TriggeredModifier #736 tag = quanguoxiuzheng_liyuebadao_75 name = 礼乐霸道75
[triggeredmodifier.cpp:114]: TriggeredModifier #737 tag = quanguoxiuzheng_liyuebadao_76 name = 礼乐霸道76
[triggeredmodifier.cpp:114]: TriggeredModifier #738 tag = quanguoxiuzheng_liyuebadao_77 name = 礼乐霸道77
[triggeredmodifier.cpp:114]: TriggeredModifier #739 tag = quanguoxiuzheng_liyuebadao_78 name = 礼乐霸道78
[triggeredmodifier.cpp:114]: TriggeredModifier #740 tag = quanguoxiuzheng_liyuebadao_79 name = 礼乐霸道79
[triggeredmodifier.cpp:114]: TriggeredModifier #741 tag = quanguoxiuzheng_liyuebadao_80 name = 礼乐霸道80
[triggeredmodifier.cpp:114]: TriggeredModifier #742 tag = quanguoxiuzheng_liyuebadao_81 name = 礼乐霸道81
[triggeredmodifier.cpp:114]: TriggeredModifier #743 tag = quanguoxiuzheng_liyuebadao_82 name = 礼乐霸道82
[triggeredmodifier.cpp:114]: TriggeredModifier #744 tag = quanguoxiuzheng_liyuebadao_83 name = 礼乐霸道83
[triggeredmodifier.cpp:114]: TriggeredModifier #745 tag = quanguoxiuzheng_liyuebadao_84 name = 礼乐霸道84
[triggeredmodifier.cpp:114]: TriggeredModifier #746 tag = quanguoxiuzheng_liyuebadao_85 name = 礼乐霸道85
[triggeredmodifier.cpp:114]: TriggeredModifier #747 tag = quanguoxiuzheng_liyuebadao_86 name = 礼乐霸道86
[triggeredmodifier.cpp:114]: TriggeredModifier #748 tag = quanguoxiuzheng_liyuebadao_87 name = 礼乐霸道87
[triggeredmodifier.cpp:114]: TriggeredModifier #749 tag = quanguoxiuzheng_liyuebadao_88 name = 礼乐霸道88
[triggeredmodifier.cpp:114]: TriggeredModifier #750 tag = quanguoxiuzheng_liyuebadao_89 name = 礼乐霸道89
[triggeredmodifier.cpp:114]: TriggeredModifier #751 tag = quanguoxiuzheng_liyuebadao_90 name = 礼乐霸道90
[triggeredmodifier.cpp:114]: TriggeredModifier #752 tag = quanguoxiuzheng_liyuebadao_91 name = 礼乐霸道91
[triggeredmodifier.cpp:114]: TriggeredModifier #753 tag = quanguoxiuzheng_liyuebadao_92 name = 礼乐霸道92
[triggeredmodifier.cpp:114]: TriggeredModifier #754 tag = quanguoxiuzheng_liyuebadao_93 name = 礼乐霸道93
[triggeredmodifier.cpp:114]: TriggeredModifier #755 tag = quanguoxiuzheng_liyuebadao_94 name = 礼乐霸道94
[triggeredmodifier.cpp:114]: TriggeredModifier #756 tag = quanguoxiuzheng_liyuebadao_95 name = 礼乐霸道95
[triggeredmodifier.cpp:114]: TriggeredModifier #757 tag = quanguoxiuzheng_liyuebadao_96 name = 礼乐霸道96
[triggeredmodifier.cpp:114]: TriggeredModifier #758 tag = quanguoxiuzheng_liyuebadao_97 name = 礼乐霸道97
[triggeredmodifier.cpp:114]: TriggeredModifier #759 tag = quanguoxiuzheng_liyuebadao_98 name = 礼乐霸道98
[triggeredmodifier.cpp:114]: TriggeredModifier #760 tag = quanguoxiuzheng_liyuebadao_99 name = 礼乐霸道99
[triggeredmodifier.cpp:114]: TriggeredModifier #761 tag = quanguoxiuzheng_liyuebadao_100 name = 礼乐霸道100
[triggeredmodifier.cpp:114]: TriggeredModifier #762 tag = quanguoxiuzheng_rujia_1 name = 儒家1
[triggeredmodifier.cpp:114]: TriggeredModifier #763 tag = quanguoxiuzheng_rujia_2 name = 儒家2
[triggeredmodifier.cpp:114]: TriggeredModifier #764 tag = quanguoxiuzheng_rujia_3 name = 儒家3
[triggeredmodifier.cpp:114]: TriggeredModifier #765 tag = quanguoxiuzheng_rujia_4 name = 儒家4
[triggeredmodifier.cpp:114]: TriggeredModifier #766 tag = quanguoxiuzheng_rujia_5 name = 儒家5
[triggeredmodifier.cpp:114]: TriggeredModifier #767 tag = quanguoxiuzheng_rujia_6 name = 儒家6
[triggeredmodifier.cpp:114]: TriggeredModifier #768 tag = quanguoxiuzheng_rujia_7 name = 儒家7
[triggeredmodifier.cpp:114]: TriggeredModifier #769 tag = quanguoxiuzheng_rujia_8 name = 儒家8
[triggeredmodifier.cpp:114]: TriggeredModifier #770 tag = quanguoxiuzheng_rujia_9 name = 儒家9
[triggeredmodifier.cpp:114]: TriggeredModifier #771 tag = quanguoxiuzheng_rujia_10 name = 儒家10
[triggeredmodifier.cpp:114]: TriggeredModifier #772 tag = quanguoxiuzheng_rujia_11 name = 儒家11
[triggeredmodifier.cpp:114]: TriggeredModifier #773 tag = quanguoxiuzheng_rujia_12 name = 儒家12
[triggeredmodifier.cpp:114]: TriggeredModifier #774 tag = quanguoxiuzheng_rujia_13 name = 儒家13
[triggeredmodifier.cpp:114]: TriggeredModifier #775 tag = quanguoxiuzheng_rujia_14 name = 儒家14
[triggeredmodifier.cpp:114]: TriggeredModifier #776 tag = quanguoxiuzheng_rujia_15 name = 儒家15
[triggeredmodifier.cpp:114]: TriggeredModifier #777 tag = quanguoxiuzheng_rujia_16 name = 儒家16
[triggeredmodifier.cpp:114]: TriggeredModifier #778 tag = quanguoxiuzheng_rujia_17 name = 儒家17
[triggeredmodifier.cpp:114]: TriggeredModifier #779 tag = quanguoxiuzheng_rujia_18 name = 儒家18
[triggeredmodifier.cpp:114]: TriggeredModifier #780 tag = quanguoxiuzheng_rujia_19 name = 儒家19
[triggeredmodifier.cpp:114]: TriggeredModifier #781 tag = quanguoxiuzheng_rujia_20 name = 儒家20
[triggeredmodifier.cpp:114]: TriggeredModifier #782 tag = quanguoxiuzheng_rujia_21 name = 儒家21
[triggeredmodifier.cpp:114]: TriggeredModifier #783 tag = quanguoxiuzheng_rujia_22 name = 儒家22
[triggeredmodifier.cpp:114]: TriggeredModifier #784 tag = quanguoxiuzheng_rujia_23 name = 儒家23
[triggeredmodifier.cpp:114]: TriggeredModifier #785 tag = quanguoxiuzheng_rujia_24 name = 儒家24
[triggeredmodifier.cpp:114]: TriggeredModifier #786 tag = quanguoxiuzheng_rujia_25 name = 儒家25
[triggeredmodifier.cpp:114]: TriggeredModifier #787 tag = quanguoxiuzheng_rujia_26 name = 儒家26
[triggeredmodifier.cpp:114]: TriggeredModifier #788 tag = quanguoxiuzheng_rujia_27 name = 儒家27
[triggeredmodifier.cpp:114]: TriggeredModifier #789 tag = quanguoxiuzheng_rujia_28 name = 儒家28
[triggeredmodifier.cpp:114]: TriggeredModifier #790 tag = quanguoxiuzheng_rujia_29 name = 儒家29
[triggeredmodifier.cpp:114]: TriggeredModifier #791 tag = quanguoxiuzheng_rujia_30 name = 儒家30
[triggeredmodifier.cpp:114]: TriggeredModifier #792 tag = quanguoxiuzheng_rujia_31 name = 儒家31
[triggeredmodifier.cpp:114]: TriggeredModifier #793 tag = quanguoxiuzheng_rujia_32 name = 儒家32
[triggeredmodifier.cpp:114]: TriggeredModifier #794 tag = quanguoxiuzheng_rujia_33 name = 儒家33
[triggeredmodifier.cpp:114]: TriggeredModifier #795 tag = quanguoxiuzheng_rujia_34 name = 儒家34
[triggeredmodifier.cpp:114]: TriggeredModifier #796 tag = quanguoxiuzheng_rujia_35 name = 儒家35
[triggeredmodifier.cpp:114]: TriggeredModifier #797 tag = quanguoxiuzheng_rujia_36 name = 儒家36
[triggeredmodifier.cpp:114]: TriggeredModifier #798 tag = quanguoxiuzheng_rujia_37 name = 儒家37
[triggeredmodifier.cpp:114]: TriggeredModifier #799 tag = quanguoxiuzheng_rujia_38 name = 儒家38
[triggeredmodifier.cpp:114]: TriggeredModifier #800 tag = quanguoxiuzheng_rujia_39 name = 儒家39
[triggeredmodifier.cpp:114]: TriggeredModifier #801 tag = quanguoxiuzheng_rujia_40 name = 儒家40
[triggeredmodifier.cpp:114]: TriggeredModifier #802 tag = quanguoxiuzheng_rujia_41 name = 儒家41
[triggeredmodifier.cpp:114]: TriggeredModifier #803 tag = quanguoxiuzheng_rujia_42 name = 儒家42
[triggeredmodifier.cpp:114]: TriggeredModifier #804 tag = quanguoxiuzheng_rujia_43 name = 儒家43
[triggeredmodifier.cpp:114]: TriggeredModifier #805 tag = quanguoxiuzheng_rujia_44 name = 儒家44
[triggeredmodifier.cpp:114]: TriggeredModifier #806 tag = quanguoxiuzheng_rujia_45 name = 儒家45
[triggeredmodifier.cpp:114]: TriggeredModifier #807 tag = quanguoxiuzheng_rujia_46 name = 儒家46
[triggeredmodifier.cpp:114]: TriggeredModifier #808 tag = quanguoxiuzheng_rujia_47 name = 儒家47
[triggeredmodifier.cpp:114]: TriggeredModifier #809 tag = quanguoxiuzheng_rujia_48 name = 儒家48
[triggeredmodifier.cpp:114]: TriggeredModifier #810 tag = quanguoxiuzheng_rujia_49 name = 儒家49
[triggeredmodifier.cpp:114]: TriggeredModifier #811 tag = quanguoxiuzheng_rujia_50 name = 儒家50
[triggeredmodifier.cpp:114]: TriggeredModifier #812 tag = quanguoxiuzheng_rujia_51 name = 儒家51
[triggeredmodifier.cpp:114]: TriggeredModifier #813 tag = quanguoxiuzheng_rujia_52 name = 儒家52
[triggeredmodifier.cpp:114]: TriggeredModifier #814 tag = quanguoxiuzheng_rujia_53 name = 儒家53
[triggeredmodifier.cpp:114]: TriggeredModifier #815 tag = quanguoxiuzheng_rujia_54 name = 儒家54
[triggeredmodifier.cpp:114]: TriggeredModifier #816 tag = quanguoxiuzheng_rujia_55 name = 儒家55
[triggeredmodifier.cpp:114]: TriggeredModifier #817 tag = quanguoxiuzheng_rujia_56 name = 儒家56
[triggeredmodifier.cpp:114]: TriggeredModifier #818 tag = quanguoxiuzheng_rujia_57 name = 儒家57
[triggeredmodifier.cpp:114]: TriggeredModifier #819 tag = quanguoxiuzheng_rujia_58 name = 儒家58
[triggeredmodifier.cpp:114]: TriggeredModifier #820 tag = quanguoxiuzheng_rujia_59 name = 儒家59
[triggeredmodifier.cpp:114]: TriggeredModifier #821 tag = quanguoxiuzheng_rujia_60 name = 儒家60
[triggeredmodifier.cpp:114]: TriggeredModifier #822 tag = quanguoxiuzheng_rujia_61 name = 儒家61
[triggeredmodifier.cpp:114]: TriggeredModifier #823 tag = quanguoxiuzheng_rujia_62 name = 儒家62
[triggeredmodifier.cpp:114]: TriggeredModifier #824 tag = quanguoxiuzheng_rujia_63 name = 儒家63
[triggeredmodifier.cpp:114]: TriggeredModifier #825 tag = quanguoxiuzheng_rujia_64 name = 儒家64
[triggeredmodifier.cpp:114]: TriggeredModifier #826 tag = quanguoxiuzheng_rujia_65 name = 儒家65
[triggeredmodifier.cpp:114]: TriggeredModifier #827 tag = quanguoxiuzheng_rujia_66 name = 儒家66
[triggeredmodifier.cpp:114]: TriggeredModifier #828 tag = quanguoxiuzheng_rujia_67 name = 儒家67
[triggeredmodifier.cpp:114]: TriggeredModifier #829 tag = quanguoxiuzheng_rujia_68 name = 儒家68
[triggeredmodifier.cpp:114]: TriggeredModifier #830 tag = quanguoxiuzheng_rujia_69 name = 儒家69
[triggeredmodifier.cpp:114]: TriggeredModifier #831 tag = quanguoxiuzheng_rujia_70 name = 儒家70
[triggeredmodifier.cpp:114]: TriggeredModifier #832 tag = quanguoxiuzheng_rujia_71 name = 儒家71
[triggeredmodifier.cpp:114]: TriggeredModifier #833 tag = quanguoxiuzheng_rujia_72 name = 儒家72
[triggeredmodifier.cpp:114]: TriggeredModifier #834 tag = quanguoxiuzheng_rujia_73 name = 儒家73
[triggeredmodifier.cpp:114]: TriggeredModifier #835 tag = quanguoxiuzheng_rujia_74 name = 儒家74
[triggeredmodifier.cpp:114]: TriggeredModifier #836 tag = quanguoxiuzheng_rujia_75 name = 儒家75
[triggeredmodifier.cpp:114]: TriggeredModifier #837 tag = quanguoxiuzheng_rujia_76 name = 儒家76
[triggeredmodifier.cpp:114]: TriggeredModifier #838 tag = quanguoxiuzheng_rujia_77 name = 儒家77
[triggeredmodifier.cpp:114]: TriggeredModifier #839 tag = quanguoxiuzheng_rujia_78 name = 儒家78
[triggeredmodifier.cpp:114]: TriggeredModifier #840 tag = quanguoxiuzheng_rujia_79 name = 儒家79
[triggeredmodifier.cpp:114]: TriggeredModifier #841 tag = quanguoxiuzheng_rujia_80 name = 儒家80
[triggeredmodifier.cpp:114]: TriggeredModifier #842 tag = quanguoxiuzheng_rujia_81 name = 儒家81
[triggeredmodifier.cpp:114]: TriggeredModifier #843 tag = quanguoxiuzheng_rujia_82 name = 儒家82
[triggeredmodifier.cpp:114]: TriggeredModifier #844 tag = quanguoxiuzheng_rujia_83 name = 儒家83
[triggeredmodifier.cpp:114]: TriggeredModifier #845 tag = quanguoxiuzheng_rujia_84 name = 儒家84
[triggeredmodifier.cpp:114]: TriggeredModifier #846 tag = quanguoxiuzheng_rujia_85 name = 儒家85
[triggeredmodifier.cpp:114]: TriggeredModifier #847 tag = quanguoxiuzheng_rujia_86 name = 儒家86
[triggeredmodifier.cpp:114]: TriggeredModifier #848 tag = quanguoxiuzheng_rujia_87 name = 儒家87
[triggeredmodifier.cpp:114]: TriggeredModifier #849 tag = quanguoxiuzheng_rujia_88 name = 儒家88
[triggeredmodifier.cpp:114]: TriggeredModifier #850 tag = quanguoxiuzheng_rujia_89 name = 儒家89
[triggeredmodifier.cpp:114]: TriggeredModifier #851 tag = quanguoxiuzheng_rujia_90 name = 儒家90
[triggeredmodifier.cpp:114]: TriggeredModifier #852 tag = quanguoxiuzheng_rujia_91 name = 儒家91
[triggeredmodifier.cpp:114]: TriggeredModifier #853 tag = quanguoxiuzheng_rujia_92 name = 儒家92
[triggeredmodifier.cpp:114]: TriggeredModifier #854 tag = quanguoxiuzheng_rujia_93 name = 儒家93
[triggeredmodifier.cpp:114]: TriggeredModifier #855 tag = quanguoxiuzheng_rujia_94 name = 儒家94
[triggeredmodifier.cpp:114]: TriggeredModifier #856 tag = quanguoxiuzheng_rujia_95 name = 儒家95
[triggeredmodifier.cpp:114]: TriggeredModifier #857 tag = quanguoxiuzheng_rujia_96 name = 儒家96
[triggeredmodifier.cpp:114]: TriggeredModifier #858 tag = quanguoxiuzheng_rujia_97 name = 儒家97
[triggeredmodifier.cpp:114]: TriggeredModifier #859 tag = quanguoxiuzheng_rujia_98 name = 儒家98
[triggeredmodifier.cpp:114]: TriggeredModifier #860 tag = quanguoxiuzheng_rujia_99 name = 儒家99
[triggeredmodifier.cpp:114]: TriggeredModifier #861 tag = quanguoxiuzheng_rujia_100 name = 儒家100
[triggeredmodifier.cpp:114]: TriggeredModifier #862 tag = quanguoxiuzheng_fajia_1 name = 法家1
[triggeredmodifier.cpp:114]: TriggeredModifier #863 tag = quanguoxiuzheng_fajia_2 name = 法家2
[triggeredmodifier.cpp:114]: TriggeredModifier #864 tag = quanguoxiuzheng_fajia_3 name = 法家3
[triggeredmodifier.cpp:114]: TriggeredModifier #865 tag = quanguoxiuzheng_fajia_4 name = 法家4
[triggeredmodifier.cpp:114]: TriggeredModifier #866 tag = quanguoxiuzheng_fajia_5 name = 法家5
[triggeredmodifier.cpp:114]: TriggeredModifier #867 tag = quanguoxiuzheng_fajia_6 name = 法家6
[triggeredmodifier.cpp:114]: TriggeredModifier #868 tag = quanguoxiuzheng_fajia_7 name = 法家7
[triggeredmodifier.cpp:114]: TriggeredModifier #869 tag = quanguoxiuzheng_fajia_8 name = 法家8
[triggeredmodifier.cpp:114]: TriggeredModifier #870 tag = quanguoxiuzheng_fajia_9 name = 法家9
[triggeredmodifier.cpp:114]: TriggeredModifier #871 tag = quanguoxiuzheng_fajia_10 name = 法家10
[triggeredmodifier.cpp:114]: TriggeredModifier #872 tag = quanguoxiuzheng_fajia_11 name = 法家11
[triggeredmodifier.cpp:114]: TriggeredModifier #873 tag = quanguoxiuzheng_fajia_12 name = 法家12
[triggeredmodifier.cpp:114]: TriggeredModifier #874 tag = quanguoxiuzheng_fajia_13 name = 法家13
[triggeredmodifier.cpp:114]: TriggeredModifier #875 tag = quanguoxiuzheng_fajia_14 name = 法家14
[triggeredmodifier.cpp:114]: TriggeredModifier #876 tag = quanguoxiuzheng_fajia_15 name = 法家15
[triggeredmodifier.cpp:114]: TriggeredModifier #877 tag = quanguoxiuzheng_fajia_16 name = 法家16
[triggeredmodifier.cpp:114]: TriggeredModifier #878 tag = quanguoxiuzheng_fajia_17 name = 法家17
[triggeredmodifier.cpp:114]: TriggeredModifier #879 tag = quanguoxiuzheng_fajia_18 name = 法家18
[triggeredmodifier.cpp:114]: TriggeredModifier #880 tag = quanguoxiuzheng_fajia_19 name = 法家19
[triggeredmodifier.cpp:114]: TriggeredModifier #881 tag = quanguoxiuzheng_fajia_20 name = 法家20
[triggeredmodifier.cpp:114]: TriggeredModifier #882 tag = quanguoxiuzheng_fajia_21 name = 法家21
[triggeredmodifier.cpp:114]: TriggeredModifier #883 tag = quanguoxiuzheng_fajia_22 name = 法家22
[triggeredmodifier.cpp:114]: TriggeredModifier #884 tag = quanguoxiuzheng_fajia_23 name = 法家23
[triggeredmodifier.cpp:114]: TriggeredModifier #885 tag = quanguoxiuzheng_fajia_24 name = 法家24
[triggeredmodifier.cpp:114]: TriggeredModifier #886 tag = quanguoxiuzheng_fajia_25 name = 法家25
[triggeredmodifier.cpp:114]: TriggeredModifier #887 tag = quanguoxiuzheng_fajia_26 name = 法家26
[triggeredmodifier.cpp:114]: TriggeredModifier #888 tag = quanguoxiuzheng_fajia_27 name = 法家27
[triggeredmodifier.cpp:114]: TriggeredModifier #889 tag = quanguoxiuzheng_fajia_28 name = 法家28
[triggeredmodifier.cpp:114]: TriggeredModifier #890 tag = quanguoxiuzheng_fajia_29 name = 法家29
[triggeredmodifier.cpp:114]: TriggeredModifier #891 tag = quanguoxiuzheng_fajia_30 name = 法家30
[triggeredmodifier.cpp:114]: TriggeredModifier #892 tag = quanguoxiuzheng_fajia_31 name = 法家31
[triggeredmodifier.cpp:114]: TriggeredModifier #893 tag = quanguoxiuzheng_fajia_32 name = 法家32
[triggeredmodifier.cpp:114]: TriggeredModifier #894 tag = quanguoxiuzheng_fajia_33 name = 法家33
[triggeredmodifier.cpp:114]: TriggeredModifier #895 tag = quanguoxiuzheng_fajia_34 name = 法家34
[triggeredmodifier.cpp:114]: TriggeredModifier #896 tag = quanguoxiuzheng_fajia_35 name = 法家35
[triggeredmodifier.cpp:114]: TriggeredModifier #897 tag = quanguoxiuzheng_fajia_36 name = 法家36
[triggeredmodifier.cpp:114]: TriggeredModifier #898 tag = quanguoxiuzheng_fajia_37 name = 法家37
[triggeredmodifier.cpp:114]: TriggeredModifier #899 tag = quanguoxiuzheng_fajia_38 name = 法家38
[triggeredmodifier.cpp:114]: TriggeredModifier #900 tag = quanguoxiuzheng_fajia_39 name = 法家39
[triggeredmodifier.cpp:114]: TriggeredModifier #901 tag = quanguoxiuzheng_fajia_40 name = 法家40
[triggeredmodifier.cpp:114]: TriggeredModifier #902 tag = quanguoxiuzheng_fajia_41 name = 法家41
[triggeredmodifier.cpp:114]: TriggeredModifier #903 tag = quanguoxiuzheng_fajia_42 name = 法家42
[triggeredmodifier.cpp:114]: TriggeredModifier #904 tag = quanguoxiuzheng_fajia_43 name = 法家43
[triggeredmodifier.cpp:114]: TriggeredModifier #905 tag = quanguoxiuzheng_fajia_44 name = 法家44
[triggeredmodifier.cpp:114]: TriggeredModifier #906 tag = quanguoxiuzheng_fajia_45 name = 法家45
[triggeredmodifier.cpp:114]: TriggeredModifier #907 tag = quanguoxiuzheng_fajia_46 name = 法家46
[triggeredmodifier.cpp:114]: TriggeredModifier #908 tag = quanguoxiuzheng_fajia_47 name = 法家47
[triggeredmodifier.cpp:114]: TriggeredModifier #909 tag = quanguoxiuzheng_fajia_48 name = 法家48
[triggeredmodifier.cpp:114]: TriggeredModifier #910 tag = quanguoxiuzheng_fajia_49 name = 法家49
[triggeredmodifier.cpp:114]: TriggeredModifier #911 tag = quanguoxiuzheng_fajia_50 name = 法家50
[triggeredmodifier.cpp:114]: TriggeredModifier #912 tag = quanguoxiuzheng_fajia_51 name = 法家51
[triggeredmodifier.cpp:114]: TriggeredModifier #913 tag = quanguoxiuzheng_fajia_52 name = 法家52
[triggeredmodifier.cpp:114]: TriggeredModifier #914 tag = quanguoxiuzheng_fajia_53 name = 法家53
[triggeredmodifier.cpp:114]: TriggeredModifier #915 tag = quanguoxiuzheng_fajia_54 name = 法家54
[triggeredmodifier.cpp:114]: TriggeredModifier #916 tag = quanguoxiuzheng_fajia_55 name = 法家55
[triggeredmodifier.cpp:114]: TriggeredModifier #917 tag = quanguoxiuzheng_fajia_56 name = 法家56
[triggeredmodifier.cpp:114]: TriggeredModifier #918 tag = quanguoxiuzheng_fajia_57 name = 法家57
[triggeredmodifier.cpp:114]: TriggeredModifier #919 tag = quanguoxiuzheng_fajia_58 name = 法家58
[triggeredmodifier.cpp:114]: TriggeredModifier #920 tag = quanguoxiuzheng_fajia_59 name = 法家59
[triggeredmodifier.cpp:114]: TriggeredModifier #921 tag = quanguoxiuzheng_fajia_60 name = 法家60
[triggeredmodifier.cpp:114]: TriggeredModifier #922 tag = quanguoxiuzheng_fajia_61 name = 法家61
[triggeredmodifier.cpp:114]: TriggeredModifier #923 tag = quanguoxiuzheng_fajia_62 name = 法家62
[triggeredmodifier.cpp:114]: TriggeredModifier #924 tag = quanguoxiuzheng_fajia_63 name = 法家63
[triggeredmodifier.cpp:114]: TriggeredModifier #925 tag = quanguoxiuzheng_fajia_64 name = 法家64
[triggeredmodifier.cpp:114]: TriggeredModifier #926 tag = quanguoxiuzheng_fajia_65 name = 法家65
[triggeredmodifier.cpp:114]: TriggeredModifier #927 tag = quanguoxiuzheng_fajia_66 name = 法家66
[triggeredmodifier.cpp:114]: TriggeredModifier #928 tag = quanguoxiuzheng_fajia_67 name = 法家67
[triggeredmodifier.cpp:114]: TriggeredModifier #929 tag = quanguoxiuzheng_fajia_68 name = 法家68
[triggeredmodifier.cpp:114]: TriggeredModifier #930 tag = quanguoxiuzheng_fajia_69 name = 法家69
[triggeredmodifier.cpp:114]: TriggeredModifier #931 tag = quanguoxiuzheng_fajia_70 name = 法家70
[triggeredmodifier.cpp:114]: TriggeredModifier #932 tag = quanguoxiuzheng_fajia_71 name = 法家71
[triggeredmodifier.cpp:114]: TriggeredModifier #933 tag = quanguoxiuzheng_fajia_72 name = 法家72
[triggeredmodifier.cpp:114]: TriggeredModifier #934 tag = quanguoxiuzheng_fajia_73 name = 法家73
[triggeredmodifier.cpp:114]: TriggeredModifier #935 tag = quanguoxiuzheng_fajia_74 name = 法家74
[triggeredmodifier.cpp:114]: TriggeredModifier #936 tag = quanguoxiuzheng_fajia_75 name = 法家75
[triggeredmodifier.cpp:114]: TriggeredModifier #937 tag = quanguoxiuzheng_fajia_76 name = 法家76
[triggeredmodifier.cpp:114]: TriggeredModifier #938 tag = quanguoxiuzheng_fajia_77 name = 法家77
[triggeredmodifier.cpp:114]: TriggeredModifier #939 tag = quanguoxiuzheng_fajia_78 name = 法家78
[triggeredmodifier.cpp:114]: TriggeredModifier #940 tag = quanguoxiuzheng_fajia_79 name = 法家79
[triggeredmodifier.cpp:114]: TriggeredModifier #941 tag = quanguoxiuzheng_fajia_80 name = 法家80
[triggeredmodifier.cpp:114]: TriggeredModifier #942 tag = quanguoxiuzheng_fajia_81 name = 法家81
[triggeredmodifier.cpp:114]: TriggeredModifier #943 tag = quanguoxiuzheng_fajia_82 name = 法家82
[triggeredmodifier.cpp:114]: TriggeredModifier #944 tag = quanguoxiuzheng_fajia_83 name = 法家83
[triggeredmodifier.cpp:114]: TriggeredModifier #945 tag = quanguoxiuzheng_fajia_84 name = 法家84
[triggeredmodifier.cpp:114]: TriggeredModifier #946 tag = quanguoxiuzheng_fajia_85 name = 法家85
[triggeredmodifier.cpp:114]: TriggeredModifier #947 tag = quanguoxiuzheng_fajia_86 name = 法家86
[triggeredmodifier.cpp:114]: TriggeredModifier #948 tag = quanguoxiuzheng_fajia_87 name = 法家87
[triggeredmodifier.cpp:114]: TriggeredModifier #949 tag = quanguoxiuzheng_fajia_88 name = 法家88
[triggeredmodifier.cpp:114]: TriggeredModifier #950 tag = quanguoxiuzheng_fajia_89 name = 法家89
[triggeredmodifier.cpp:114]: TriggeredModifier #951 tag = quanguoxiuzheng_fajia_90 name = 法家90
[triggeredmodifier.cpp:114]: TriggeredModifier #952 tag = quanguoxiuzheng_fajia_91 name = 法家91
[triggeredmodifier.cpp:114]: TriggeredModifier #953 tag = quanguoxiuzheng_fajia_92 name = 法家92
[triggeredmodifier.cpp:114]: TriggeredModifier #954 tag = quanguoxiuzheng_fajia_93 name = 法家93
[triggeredmodifier.cpp:114]: TriggeredModifier #955 tag = quanguoxiuzheng_fajia_94 name = 法家94
[triggeredmodifier.cpp:114]: TriggeredModifier #956 tag = quanguoxiuzheng_fajia_95 name = 法家95
[triggeredmodifier.cpp:114]: TriggeredModifier #957 tag = quanguoxiuzheng_fajia_96 name = 法家96
[triggeredmodifier.cpp:114]: TriggeredModifier #958 tag = quanguoxiuzheng_fajia_97 name = 法家97
[triggeredmodifier.cpp:114]: TriggeredModifier #959 tag = quanguoxiuzheng_fajia_98 name = 法家98
[triggeredmodifier.cpp:114]: TriggeredModifier #960 tag = quanguoxiuzheng_fajia_99 name = 法家99
[triggeredmodifier.cpp:114]: TriggeredModifier #961 tag = quanguoxiuzheng_fajia_100 name = 法家100
[triggeredmodifier.cpp:114]: TriggeredModifier #962 tag = quanguoxiuzheng_mojia_1 name = 墨家1
[triggeredmodifier.cpp:114]: TriggeredModifier #963 tag = quanguoxiuzheng_mojia_2 name = 墨家2
[triggeredmodifier.cpp:114]: TriggeredModifier #964 tag = quanguoxiuzheng_mojia_3 name = 墨家3
[triggeredmodifier.cpp:114]: TriggeredModifier #965 tag = quanguoxiuzheng_mojia_4 name = 墨家4
[triggeredmodifier.cpp:114]: TriggeredModifier #966 tag = quanguoxiuzheng_mojia_5 name = 墨家5
[triggeredmodifier.cpp:114]: TriggeredModifier #967 tag = quanguoxiuzheng_mojia_6 name = 墨家6
[triggeredmodifier.cpp:114]: TriggeredModifier #968 tag = quanguoxiuzheng_mojia_7 name = 墨家7
[triggeredmodifier.cpp:114]: TriggeredModifier #969 tag = quanguoxiuzheng_mojia_8 name = 墨家8
[triggeredmodifier.cpp:114]: TriggeredModifier #970 tag = quanguoxiuzheng_mojia_9 name = 墨家9
[triggeredmodifier.cpp:114]: TriggeredModifier #971 tag = quanguoxiuzheng_mojia_10 name = 墨家10
[triggeredmodifier.cpp:114]: TriggeredModifier #972 tag = quanguoxiuzheng_mojia_11 name = 墨家11
[triggeredmodifier.cpp:114]: TriggeredModifier #973 tag = quanguoxiuzheng_mojia_12 name = 墨家12
[triggeredmodifier.cpp:114]: TriggeredModifier #974 tag = quanguoxiuzheng_mojia_13 name = 墨家13
[triggeredmodifier.cpp:114]: TriggeredModifier #975 tag = quanguoxiuzheng_mojia_14 name = 墨家14
[triggeredmodifier.cpp:114]: TriggeredModifier #976 tag = quanguoxiuzheng_mojia_15 name = 墨家15
[triggeredmodifier.cpp:114]: TriggeredModifier #977 tag = quanguoxiuzheng_mojia_16 name = 墨家16
[triggeredmodifier.cpp:114]: TriggeredModifier #978 tag = quanguoxiuzheng_mojia_17 name = 墨家17
[triggeredmodifier.cpp:114]: TriggeredModifier #979 tag = quanguoxiuzheng_mojia_18 name = 墨家18
[triggeredmodifier.cpp:114]: TriggeredModifier #980 tag = quanguoxiuzheng_mojia_19 name = 墨家19
[triggeredmodifier.cpp:114]: TriggeredModifier #981 tag = quanguoxiuzheng_mojia_20 name = 墨家20
[triggeredmodifier.cpp:114]: TriggeredModifier #982 tag = quanguoxiuzheng_mojia_21 name = 墨家21
[triggeredmodifier.cpp:114]: TriggeredModifier #983 tag = quanguoxiuzheng_mojia_22 name = 墨家22
[triggeredmodifier.cpp:114]: TriggeredModifier #984 tag = quanguoxiuzheng_mojia_23 name = 墨家23
[triggeredmodifier.cpp:114]: TriggeredModifier #985 tag = quanguoxiuzheng_mojia_24 name = 墨家24
[triggeredmodifier.cpp:114]: TriggeredModifier #986 tag = quanguoxiuzheng_mojia_25 name = 墨家25
[triggeredmodifier.cpp:114]: TriggeredModifier #987 tag = quanguoxiuzheng_mojia_26 name = 墨家26
[triggeredmodifier.cpp:114]: TriggeredModifier #988 tag = quanguoxiuzheng_mojia_27 name = 墨家27
[triggeredmodifier.cpp:114]: TriggeredModifier #989 tag = quanguoxiuzheng_mojia_28 name = 墨家28
[triggeredmodifier.cpp:114]: TriggeredModifier #990 tag = quanguoxiuzheng_mojia_29 name = 墨家29
[triggeredmodifier.cpp:114]: TriggeredModifier #991 tag = quanguoxiuzheng_mojia_30 name = 墨家30
[triggeredmodifier.cpp:114]: TriggeredModifier #992 tag = quanguoxiuzheng_mojia_31 name = 墨家31
[triggeredmodifier.cpp:114]: TriggeredModifier #993 tag = quanguoxiuzheng_mojia_32 name = 墨家32
[triggeredmodifier.cpp:114]: TriggeredModifier #994 tag = quanguoxiuzheng_mojia_33 name = 墨家33
[triggeredmodifier.cpp:114]: TriggeredModifier #995 tag = quanguoxiuzheng_mojia_34 name = 墨家34
[triggeredmodifier.cpp:114]: TriggeredModifier #996 tag = quanguoxiuzheng_mojia_35 name = 墨家35
[triggeredmodifier.cpp:114]: TriggeredModifier #997 tag = quanguoxiuzheng_mojia_36 name = 墨家36
[triggeredmodifier.cpp:114]: TriggeredModifier #998 tag = quanguoxiuzheng_mojia_37 name = 墨家37
[triggeredmodifier.cpp:114]: TriggeredModifier #999 tag = quanguoxiuzheng_mojia_38 name = 墨家38
[triggeredmodifier.cpp:114]: TriggeredModifier #1000 tag = quanguoxiuzheng_mojia_39 name = 墨家39
[triggeredmodifier.cpp:114]: TriggeredModifier #1001 tag = quanguoxiuzheng_mojia_40 name = 墨家40
[triggeredmodifier.cpp:114]: TriggeredModifier #1002 tag = quanguoxiuzheng_mojia_41 name = 墨家41
[triggeredmodifier.cpp:114]: TriggeredModifier #1003 tag = quanguoxiuzheng_mojia_42 name = 墨家42
[triggeredmodifier.cpp:114]: TriggeredModifier #1004 tag = quanguoxiuzheng_mojia_43 name = 墨家43
[triggeredmodifier.cpp:114]: TriggeredModifier #1005 tag = quanguoxiuzheng_mojia_44 name = 墨家44
[triggeredmodifier.cpp:114]: TriggeredModifier #1006 tag = quanguoxiuzheng_mojia_45 name = 墨家45
[triggeredmodifier.cpp:114]: TriggeredModifier #1007 tag = quanguoxiuzheng_mojia_46 name = 墨家46
[triggeredmodifier.cpp:114]: TriggeredModifier #1008 tag = quanguoxiuzheng_mojia_47 name = 墨家47
[triggeredmodifier.cpp:114]: TriggeredModifier #1009 tag = quanguoxiuzheng_mojia_48 name = 墨家48
[triggeredmodifier.cpp:114]: TriggeredModifier #1010 tag = quanguoxiuzheng_mojia_49 name = 墨家49
[triggeredmodifier.cpp:114]: TriggeredModifier #1011 tag = quanguoxiuzheng_mojia_50 name = 墨家50
[triggeredmodifier.cpp:114]: TriggeredModifier #1012 tag = quanguoxiuzheng_mojia_51 name = 墨家51
[triggeredmodifier.cpp:114]: TriggeredModifier #1013 tag = quanguoxiuzheng_mojia_52 name = 墨家52
[triggeredmodifier.cpp:114]: TriggeredModifier #1014 tag = quanguoxiuzheng_mojia_53 name = 墨家53
[triggeredmodifier.cpp:114]: TriggeredModifier #1015 tag = quanguoxiuzheng_mojia_54 name = 墨家54
[triggeredmodifier.cpp:114]: TriggeredModifier #1016 tag = quanguoxiuzheng_mojia_55 name = 墨家55
[triggeredmodifier.cpp:114]: TriggeredModifier #1017 tag = quanguoxiuzheng_mojia_56 name = 墨家56
[triggeredmodifier.cpp:114]: TriggeredModifier #1018 tag = quanguoxiuzheng_mojia_57 name = 墨家57
[triggeredmodifier.cpp:114]: TriggeredModifier #1019 tag = quanguoxiuzheng_mojia_58 name = 墨家58
[triggeredmodifier.cpp:114]: TriggeredModifier #1020 tag = quanguoxiuzheng_mojia_59 name = 墨家59
[triggeredmodifier.cpp:114]: TriggeredModifier #1021 tag = quanguoxiuzheng_mojia_60 name = 墨家60
[triggeredmodifier.cpp:114]: TriggeredModifier #1022 tag = quanguoxiuzheng_mojia_61 name = 墨家61
[triggeredmodifier.cpp:114]: TriggeredModifier #1023 tag = quanguoxiuzheng_mojia_62 name = 墨家62
[triggeredmodifier.cpp:114]: TriggeredModifier #1024 tag = quanguoxiuzheng_mojia_63 name = 墨家63
[triggeredmodifier.cpp:114]: TriggeredModifier #1025 tag = quanguoxiuzheng_mojia_64 name = 墨家64
[triggeredmodifier.cpp:114]: TriggeredModifier #1026 tag = quanguoxiuzheng_mojia_65 name = 墨家65
[triggeredmodifier.cpp:114]: TriggeredModifier #1027 tag = quanguoxiuzheng_mojia_66 name = 墨家66
[triggeredmodifier.cpp:114]: TriggeredModifier #1028 tag = quanguoxiuzheng_mojia_67 name = 墨家67
[triggeredmodifier.cpp:114]: TriggeredModifier #1029 tag = quanguoxiuzheng_mojia_68 name = 墨家68
[triggeredmodifier.cpp:114]: TriggeredModifier #1030 tag = quanguoxiuzheng_mojia_69 name = 墨家69
[triggeredmodifier.cpp:114]: TriggeredModifier #1031 tag = quanguoxiuzheng_mojia_70 name = 墨家70
[triggeredmodifier.cpp:114]: TriggeredModifier #1032 tag = quanguoxiuzheng_mojia_71 name = 墨家71
[triggeredmodifier.cpp:114]: TriggeredModifier #1033 tag = quanguoxiuzheng_mojia_72 name = 墨家72
[triggeredmodifier.cpp:114]: TriggeredModifier #1034 tag = quanguoxiuzheng_mojia_73 name = 墨家73
[triggeredmodifier.cpp:114]: TriggeredModifier #1035 tag = quanguoxiuzheng_mojia_74 name = 墨家74
[triggeredmodifier.cpp:114]: TriggeredModifier #1036 tag = quanguoxiuzheng_mojia_75 name = 墨家75
[triggeredmodifier.cpp:114]: TriggeredModifier #1037 tag = quanguoxiuzheng_mojia_76 name = 墨家76
[triggeredmodifier.cpp:114]: TriggeredModifier #1038 tag = quanguoxiuzheng_mojia_77 name = 墨家77
[triggeredmodifier.cpp:114]: TriggeredModifier #1039 tag = quanguoxiuzheng_mojia_78 name = 墨家78
[triggeredmodifier.cpp:114]: TriggeredModifier #1040 tag = quanguoxiuzheng_mojia_79 name = 墨家79
[triggeredmodifier.cpp:114]: TriggeredModifier #1041 tag = quanguoxiuzheng_mojia_80 name = 墨家80
[triggeredmodifier.cpp:114]: TriggeredModifier #1042 tag = quanguoxiuzheng_mojia_81 name = 墨家81
[triggeredmodifier.cpp:114]: TriggeredModifier #1043 tag = quanguoxiuzheng_mojia_82 name = 墨家82
[triggeredmodifier.cpp:114]: TriggeredModifier #1044 tag = quanguoxiuzheng_mojia_83 name = 墨家83
[triggeredmodifier.cpp:114]: TriggeredModifier #1045 tag = quanguoxiuzheng_mojia_84 name = 墨家84
[triggeredmodifier.cpp:114]: TriggeredModifier #1046 tag = quanguoxiuzheng_mojia_85 name = 墨家85
[triggeredmodifier.cpp:114]: TriggeredModifier #1047 tag = quanguoxiuzheng_mojia_86 name = 墨家86
[triggeredmodifier.cpp:114]: TriggeredModifier #1048 tag = quanguoxiuzheng_mojia_87 name = 墨家87
[triggeredmodifier.cpp:114]: TriggeredModifier #1049 tag = quanguoxiuzheng_mojia_88 name = 墨家88
[triggeredmodifier.cpp:114]: TriggeredModifier #1050 tag = quanguoxiuzheng_mojia_89 name = 墨家89
[triggeredmodifier.cpp:114]: TriggeredModifier #1051 tag = quanguoxiuzheng_mojia_90 name = 墨家90
[triggeredmodifier.cpp:114]: TriggeredModifier #1052 tag = quanguoxiuzheng_mojia_91 name = 墨家91
[triggeredmodifier.cpp:114]: TriggeredModifier #1053 tag = quanguoxiuzheng_mojia_92 name = 墨家92
[triggeredmodifier.cpp:114]: TriggeredModifier #1054 tag = quanguoxiuzheng_mojia_93 name = 墨家93
[triggeredmodifier.cpp:114]: TriggeredModifier #1055 tag = quanguoxiuzheng_mojia_94 name = 墨家94
[triggeredmodifier.cpp:114]: TriggeredModifier #1056 tag = quanguoxiuzheng_mojia_95 name = 墨家95
[triggeredmodifier.cpp:114]: TriggeredModifier #1057 tag = quanguoxiuzheng_mojia_96 name = 墨家96
[triggeredmodifier.cpp:114]: TriggeredModifier #1058 tag = quanguoxiuzheng_mojia_97 name = 墨家97
[triggeredmodifier.cpp:114]: TriggeredModifier #1059 tag = quanguoxiuzheng_mojia_98 name = 墨家98
[triggeredmodifier.cpp:114]: TriggeredModifier #1060 tag = quanguoxiuzheng_mojia_99 name = 墨家99
[triggeredmodifier.cpp:114]: TriggeredModifier #1061 tag = quanguoxiuzheng_mojia_100 name = 墨家100
[triggeredmodifier.cpp:114]: TriggeredModifier #1062 tag = quanguoxiuzheng_animism_1 name = 鬼神崇拜1
[triggeredmodifier.cpp:114]: TriggeredModifier #1063 tag = quanguoxiuzheng_animism_2 name = 鬼神崇拜2
[triggeredmodifier.cpp:114]: TriggeredModifier #1064 tag = quanguoxiuzheng_animism_3 name = 鬼神崇拜3
[triggeredmodifier.cpp:114]: TriggeredModifier #1065 tag = quanguoxiuzheng_animism_4 name = 鬼神崇拜4
[triggeredmodifier.cpp:114]: TriggeredModifier #1066 tag = quanguoxiuzheng_animism_5 name = 鬼神崇拜5
[triggeredmodifier.cpp:114]: TriggeredModifier #1067 tag = quanguoxiuzheng_animism_6 name = 鬼神崇拜6
[triggeredmodifier.cpp:114]: TriggeredModifier #1068 tag = quanguoxiuzheng_animism_7 name = 鬼神崇拜7
[triggeredmodifier.cpp:114]: TriggeredModifier #1069 tag = quanguoxiuzheng_animism_8 name = 鬼神崇拜8
[triggeredmodifier.cpp:114]: TriggeredModifier #1070 tag = quanguoxiuzheng_animism_9 name = 鬼神崇拜9
[triggeredmodifier.cpp:114]: TriggeredModifier #1071 tag = quanguoxiuzheng_animism_10 name = 鬼神崇拜10
[triggeredmodifier.cpp:114]: TriggeredModifier #1072 tag = quanguoxiuzheng_animism_11 name = 鬼神崇拜11
[triggeredmodifier.cpp:114]: TriggeredModifier #1073 tag = quanguoxiuzheng_animism_12 name = 鬼神崇拜12
[triggeredmodifier.cpp:114]: TriggeredModifier #1074 tag = quanguoxiuzheng_animism_13 name = 鬼神崇拜13
[triggeredmodifier.cpp:114]: TriggeredModifier #1075 tag = quanguoxiuzheng_animism_14 name = 鬼神崇拜14
[triggeredmodifier.cpp:114]: TriggeredModifier #1076 tag = quanguoxiuzheng_animism_15 name = 鬼神崇拜15
[triggeredmodifier.cpp:114]: TriggeredModifier #1077 tag = quanguoxiuzheng_animism_16 name = 鬼神崇拜16
[triggeredmodifier.cpp:114]: TriggeredModifier #1078 tag = quanguoxiuzheng_animism_17 name = 鬼神崇拜17
[triggeredmodifier.cpp:114]: TriggeredModifier #1079 tag = quanguoxiuzheng_animism_18 name = 鬼神崇拜18
[triggeredmodifier.cpp:114]: TriggeredModifier #1080 tag = quanguoxiuzheng_animism_19 name = 鬼神崇拜19
[triggeredmodifier.cpp:114]: TriggeredModifier #1081 tag = quanguoxiuzheng_animism_20 name = 鬼神崇拜20
[triggeredmodifier.cpp:114]: TriggeredModifier #1082 tag = quanguoxiuzheng_animism_21 name = 鬼神崇拜21
[triggeredmodifier.cpp:114]: TriggeredModifier #1083 tag = quanguoxiuzheng_animism_22 name = 鬼神崇拜22
[triggeredmodifier.cpp:114]: TriggeredModifier #1084 tag = quanguoxiuzheng_animism_23 name = 鬼神崇拜23
[triggeredmodifier.cpp:114]: TriggeredModifier #1085 tag = quanguoxiuzheng_animism_24 name = 鬼神崇拜24
[triggeredmodifier.cpp:114]: TriggeredModifier #1086 tag = quanguoxiuzheng_animism_25 name = 鬼神崇拜25
[triggeredmodifier.cpp:114]: TriggeredModifier #1087 tag = quanguoxiuzheng_animism_26 name = 鬼神崇拜26
[triggeredmodifier.cpp:114]: TriggeredModifier #1088 tag = quanguoxiuzheng_animism_27 name = 鬼神崇拜27
[triggeredmodifier.cpp:114]: TriggeredModifier #1089 tag = quanguoxiuzheng_animism_28 name = 鬼神崇拜28
[triggeredmodifier.cpp:114]: TriggeredModifier #1090 tag = quanguoxiuzheng_animism_29 name = 鬼神崇拜29
[triggeredmodifier.cpp:114]: TriggeredModifier #1091 tag = quanguoxiuzheng_animism_30 name = 鬼神崇拜30
[triggeredmodifier.cpp:114]: TriggeredModifier #1092 tag = quanguoxiuzheng_animism_31 name = 鬼神崇拜31
[triggeredmodifier.cpp:114]: TriggeredModifier #1093 tag = quanguoxiuzheng_animism_32 name = 鬼神崇拜32
[triggeredmodifier.cpp:114]: TriggeredModifier #1094 tag = quanguoxiuzheng_animism_33 name = 鬼神崇拜33
[triggeredmodifier.cpp:114]: TriggeredModifier #1095 tag = quanguoxiuzheng_animism_34 name = 鬼神崇拜34
[triggeredmodifier.cpp:114]: TriggeredModifier #1096 tag = quanguoxiuzheng_animism_35 name = 鬼神崇拜35
[triggeredmodifier.cpp:114]: TriggeredModifier #1097 tag = quanguoxiuzheng_animism_36 name = 鬼神崇拜36
[triggeredmodifier.cpp:114]: TriggeredModifier #1098 tag = quanguoxiuzheng_animism_37 name = 鬼神崇拜37
[triggeredmodifier.cpp:114]: TriggeredModifier #1099 tag = quanguoxiuzheng_animism_38 name = 鬼神崇拜38
[triggeredmodifier.cpp:114]: TriggeredModifier #1100 tag = quanguoxiuzheng_animism_39 name = 鬼神崇拜39
[triggeredmodifier.cpp:114]: TriggeredModifier #1101 tag = quanguoxiuzheng_animism_40 name = 鬼神崇拜40
[triggeredmodifier.cpp:114]: TriggeredModifier #1102 tag = quanguoxiuzheng_animism_41 name = 鬼神崇拜41
[triggeredmodifier.cpp:114]: TriggeredModifier #1103 tag = quanguoxiuzheng_animism_42 name = 鬼神崇拜42
[triggeredmodifier.cpp:114]: TriggeredModifier #1104 tag = quanguoxiuzheng_animism_43 name = 鬼神崇拜43
[triggeredmodifier.cpp:114]: TriggeredModifier #1105 tag = quanguoxiuzheng_animism_44 name = 鬼神崇拜44
[triggeredmodifier.cpp:114]: TriggeredModifier #1106 tag = quanguoxiuzheng_animism_45 name = 鬼神崇拜45
[triggeredmodifier.cpp:114]: TriggeredModifier #1107 tag = quanguoxiuzheng_animism_46 name = 鬼神崇拜46
[triggeredmodifier.cpp:114]: TriggeredModifier #1108 tag = quanguoxiuzheng_animism_47 name = 鬼神崇拜47
[triggeredmodifier.cpp:114]: TriggeredModifier #1109 tag = quanguoxiuzheng_animism_48 name = 鬼神崇拜48
[triggeredmodifier.cpp:114]: TriggeredModifier #1110 tag = quanguoxiuzheng_animism_49 name = 鬼神崇拜49
[triggeredmodifier.cpp:114]: TriggeredModifier #1111 tag = quanguoxiuzheng_animism_50 name = 鬼神崇拜50
[triggeredmodifier.cpp:114]: TriggeredModifier #1112 tag = quanguoxiuzheng_animism_51 name = 鬼神崇拜51
[triggeredmodifier.cpp:114]: TriggeredModifier #1113 tag = quanguoxiuzheng_animism_52 name = 鬼神崇拜52
[triggeredmodifier.cpp:114]: TriggeredModifier #1114 tag = quanguoxiuzheng_animism_53 name = 鬼神崇拜53
[triggeredmodifier.cpp:114]: TriggeredModifier #1115 tag = quanguoxiuzheng_animism_54 name = 鬼神崇拜54
[triggeredmodifier.cpp:114]: TriggeredModifier #1116 tag = quanguoxiuzheng_animism_55 name = 鬼神崇拜55
[triggeredmodifier.cpp:114]: TriggeredModifier #1117 tag = quanguoxiuzheng_animism_56 name = 鬼神崇拜56
[triggeredmodifier.cpp:114]: TriggeredModifier #1118 tag = quanguoxiuzheng_animism_57 name = 鬼神崇拜57
[triggeredmodifier.cpp:114]: TriggeredModifier #1119 tag = quanguoxiuzheng_animism_58 name = 鬼神崇拜58
[triggeredmodifier.cpp:114]: TriggeredModifier #1120 tag = quanguoxiuzheng_animism_59 name = 鬼神崇拜59
[triggeredmodifier.cpp:114]: TriggeredModifier #1121 tag = quanguoxiuzheng_animism_60 name = 鬼神崇拜60
[triggeredmodifier.cpp:114]: TriggeredModifier #1122 tag = quanguoxiuzheng_animism_61 name = 鬼神崇拜61
[triggeredmodifier.cpp:114]: TriggeredModifier #1123 tag = quanguoxiuzheng_animism_62 name = 鬼神崇拜62
[triggeredmodifier.cpp:114]: TriggeredModifier #1124 tag = quanguoxiuzheng_animism_63 name = 鬼神崇拜63
[triggeredmodifier.cpp:114]: TriggeredModifier #1125 tag = quanguoxiuzheng_animism_64 name = 鬼神崇拜64
[triggeredmodifier.cpp:114]: TriggeredModifier #1126 tag = quanguoxiuzheng_animism_65 name = 鬼神崇拜65
[triggeredmodifier.cpp:114]: TriggeredModifier #1127 tag = quanguoxiuzheng_animism_66 name = 鬼神崇拜66
[triggeredmodifier.cpp:114]: TriggeredModifier #1128 tag = quanguoxiuzheng_animism_67 name = 鬼神崇拜67
[triggeredmodifier.cpp:114]: TriggeredModifier #1129 tag = quanguoxiuzheng_animism_68 name = 鬼神崇拜68
[triggeredmodifier.cpp:114]: TriggeredModifier #1130 tag = quanguoxiuzheng_animism_69 name = 鬼神崇拜69
[triggeredmodifier.cpp:114]: TriggeredModifier #1131 tag = quanguoxiuzheng_animism_70 name = 鬼神崇拜70
[triggeredmodifier.cpp:114]: TriggeredModifier #1132 tag = quanguoxiuzheng_animism_71 name = 鬼神崇拜71
[triggeredmodifier.cpp:114]: TriggeredModifier #1133 tag = quanguoxiuzheng_animism_72 name = 鬼神崇拜72
[triggeredmodifier.cpp:114]: TriggeredModifier #1134 tag = quanguoxiuzheng_animism_73 name = 鬼神崇拜73
[triggeredmodifier.cpp:114]: TriggeredModifier #1135 tag = quanguoxiuzheng_animism_74 name = 鬼神崇拜74
[triggeredmodifier.cpp:114]: TriggeredModifier #1136 tag = quanguoxiuzheng_animism_75 name = 鬼神崇拜75
[triggeredmodifier.cpp:114]: TriggeredModifier #1137 tag = quanguoxiuzheng_animism_76 name = 鬼神崇拜76
[triggeredmodifier.cpp:114]: TriggeredModifier #1138 tag = quanguoxiuzheng_animism_77 name = 鬼神崇拜77
[triggeredmodifier.cpp:114]: TriggeredModifier #1139 tag = quanguoxiuzheng_animism_78 name = 鬼神崇拜78
[triggeredmodifier.cpp:114]: TriggeredModifier #1140 tag = quanguoxiuzheng_animism_79 name = 鬼神崇拜79
[triggeredmodifier.cpp:114]: TriggeredModifier #1141 tag = quanguoxiuzheng_animism_80 name = 鬼神崇拜80
[triggeredmodifier.cpp:114]: TriggeredModifier #1142 tag = quanguoxiuzheng_animism_81 name = 鬼神崇拜81
[triggeredmodifier.cpp:114]: TriggeredModifier #1143 tag = quanguoxiuzheng_animism_82 name = 鬼神崇拜82
[triggeredmodifier.cpp:114]: TriggeredModifier #1144 tag = quanguoxiuzheng_animism_83 name = 鬼神崇拜83
[triggeredmodifier.cpp:114]: TriggeredModifier #1145 tag = quanguoxiuzheng_animism_84 name = 鬼神崇拜84
[triggeredmodifier.cpp:114]: TriggeredModifier #1146 tag = quanguoxiuzheng_animism_85 name = 鬼神崇拜85
[triggeredmodifier.cpp:114]: TriggeredModifier #1147 tag = quanguoxiuzheng_animism_86 name = 鬼神崇拜86
[triggeredmodifier.cpp:114]: TriggeredModifier #1148 tag = quanguoxiuzheng_animism_87 name = 鬼神崇拜87
[triggeredmodifier.cpp:114]: TriggeredModifier #1149 tag = quanguoxiuzheng_animism_88 name = 鬼神崇拜88
[triggeredmodifier.cpp:114]: TriggeredModifier #1150 tag = quanguoxiuzheng_animism_89 name = 鬼神崇拜89
[triggeredmodifier.cpp:114]: TriggeredModifier #1151 tag = quanguoxiuzheng_animism_90 name = 鬼神崇拜90
[triggeredmodifier.cpp:114]: TriggeredModifier #1152 tag = quanguoxiuzheng_animism_91 name = 鬼神崇拜91
[triggeredmodifier.cpp:114]: TriggeredModifier #1153 tag = quanguoxiuzheng_animism_92 name = 鬼神崇拜92
[triggeredmodifier.cpp:114]: TriggeredModifier #1154 tag = quanguoxiuzheng_animism_93 name = 鬼神崇拜93
[triggeredmodifier.cpp:114]: TriggeredModifier #1155 tag = quanguoxiuzheng_animism_94 name = 鬼神崇拜94
[triggeredmodifier.cpp:114]: TriggeredModifier #1156 tag = quanguoxiuzheng_animism_95 name = 鬼神崇拜95
[triggeredmodifier.cpp:114]: TriggeredModifier #1157 tag = quanguoxiuzheng_animism_96 name = 鬼神崇拜96
[triggeredmodifier.cpp:114]: TriggeredModifier #1158 tag = quanguoxiuzheng_animism_97 name = 鬼神崇拜97
[triggeredmodifier.cpp:114]: TriggeredModifier #1159 tag = quanguoxiuzheng_animism_98 name = 鬼神崇拜98
[triggeredmodifier.cpp:114]: TriggeredModifier #1160 tag = quanguoxiuzheng_animism_99 name = 鬼神崇拜99
[triggeredmodifier.cpp:114]: TriggeredModifier #1161 tag = quanguoxiuzheng_animism_100 name = 鬼神崇拜100
[triggeredmodifier.cpp:114]: TriggeredModifier #1162 tag = quanguoxiuzheng_shengfen_1 name = 省份1
[triggeredmodifier.cpp:114]: TriggeredModifier #1163 tag = quanguoxiuzheng_shengfen_2 name = 省份2
[triggeredmodifier.cpp:114]: TriggeredModifier #1164 tag = quanguoxiuzheng_shengfen_3 name = 省份3
[triggeredmodifier.cpp:114]: TriggeredModifier #1165 tag = quanguoxiuzheng_shengfen_4 name = 省份4
[triggeredmodifier.cpp:114]: TriggeredModifier #1166 tag = quanguoxiuzheng_shengfen_5 name = 省份5
[triggeredmodifier.cpp:114]: TriggeredModifier #1167 tag = quanguoxiuzheng_shengfen_6 name = 省份6
[triggeredmodifier.cpp:114]: TriggeredModifier #1168 tag = quanguoxiuzheng_shengfen_7 name = 省份7
[triggeredmodifier.cpp:114]: TriggeredModifier #1169 tag = quanguoxiuzheng_shengfen_8 name = 省份8
[triggeredmodifier.cpp:114]: TriggeredModifier #1170 tag = quanguoxiuzheng_shengfen_9 name = 省份9
[triggeredmodifier.cpp:114]: TriggeredModifier #1171 tag = quanguoxiuzheng_shengfen_10 name = 省份10
[triggeredmodifier.cpp:114]: TriggeredModifier #1172 tag = quanguoxiuzheng_shengfen_11 name = 省份11
[triggeredmodifier.cpp:114]: TriggeredModifier #1173 tag = quanguoxiuzheng_shengfen_12 name = 省份12
[triggeredmodifier.cpp:114]: TriggeredModifier #1174 tag = quanguoxiuzheng_shengfen_13 name = 省份13
[triggeredmodifier.cpp:114]: TriggeredModifier #1175 tag = quanguoxiuzheng_shengfen_14 name = 省份14
[triggeredmodifier.cpp:114]: TriggeredModifier #1176 tag = quanguoxiuzheng_shengfen_15 name = 省份15
[triggeredmodifier.cpp:114]: TriggeredModifier #1177 tag = quanguoxiuzheng_shengfen_16 name = 省份16
[triggeredmodifier.cpp:114]: TriggeredModifier #1178 tag = quanguoxiuzheng_shengfen_17 name = 省份17
[triggeredmodifier.cpp:114]: TriggeredModifier #1179 tag = quanguoxiuzheng_shengfen_18 name = 省份18
[triggeredmodifier.cpp:114]: TriggeredModifier #1180 tag = quanguoxiuzheng_shengfen_19 name = 省份19
[triggeredmodifier.cpp:114]: TriggeredModifier #1181 tag = quanguoxiuzheng_shengfen_20 name = 省份20
[triggeredmodifier.cpp:114]: TriggeredModifier #1182 tag = quanguoxiuzheng_shengfen_21 name = 省份21
[triggeredmodifier.cpp:114]: TriggeredModifier #1183 tag = quanguoxiuzheng_shengfen_22 name = 省份22
[triggeredmodifier.cpp:114]: TriggeredModifier #1184 tag = quanguoxiuzheng_shengfen_23 name = 省份23
[triggeredmodifier.cpp:114]: TriggeredModifier #1185 tag = quanguoxiuzheng_shengfen_24 name = 省份24
[triggeredmodifier.cpp:114]: TriggeredModifier #1186 tag = quanguoxiuzheng_shengfen_25 name = 省份25
[triggeredmodifier.cpp:114]: TriggeredModifier #1187 tag = quanguoxiuzheng_shengfen_26 name = 省份26
[triggeredmodifier.cpp:114]: TriggeredModifier #1188 tag = quanguoxiuzheng_shengfen_27 name = 省份27
[triggeredmodifier.cpp:114]: TriggeredModifier #1189 tag = quanguoxiuzheng_shengfen_28 name = 省份28
[triggeredmodifier.cpp:114]: TriggeredModifier #1190 tag = quanguoxiuzheng_shengfen_29 name = 省份29
[triggeredmodifier.cpp:114]: TriggeredModifier #1191 tag = quanguoxiuzheng_shengfen_30 name = 省份30
[triggeredmodifier.cpp:114]: TriggeredModifier #1192 tag = quanguoxiuzheng_shengfen_31 name = 省份31
[triggeredmodifier.cpp:114]: TriggeredModifier #1193 tag = quanguoxiuzheng_shengfen_32 name = 省份32
[triggeredmodifier.cpp:114]: TriggeredModifier #1194 tag = quanguoxiuzheng_shengfen_33 name = 省份33
[triggeredmodifier.cpp:114]: TriggeredModifier #1195 tag = quanguoxiuzheng_shengfen_34 name = 省份34
[triggeredmodifier.cpp:114]: TriggeredModifier #1196 tag = quanguoxiuzheng_shengfen_35 name = 省份35
[triggeredmodifier.cpp:114]: TriggeredModifier #1197 tag = quanguoxiuzheng_shengfen_36 name = 省份36
[triggeredmodifier.cpp:114]: TriggeredModifier #1198 tag = quanguoxiuzheng_shengfen_37 name = 省份37
[triggeredmodifier.cpp:114]: TriggeredModifier #1199 tag = quanguoxiuzheng_shengfen_38 name = 省份38
[triggeredmodifier.cpp:114]: TriggeredModifier #1200 tag = quanguoxiuzheng_shengfen_39 name = 省份39
[triggeredmodifier.cpp:114]: TriggeredModifier #1201 tag = quanguoxiuzheng_shengfen_40 name = 省份40
[triggeredmodifier.cpp:114]: TriggeredModifier #1202 tag = quanguoxiuzheng_shengfen_41 name = 省份41
[triggeredmodifier.cpp:114]: TriggeredModifier #1203 tag = quanguoxiuzheng_shengfen_42 name = 省份42
[triggeredmodifier.cpp:114]: TriggeredModifier #1204 tag = quanguoxiuzheng_shengfen_43 name = 省份43
[triggeredmodifier.cpp:114]: TriggeredModifier #1205 tag = quanguoxiuzheng_shengfen_44 name = 省份44
[triggeredmodifier.cpp:114]: TriggeredModifier #1206 tag = quanguoxiuzheng_shengfen_45 name = 省份45
[triggeredmodifier.cpp:114]: TriggeredModifier #1207 tag = quanguoxiuzheng_shengfen_46 name = 省份46
[triggeredmodifier.cpp:114]: TriggeredModifier #1208 tag = quanguoxiuzheng_shengfen_47 name = 省份47
[triggeredmodifier.cpp:114]: TriggeredModifier #1209 tag = quanguoxiuzheng_shengfen_48 name = 省份48
[triggeredmodifier.cpp:114]: TriggeredModifier #1210 tag = quanguoxiuzheng_shengfen_49 name = 省份49
[triggeredmodifier.cpp:114]: TriggeredModifier #1211 tag = quanguoxiuzheng_shengfen_50 name = 省份50
[triggeredmodifier.cpp:114]: TriggeredModifier #1212 tag = quanguoxiuzheng_shengfen_51 name = 省份51
[triggeredmodifier.cpp:114]: TriggeredModifier #1213 tag = quanguoxiuzheng_shengfen_52 name = 省份52
[triggeredmodifier.cpp:114]: TriggeredModifier #1214 tag = quanguoxiuzheng_shengfen_53 name = 省份53
[triggeredmodifier.cpp:114]: TriggeredModifier #1215 tag = quanguoxiuzheng_shengfen_54 name = 省份54
[triggeredmodifier.cpp:114]: TriggeredModifier #1216 tag = quanguoxiuzheng_shengfen_55 name = 省份55
[triggeredmodifier.cpp:114]: TriggeredModifier #1217 tag = quanguoxiuzheng_shengfen_56 name = 省份56
[triggeredmodifier.cpp:114]: TriggeredModifier #1218 tag = quanguoxiuzheng_shengfen_57 name = 省份57
[triggeredmodifier.cpp:114]: TriggeredModifier #1219 tag = quanguoxiuzheng_shengfen_58 name = 省份58
[triggeredmodifier.cpp:114]: TriggeredModifier #1220 tag = quanguoxiuzheng_shengfen_59 name = 省份59
[triggeredmodifier.cpp:114]: TriggeredModifier #1221 tag = quanguoxiuzheng_shengfen_60 name = 省份60
[triggeredmodifier.cpp:114]: TriggeredModifier #1222 tag = quanguoxiuzheng_shengfen_61 name = 省份61
[triggeredmodifier.cpp:114]: TriggeredModifier #1223 tag = quanguoxiuzheng_shengfen_62 name = 省份62
[triggeredmodifier.cpp:114]: TriggeredModifier #1224 tag = quanguoxiuzheng_shengfen_63 name = 省份63
[triggeredmodifier.cpp:114]: TriggeredModifier #1225 tag = quanguoxiuzheng_shengfen_64 name = 省份64
[triggeredmodifier.cpp:114]: TriggeredModifier #1226 tag = quanguoxiuzheng_shengfen_65 name = 省份65
[triggeredmodifier.cpp:114]: TriggeredModifier #1227 tag = quanguoxiuzheng_shengfen_66 name = 省份66
[triggeredmodifier.cpp:114]: TriggeredModifier #1228 tag = quanguoxiuzheng_shengfen_67 name = 省份67
[triggeredmodifier.cpp:114]: TriggeredModifier #1229 tag = quanguoxiuzheng_shengfen_68 name = 省份68
[triggeredmodifier.cpp:114]: TriggeredModifier #1230 tag = quanguoxiuzheng_shengfen_69 name = 省份69
[triggeredmodifier.cpp:114]: TriggeredModifier #1231 tag = quanguoxiuzheng_shengfen_70 name = 省份70
[triggeredmodifier.cpp:114]: TriggeredModifier #1232 tag = quanguoxiuzheng_shengfen_71 name = 省份71
[triggeredmodifier.cpp:114]: TriggeredModifier #1233 tag = quanguoxiuzheng_shengfen_72 name = 省份72
[triggeredmodifier.cpp:114]: TriggeredModifier #1234 tag = quanguoxiuzheng_shengfen_73 name = 省份73
[triggeredmodifier.cpp:114]: TriggeredModifier #1235 tag = quanguoxiuzheng_shengfen_74 name = 省份74
[triggeredmodifier.cpp:114]: TriggeredModifier #1236 tag = quanguoxiuzheng_shengfen_75 name = 省份75
[triggeredmodifier.cpp:114]: TriggeredModifier #1237 tag = quanguoxiuzheng_shengfen_76 name = 省份76
[triggeredmodifier.cpp:114]: TriggeredModifier #1238 tag = quanguoxiuzheng_shengfen_77 name = 省份77
[triggeredmodifier.cpp:114]: TriggeredModifier #1239 tag = quanguoxiuzheng_shengfen_78 name = 省份78
[triggeredmodifier.cpp:114]: TriggeredModifier #1240 tag = quanguoxiuzheng_shengfen_79 name = 省份79
[triggeredmodifier.cpp:114]: TriggeredModifier #1241 tag = quanguoxiuzheng_shengfen_80 name = 省份80
[triggeredmodifier.cpp:114]: TriggeredModifier #1242 tag = quanguoxiuzheng_shengfen_81 name = 省份81
[triggeredmodifier.cpp:114]: TriggeredModifier #1243 tag = quanguoxiuzheng_shengfen_82 name = 省份82
[triggeredmodifier.cpp:114]: TriggeredModifier #1244 tag = quanguoxiuzheng_shengfen_83 name = 省份83
[triggeredmodifier.cpp:114]: TriggeredModifier #1245 tag = quanguoxiuzheng_shengfen_84 name = 省份84
[triggeredmodifier.cpp:114]: TriggeredModifier #1246 tag = quanguoxiuzheng_shengfen_85 name = 省份85
[triggeredmodifier.cpp:114]: TriggeredModifier #1247 tag = quanguoxiuzheng_shengfen_86 name = 省份86
[triggeredmodifier.cpp:114]: TriggeredModifier #1248 tag = quanguoxiuzheng_shengfen_87 name = 省份87
[triggeredmodifier.cpp:114]: TriggeredModifier #1249 tag = quanguoxiuzheng_shengfen_88 name = 省份88
[triggeredmodifier.cpp:114]: TriggeredModifier #1250 tag = quanguoxiuzheng_shengfen_89 name = 省份89
[triggeredmodifier.cpp:114]: TriggeredModifier #1251 tag = quanguoxiuzheng_shengfen_90 name = 省份90
[triggeredmodifier.cpp:114]: TriggeredModifier #1252 tag = quanguoxiuzheng_shengfen_91 name = 省份91
[triggeredmodifier.cpp:114]: TriggeredModifier #1253 tag = quanguoxiuzheng_shengfen_92 name = 省份92
[triggeredmodifier.cpp:114]: TriggeredModifier #1254 tag = quanguoxiuzheng_shengfen_93 name = 省份93
[triggeredmodifier.cpp:114]: TriggeredModifier #1255 tag = quanguoxiuzheng_shengfen_94 name = 省份94
[triggeredmodifier.cpp:114]: TriggeredModifier #1256 tag = quanguoxiuzheng_shengfen_95 name = 省份95
[triggeredmodifier.cpp:114]: TriggeredModifier #1257 tag = quanguoxiuzheng_shengfen_96 name = 省份96
[triggeredmodifier.cpp:114]: TriggeredModifier #1258 tag = quanguoxiuzheng_shengfen_97 name = 省份97
[triggeredmodifier.cpp:114]: TriggeredModifier #1259 tag = quanguoxiuzheng_shengfen_98 name = 省份98
[triggeredmodifier.cpp:114]: TriggeredModifier #1260 tag = quanguoxiuzheng_shengfen_99 name = 省份99
[triggeredmodifier.cpp:114]: TriggeredModifier #1261 tag = quanguoxiuzheng_shengfen_100 name = 省份100
[triggeredmodifier.cpp:114]: TriggeredModifier #1262 tag = quanguoxiuzheng_shengfen_101 name = 省份101
[triggeredmodifier.cpp:114]: TriggeredModifier #1263 tag = quanguoxiuzheng_shengfen_102 name = 省份102
[triggeredmodifier.cpp:114]: TriggeredModifier #1264 tag = quanguoxiuzheng_shengfen_103 name = 省份103
[triggeredmodifier.cpp:114]: TriggeredModifier #1265 tag = quanguoxiuzheng_shengfen_104 name = 省份104
[triggeredmodifier.cpp:114]: TriggeredModifier #1266 tag = quanguoxiuzheng_shengfen_105 name = 省份105
[triggeredmodifier.cpp:114]: TriggeredModifier #1267 tag = quanguoxiuzheng_shengfen_106 name = 省份106
[triggeredmodifier.cpp:114]: TriggeredModifier #1268 tag = quanguoxiuzheng_shengfen_107 name = 省份107
[triggeredmodifier.cpp:114]: TriggeredModifier #1269 tag = quanguoxiuzheng_shengfen_108 name = 省份108
[triggeredmodifier.cpp:114]: TriggeredModifier #1270 tag = quanguoxiuzheng_shengfen_109 name = 省份109
[triggeredmodifier.cpp:114]: TriggeredModifier #1271 tag = quanguoxiuzheng_shengfen_110 name = 省份110
[triggeredmodifier.cpp:114]: TriggeredModifier #1272 tag = quanguoxiuzheng_shengfen_111 name = 省份111
[triggeredmodifier.cpp:114]: TriggeredModifier #1273 tag = quanguoxiuzheng_shengfen_112 name = 省份112
[triggeredmodifier.cpp:114]: TriggeredModifier #1274 tag = quanguoxiuzheng_shengfen_113 name = 省份113
[triggeredmodifier.cpp:114]: TriggeredModifier #1275 tag = quanguoxiuzheng_shengfen_114 name = 省份114
[triggeredmodifier.cpp:114]: TriggeredModifier #1276 tag = quanguoxiuzheng_shengfen_115 name = 省份115
[triggeredmodifier.cpp:114]: TriggeredModifier #1277 tag = quanguoxiuzheng_shengfen_116 name = 省份116
[triggeredmodifier.cpp:114]: TriggeredModifier #1278 tag = quanguoxiuzheng_shengfen_117 name = 省份117
[triggeredmodifier.cpp:114]: TriggeredModifier #1279 tag = quanguoxiuzheng_shengfen_118 name = 省份118
[triggeredmodifier.cpp:114]: TriggeredModifier #1280 tag = quanguoxiuzheng_shengfen_119 name = 省份119
[triggeredmodifier.cpp:114]: TriggeredModifier #1281 tag = quanguoxiuzheng_shengfen_120 name = 省份120
[triggeredmodifier.cpp:114]: TriggeredModifier #1282 tag = quanguoxiuzheng_shengfen_121 name = 省份121
[triggeredmodifier.cpp:114]: TriggeredModifier #1283 tag = quanguoxiuzheng_shengfen_122 name = 省份122
[triggeredmodifier.cpp:114]: TriggeredModifier #1284 tag = quanguoxiuzheng_shengfen_123 name = 省份123
[triggeredmodifier.cpp:114]: TriggeredModifier #1285 tag = quanguoxiuzheng_shengfen_124 name = 省份124
[triggeredmodifier.cpp:114]: TriggeredModifier #1286 tag = quanguoxiuzheng_shengfen_125 name = 省份125
[triggeredmodifier.cpp:114]: TriggeredModifier #1287 tag = quanguoxiuzheng_shengfen_126 name = 省份126
[triggeredmodifier.cpp:114]: TriggeredModifier #1288 tag = quanguoxiuzheng_shengfen_127 name = 省份127
[triggeredmodifier.cpp:114]: TriggeredModifier #1289 tag = quanguoxiuzheng_shengfen_128 name = 省份128
[triggeredmodifier.cpp:114]: TriggeredModifier #1290 tag = quanguoxiuzheng_shengfen_129 name = 省份129
[triggeredmodifier.cpp:114]: TriggeredModifier #1291 tag = quanguoxiuzheng_shengfen_130 name = 省份130
[triggeredmodifier.cpp:114]: TriggeredModifier #1292 tag = quanguoxiuzheng_shengfen_131 name = 省份131
[triggeredmodifier.cpp:114]: TriggeredModifier #1293 tag = quanguoxiuzheng_shengfen_132 name = 省份132
[triggeredmodifier.cpp:114]: TriggeredModifier #1294 tag = quanguoxiuzheng_shengfen_133 name = 省份133
[triggeredmodifier.cpp:114]: TriggeredModifier #1295 tag = quanguoxiuzheng_shengfen_134 name = 省份134
[triggeredmodifier.cpp:114]: TriggeredModifier #1296 tag = quanguoxiuzheng_shengfen_135 name = 省份135
[triggeredmodifier.cpp:114]: TriggeredModifier #1297 tag = quanguoxiuzheng_shengfen_136 name = 省份136
[triggeredmodifier.cpp:114]: TriggeredModifier #1298 tag = quanguoxiuzheng_shengfen_137 name = 省份137
[triggeredmodifier.cpp:114]: TriggeredModifier #1299 tag = quanguoxiuzheng_shengfen_138 name = 省份138
[triggeredmodifier.cpp:114]: TriggeredModifier #1300 tag = quanguoxiuzheng_shengfen_139 name = 省份139
[triggeredmodifier.cpp:114]: TriggeredModifier #1301 tag = quanguoxiuzheng_shengfen_140 name = 省份140
[triggeredmodifier.cpp:114]: TriggeredModifier #1302 tag = quanguoxiuzheng_shengfen_141 name = 省份141
[triggeredmodifier.cpp:114]: TriggeredModifier #1303 tag = quanguoxiuzheng_shengfen_142 name = 省份142
[triggeredmodifier.cpp:114]: TriggeredModifier #1304 tag = quanguoxiuzheng_shengfen_143 name = 省份143
[triggeredmodifier.cpp:114]: TriggeredModifier #1305 tag = quanguoxiuzheng_shengfen_144 name = 省份144
[triggeredmodifier.cpp:114]: TriggeredModifier #1306 tag = quanguoxiuzheng_shengfen_145 name = 省份145
[triggeredmodifier.cpp:114]: TriggeredModifier #1307 tag = quanguoxiuzheng_shengfen_146 name = 省份146
[triggeredmodifier.cpp:114]: TriggeredModifier #1308 tag = quanguoxiuzheng_shengfen_147 name = 省份147
[triggeredmodifier.cpp:114]: TriggeredModifier #1309 tag = quanguoxiuzheng_shengfen_148 name = 省份148
[triggeredmodifier.cpp:114]: TriggeredModifier #1310 tag = quanguoxiuzheng_shengfen_149 name = 省份149
[triggeredmodifier.cpp:114]: TriggeredModifier #1311 tag = quanguoxiuzheng_shengfen_150 name = 省份150
[triggeredmodifier.cpp:114]: TriggeredModifier #1312 tag = quanguoxiuzheng_shengfen_151 name = 省份151
[triggeredmodifier.cpp:114]: TriggeredModifier #1313 tag = quanguoxiuzheng_shengfen_152 name = 省份152
[triggeredmodifier.cpp:114]: TriggeredModifier #1314 tag = quanguoxiuzheng_shengfen_153 name = 省份153
[triggeredmodifier.cpp:114]: TriggeredModifier #1315 tag = quanguoxiuzheng_shengfen_154 name = 省份154
[triggeredmodifier.cpp:114]: TriggeredModifier #1316 tag = quanguoxiuzheng_shengfen_155 name = 省份155
[triggeredmodifier.cpp:114]: TriggeredModifier #1317 tag = quanguoxiuzheng_shengfen_156 name = 省份156
[triggeredmodifier.cpp:114]: TriggeredModifier #1318 tag = quanguoxiuzheng_shengfen_157 name = 省份157
[triggeredmodifier.cpp:114]: TriggeredModifier #1319 tag = quanguoxiuzheng_shengfen_158 name = 省份158
[triggeredmodifier.cpp:114]: TriggeredModifier #1320 tag = quanguoxiuzheng_shengfen_159 name = 省份159
[triggeredmodifier.cpp:114]: TriggeredModifier #1321 tag = quanguoxiuzheng_shengfen_160 name = 省份160
[triggeredmodifier.cpp:114]: TriggeredModifier #1322 tag = quanguoxiuzheng_shengfen_161 name = 省份161
[triggeredmodifier.cpp:114]: TriggeredModifier #1323 tag = quanguoxiuzheng_shengfen_162 name = 省份162
[triggeredmodifier.cpp:114]: TriggeredModifier #1324 tag = quanguoxiuzheng_shengfen_163 name = 省份163
[triggeredmodifier.cpp:114]: TriggeredModifier #1325 tag = quanguoxiuzheng_shengfen_164 name = 省份164
[triggeredmodifier.cpp:114]: TriggeredModifier #1326 tag = quanguoxiuzheng_shengfen_165 name = 省份165
[triggeredmodifier.cpp:114]: TriggeredModifier #1327 tag = quanguoxiuzheng_shengfen_166 name = 省份166
[triggeredmodifier.cpp:114]: TriggeredModifier #1328 tag = quanguoxiuzheng_shengfen_167 name = 省份167
[triggeredmodifier.cpp:114]: TriggeredModifier #1329 tag = quanguoxiuzheng_shengfen_168 name = 省份168
[triggeredmodifier.cpp:114]: TriggeredModifier #1330 tag = quanguoxiuzheng_shengfen_169 name = 省份169
[triggeredmodifier.cpp:114]: TriggeredModifier #1331 tag = quanguoxiuzheng_shengfen_170 name = 省份170
[triggeredmodifier.cpp:114]: TriggeredModifier #1332 tag = quanguoxiuzheng_shengfen_171 name = 省份171
[triggeredmodifier.cpp:114]: TriggeredModifier #1333 tag = quanguoxiuzheng_shengfen_172 name = 省份172
[triggeredmodifier.cpp:114]: TriggeredModifier #1334 tag = quanguoxiuzheng_shengfen_173 name = 省份173
[triggeredmodifier.cpp:114]: TriggeredModifier #1335 tag = quanguoxiuzheng_shengfen_174 name = 省份174
[triggeredmodifier.cpp:114]: TriggeredModifier #1336 tag = quanguoxiuzheng_shengfen_175 name = 省份175
[triggeredmodifier.cpp:114]: TriggeredModifier #1337 tag = quanguoxiuzheng_shengfen_176 name = 省份176
[triggeredmodifier.cpp:114]: TriggeredModifier #1338 tag = quanguoxiuzheng_shengfen_177 name = 省份177
[triggeredmodifier.cpp:114]: TriggeredModifier #1339 tag = quanguoxiuzheng_shengfen_178 name = 省份178
[triggeredmodifier.cpp:114]: TriggeredModifier #1340 tag = quanguoxiuzheng_shengfen_179 name = 省份179
[triggeredmodifier.cpp:114]: TriggeredModifier #1341 tag = quanguoxiuzheng_shengfen_180 name = 省份180
[triggeredmodifier.cpp:114]: TriggeredModifier #1342 tag = quanguoxiuzheng_shengfen_181 name = 省份181
[triggeredmodifier.cpp:114]: TriggeredModifier #1343 tag = quanguoxiuzheng_shengfen_182 name = 省份182
[triggeredmodifier.cpp:114]: TriggeredModifier #1344 tag = quanguoxiuzheng_shengfen_183 name = 省份183
[triggeredmodifier.cpp:114]: TriggeredModifier #1345 tag = quanguoxiuzheng_shengfen_184 name = 省份184
[triggeredmodifier.cpp:114]: TriggeredModifier #1346 tag = quanguoxiuzheng_shengfen_185 name = 省份185
[triggeredmodifier.cpp:114]: TriggeredModifier #1347 tag = quanguoxiuzheng_shengfen_186 name = 省份186
[triggeredmodifier.cpp:114]: TriggeredModifier #1348 tag = quanguoxiuzheng_shengfen_187 name = 省份187
[triggeredmodifier.cpp:114]: TriggeredModifier #1349 tag = quanguoxiuzheng_shengfen_188 name = 省份188
[triggeredmodifier.cpp:114]: TriggeredModifier #1350 tag = quanguoxiuzheng_shengfen_189 name = 省份189
[triggeredmodifier.cpp:114]: TriggeredModifier #1351 tag = quanguoxiuzheng_shengfen_190 name = 省份190
[triggeredmodifier.cpp:114]: TriggeredModifier #1352 tag = quanguoxiuzheng_shengfen_191 name = 省份191
[triggeredmodifier.cpp:114]: TriggeredModifier #1353 tag = quanguoxiuzheng_shengfen_192 name = 省份192
[triggeredmodifier.cpp:114]: TriggeredModifier #1354 tag = quanguoxiuzheng_shengfen_193 name = 省份193
[triggeredmodifier.cpp:114]: TriggeredModifier #1355 tag = quanguoxiuzheng_shengfen_194 name = 省份194
[triggeredmodifier.cpp:114]: TriggeredModifier #1356 tag = quanguoxiuzheng_shengfen_195 name = 省份195
[triggeredmodifier.cpp:114]: TriggeredModifier #1357 tag = quanguoxiuzheng_shengfen_196 name = 省份196
[triggeredmodifier.cpp:114]: TriggeredModifier #1358 tag = quanguoxiuzheng_shengfen_197 name = 省份197
[triggeredmodifier.cpp:114]: TriggeredModifier #1359 tag = quanguoxiuzheng_shengfen_198 name = 省份198
[triggeredmodifier.cpp:114]: TriggeredModifier #1360 tag = quanguoxiuzheng_shengfen_199 name = 省份199
[triggeredmodifier.cpp:114]: TriggeredModifier #1361 tag = quanguoxiuzheng_shengfen_200 name = 省份200
[triggeredmodifier.cpp:114]: TriggeredModifier #1362 tag = quanguoxiuzheng_shengfen_201 name = 省份201
[triggeredmodifier.cpp:114]: TriggeredModifier #1363 tag = quanguoxiuzheng_shengfen_202 name = 省份202
[triggeredmodifier.cpp:114]: TriggeredModifier #1364 tag = quanguoxiuzheng_shengfen_203 name = 省份203
[triggeredmodifier.cpp:114]: TriggeredModifier #1365 tag = quanguoxiuzheng_shengfen_204 name = 省份204
[triggeredmodifier.cpp:114]: TriggeredModifier #1366 tag = quanguoxiuzheng_shengfen_205 name = 省份205
[triggeredmodifier.cpp:114]: TriggeredModifier #1367 tag = quanguoxiuzheng_shengfen_206 name = 省份206
[triggeredmodifier.cpp:114]: TriggeredModifier #1368 tag = quanguoxiuzheng_shengfen_207 name = 省份207
[triggeredmodifier.cpp:114]: TriggeredModifier #1369 tag = quanguoxiuzheng_shengfen_208 name = 省份208
[triggeredmodifier.cpp:114]: TriggeredModifier #1370 tag = quanguoxiuzheng_shengfen_209 name = 省份209
[triggeredmodifier.cpp:114]: TriggeredModifier #1371 tag = quanguoxiuzheng_shengfen_210 name = 省份210
[triggeredmodifier.cpp:114]: TriggeredModifier #1372 tag = quanguoxiuzheng_shengfen_211 name = 省份211
[triggeredmodifier.cpp:114]: TriggeredModifier #1373 tag = quanguoxiuzheng_shengfen_212 name = 省份212
[triggeredmodifier.cpp:114]: TriggeredModifier #1374 tag = quanguoxiuzheng_shengfen_213 name = 省份213
[triggeredmodifier.cpp:114]: TriggeredModifier #1375 tag = quanguoxiuzheng_shengfen_214 name = 省份214
[triggeredmodifier.cpp:114]: TriggeredModifier #1376 tag = quanguoxiuzheng_shengfen_215 name = 省份215
[triggeredmodifier.cpp:114]: TriggeredModifier #1377 tag = quanguoxiuzheng_shengfen_216 name = 省份216
[triggeredmodifier.cpp:114]: TriggeredModifier #1378 tag = quanguoxiuzheng_shengfen_217 name = 省份217
[triggeredmodifier.cpp:114]: TriggeredModifier #1379 tag = quanguoxiuzheng_shengfen_218 name = 省份218
[triggeredmodifier.cpp:114]: TriggeredModifier #1380 tag = quanguoxiuzheng_shengfen_219 name = 省份219
[triggeredmodifier.cpp:114]: TriggeredModifier #1381 tag = quanguoxiuzheng_shengfen_220 name = 省份220
[triggeredmodifier.cpp:114]: TriggeredModifier #1382 tag = quanguoxiuzheng_shengfen_221 name = 省份221
[triggeredmodifier.cpp:114]: TriggeredModifier #1383 tag = quanguoxiuzheng_shengfen_222 name = 省份222
[triggeredmodifier.cpp:114]: TriggeredModifier #1384 tag = quanguoxiuzheng_shengfen_223 name = 省份223
[triggeredmodifier.cpp:114]: TriggeredModifier #1385 tag = quanguoxiuzheng_shengfen_224 name = 省份224
[triggeredmodifier.cpp:114]: TriggeredModifier #1386 tag = quanguoxiuzheng_shengfen_225 name = 省份225
[triggeredmodifier.cpp:114]: TriggeredModifier #1387 tag = quanguoxiuzheng_shengfen_226 name = 省份226
[triggeredmodifier.cpp:114]: TriggeredModifier #1388 tag = quanguoxiuzheng_shengfen_227 name = 省份227
[triggeredmodifier.cpp:114]: TriggeredModifier #1389 tag = quanguoxiuzheng_shengfen_228 name = 省份228
[triggeredmodifier.cpp:114]: TriggeredModifier #1390 tag = quanguoxiuzheng_shengfen_229 name = 省份229
[triggeredmodifier.cpp:114]: TriggeredModifier #1391 tag = quanguoxiuzheng_shengfen_230 name = 省份230
[triggeredmodifier.cpp:114]: TriggeredModifier #1392 tag = quanguoxiuzheng_shengfen_231 name = 省份231
[triggeredmodifier.cpp:114]: TriggeredModifier #1393 tag = quanguoxiuzheng_shengfen_232 name = 省份232
[triggeredmodifier.cpp:114]: TriggeredModifier #1394 tag = quanguoxiuzheng_shengfen_233 name = 省份233
[triggeredmodifier.cpp:114]: TriggeredModifier #1395 tag = quanguoxiuzheng_shengfen_234 name = 省份234
[triggeredmodifier.cpp:114]: TriggeredModifier #1396 tag = quanguoxiuzheng_shengfen_235 name = 省份235
[triggeredmodifier.cpp:114]: TriggeredModifier #1397 tag = quanguoxiuzheng_shengfen_236 name = 省份236
[triggeredmodifier.cpp:114]: TriggeredModifier #1398 tag = quanguoxiuzheng_shengfen_237 name = 省份237
[triggeredmodifier.cpp:114]: TriggeredModifier #1399 tag = quanguoxiuzheng_shengfen_238 name = 省份238
[triggeredmodifier.cpp:114]: TriggeredModifier #1400 tag = quanguoxiuzheng_shengfen_239 name = 省份239
[triggeredmodifier.cpp:114]: TriggeredModifier #1401 tag = quanguoxiuzheng_shengfen_240 name = 省份240
[triggeredmodifier.cpp:114]: TriggeredModifier #1402 tag = quanguoxiuzheng_shengfen_241 name = 省份241
[triggeredmodifier.cpp:114]: TriggeredModifier #1403 tag = quanguoxiuzheng_shengfen_242 name = 省份242
[triggeredmodifier.cpp:114]: TriggeredModifier #1404 tag = quanguoxiuzheng_shengfen_243 name = 省份243
[triggeredmodifier.cpp:114]: TriggeredModifier #1405 tag = quanguoxiuzheng_shengfen_244 name = 省份244
[triggeredmodifier.cpp:114]: TriggeredModifier #1406 tag = quanguoxiuzheng_shengfen_245 name = 省份245
[triggeredmodifier.cpp:114]: TriggeredModifier #1407 tag = quanguoxiuzheng_shengfen_246 name = 省份246
[triggeredmodifier.cpp:114]: TriggeredModifier #1408 tag = quanguoxiuzheng_shengfen_247 name = 省份247
[triggeredmodifier.cpp:114]: TriggeredModifier #1409 tag = quanguoxiuzheng_shengfen_248 name = 省份248
[triggeredmodifier.cpp:114]: TriggeredModifier #1410 tag = quanguoxiuzheng_shengfen_249 name = 省份249
[triggeredmodifier.cpp:114]: TriggeredModifier #1411 tag = quanguoxiuzheng_shengfen_250 name = 省份250
[triggeredmodifier.cpp:114]: TriggeredModifier #1412 tag = quanguoxiuzheng_shengfen_251 name = 省份251
[triggeredmodifier.cpp:114]: TriggeredModifier #1413 tag = quanguoxiuzheng_shengfen_252 name = 省份252
[triggeredmodifier.cpp:114]: TriggeredModifier #1414 tag = quanguoxiuzheng_shengfen_253 name = 省份253
[triggeredmodifier.cpp:114]: TriggeredModifier #1415 tag = quanguoxiuzheng_shengfen_254 name = 省份254
[triggeredmodifier.cpp:114]: TriggeredModifier #1416 tag = quanguoxiuzheng_shengfen_255 name = 省份255
[triggeredmodifier.cpp:114]: TriggeredModifier #1417 tag = quanguoxiuzheng_shengfen_256 name = 省份256
[triggeredmodifier.cpp:114]: TriggeredModifier #1418 tag = quanguoxiuzheng_shengfen_257 name = 省份257
[triggeredmodifier.cpp:114]: TriggeredModifier #1419 tag = quanguoxiuzheng_shengfen_258 name = 省份258
[triggeredmodifier.cpp:114]: TriggeredModifier #1420 tag = quanguoxiuzheng_shengfen_259 name = 省份259
[triggeredmodifier.cpp:114]: TriggeredModifier #1421 tag = quanguoxiuzheng_shengfen_260 name = 省份260
[triggeredmodifier.cpp:114]: TriggeredModifier #1422 tag = quanguoxiuzheng_shengfen_261 name = 省份261
[triggeredmodifier.cpp:114]: TriggeredModifier #1423 tag = quanguoxiuzheng_shengfen_262 name = 省份262
[triggeredmodifier.cpp:114]: TriggeredModifier #1424 tag = quanguoxiuzheng_shengfen_263 name = 省份263
[triggeredmodifier.cpp:114]: TriggeredModifier #1425 tag = quanguoxiuzheng_shengfen_264 name = 省份264
[triggeredmodifier.cpp:114]: TriggeredModifier #1426 tag = quanguoxiuzheng_shengfen_265 name = 省份265
[triggeredmodifier.cpp:114]: TriggeredModifier #1427 tag = quanguoxiuzheng_shengfen_266 name = 省份266
[triggeredmodifier.cpp:114]: TriggeredModifier #1428 tag = quanguoxiuzheng_shengfen_267 name = 省份267
[triggeredmodifier.cpp:114]: TriggeredModifier #1429 tag = quanguoxiuzheng_shengfen_268 name = 省份268
[triggeredmodifier.cpp:114]: TriggeredModifier #1430 tag = quanguoxiuzheng_shengfen_269 name = 省份269
[triggeredmodifier.cpp:114]: TriggeredModifier #1431 tag = quanguoxiuzheng_shengfen_270 name = 省份270
[triggeredmodifier.cpp:114]: TriggeredModifier #1432 tag = quanguoxiuzheng_shengfen_271 name = 省份271
[triggeredmodifier.cpp:114]: TriggeredModifier #1433 tag = quanguoxiuzheng_shengfen_272 name = 省份272
[triggeredmodifier.cpp:114]: TriggeredModifier #1434 tag = quanguoxiuzheng_shengfen_273 name = 省份273
[triggeredmodifier.cpp:114]: TriggeredModifier #1435 tag = quanguoxiuzheng_shengfen_274 name = 省份274
[triggeredmodifier.cpp:114]: TriggeredModifier #1436 tag = quanguoxiuzheng_shengfen_275 name = 省份275
[triggeredmodifier.cpp:114]: TriggeredModifier #1437 tag = quanguoxiuzheng_shengfen_276 name = 省份276
[triggeredmodifier.cpp:114]: TriggeredModifier #1438 tag = quanguoxiuzheng_shengfen_277 name = 省份277
[triggeredmodifier.cpp:114]: TriggeredModifier #1439 tag = quanguoxiuzheng_shengfen_278 name = 省份278
[triggeredmodifier.cpp:114]: TriggeredModifier #1440 tag = quanguoxiuzheng_shengfen_279 name = 省份279
[triggeredmodifier.cpp:114]: TriggeredModifier #1441 tag = quanguoxiuzheng_shengfen_280 name = 省份280
[triggeredmodifier.cpp:114]: TriggeredModifier #1442 tag = quanguoxiuzheng_shengfen_281 name = 省份281
[triggeredmodifier.cpp:114]: TriggeredModifier #1443 tag = quanguoxiuzheng_shengfen_282 name = 省份282
[triggeredmodifier.cpp:114]: TriggeredModifier #1444 tag = quanguoxiuzheng_shengfen_283 name = 省份283
[triggeredmodifier.cpp:114]: TriggeredModifier #1445 tag = quanguoxiuzheng_shengfen_284 name = 省份284
[triggeredmodifier.cpp:114]: TriggeredModifier #1446 tag = quanguoxiuzheng_shengfen_285 name = 省份285
[triggeredmodifier.cpp:114]: TriggeredModifier #1447 tag = quanguoxiuzheng_shengfen_286 name = 省份286
[triggeredmodifier.cpp:114]: TriggeredModifier #1448 tag = quanguoxiuzheng_shengfen_287 name = 省份287
[triggeredmodifier.cpp:114]: TriggeredModifier #1449 tag = quanguoxiuzheng_shengfen_288 name = 省份288
[triggeredmodifier.cpp:114]: TriggeredModifier #1450 tag = quanguoxiuzheng_shengfen_289 name = 省份289
[triggeredmodifier.cpp:114]: TriggeredModifier #1451 tag = quanguoxiuzheng_shengfen_290 name = 省份290
[triggeredmodifier.cpp:114]: TriggeredModifier #1452 tag = quanguoxiuzheng_shengfen_291 name = 省份291
[triggeredmodifier.cpp:114]: TriggeredModifier #1453 tag = quanguoxiuzheng_shengfen_292 name = 省份292
[triggeredmodifier.cpp:114]: TriggeredModifier #1454 tag = quanguoxiuzheng_shengfen_293 name = 省份293
[triggeredmodifier.cpp:114]: TriggeredModifier #1455 tag = quanguoxiuzheng_shengfen_294 name = 省份294
[triggeredmodifier.cpp:114]: TriggeredModifier #1456 tag = quanguoxiuzheng_shengfen_295 name = 省份295
[triggeredmodifier.cpp:114]: TriggeredModifier #1457 tag = quanguoxiuzheng_shengfen_296 name = 省份296
[triggeredmodifier.cpp:114]: TriggeredModifier #1458 tag = quanguoxiuzheng_shengfen_297 name = 省份297
[triggeredmodifier.cpp:114]: TriggeredModifier #1459 tag = quanguoxiuzheng_shengfen_298 name = 省份298
[triggeredmodifier.cpp:114]: TriggeredModifier #1460 tag = quanguoxiuzheng_shengfen_299 name = 省份299
[triggeredmodifier.cpp:114]: TriggeredModifier #1461 tag = quanguoxiuzheng_shengfen_300 name = 省份300
[triggeredmodifier.cpp:114]: TriggeredModifier #1462 tag = shaoliangliangshi_one name = 少量粮食进口
[triggeredmodifier.cpp:114]: TriggeredModifier #1463 tag = shaoliangliangshi_two name = 少量粮食进口
[triggeredmodifier.cpp:114]: TriggeredModifier #1464 tag = daliangliangshi_one name = 大量粮食进口
[triggeredmodifier.cpp:114]: TriggeredModifier #1465 tag = daliangliangshi_two name = 大量粮食进口
[triggeredmodifier.cpp:114]: TriggeredModifier #1466 tag = shaoliangjinkouliangshi_one name = 少量粮食出口
[triggeredmodifier.cpp:114]: TriggeredModifier #1467 tag = shaoliangjinkouliangshi_two name = 少量粮食出口
[triggeredmodifier.cpp:114]: TriggeredModifier #1468 tag = daliangjinkouliangshi_one name = 大量粮食出口
[triggeredmodifier.cpp:114]: TriggeredModifier #1469 tag = daliangjinkouliangshi_two name = 大量粮食出口
[triggeredmodifier.cpp:114]: TriggeredModifier #1470 tag = lack_of_copper1 name = 严重缺乏铜矿
[triggeredmodifier.cpp:114]: TriggeredModifier #1471 tag = lack_of_copper2 name = 少量缺乏铜矿
[triggeredmodifier.cpp:114]: TriggeredModifier #1472 tag = appropriate_amount_of_copper name = 适量铜矿出产
[triggeredmodifier.cpp:114]: TriggeredModifier #1473 tag = large_amount_of_copper name = 大量铜矿出产
[triggeredmodifier.cpp:114]: TriggeredModifier #1474 tag = zhengbazhanzheng name = 争霸战争
[triggeredmodifier.cpp:114]: TriggeredModifier #1475 tag = states_MBNG name = 诸侯弭兵
[triggeredmodifier.cpp:114]: TriggeredModifier #1476 tag = war_with_ZHOU name = 与天子交恶
[triggeredmodifier.cpp:114]: TriggeredModifier #1477 tag = illegal_control_ZHOU name = 占据天子宫室
[triggeredmodifier.cpp:114]: TriggeredModifier #1478 tag = manyijieluezhanzheng name = 劫掠战争
[triggeredmodifier.cpp:114]: TriggeredModifier #1479 tag = chinese_hre name = 华夏诸侯
[triggeredmodifier.cpp:114]: TriggeredModifier #1480 tag = helpnomad_group name = 蛮夷骑兵
[triggeredmodifier.cpp:114]: TriggeredModifier #1481 tag = overextension1 name = 国土过度扩张
[triggeredmodifier.cpp:114]: TriggeredModifier #1482 tag = overextension2 name = 国土过度扩张
[triggeredmodifier.cpp:114]: TriggeredModifier #1483 tag = fastextension1 name = 扩张过快
[triggeredmodifier.cpp:114]: TriggeredModifier #1484 tag = fastextension2 name = 扩张过快
[triggeredmodifier.cpp:114]: TriggeredModifier #1485 tag = fastextension3 name = 扩张过快
[triggeredmodifier.cpp:114]: TriggeredModifier #1486 tag = fastextension4 name = 扩张过快
[triggeredmodifier.cpp:114]: TriggeredModifier #1487 tag = fastextension5 name = 扩张过快
[triggeredmodifier.cpp:114]: TriggeredModifier #1488 tag = fastextension6 name = 扩张过快
[triggeredmodifier.cpp:114]: TriggeredModifier #1489 tag = zhanguoshidai name = 战国时代
[triggeredmodifier.cpp:114]: TriggeredModifier #1490 tag = luck_QIG name = 历史强国-齐国
[triggeredmodifier.cpp:114]: TriggeredModifier #1491 tag = luck_QIN name = 历史强国-秦国
[triggeredmodifier.cpp:114]: TriggeredModifier #1492 tag = luck_JIN name = 历史强国-晋国
[triggeredmodifier.cpp:114]: TriggeredModifier #1493 tag = luck_CHU name = 历史强国-楚国
[triggeredmodifier.cpp:114]: TriggeredModifier #1494 tag = luck_WUG name = 历史强国-吴国
[triggeredmodifier.cpp:114]: TriggeredModifier #1495 tag = luck_YGO name = 历史强国-越国
[triggeredmodifier.cpp:114]: TriggeredModifier #1496 tag = luck_ZGO name = 历史强国-郑国
[triggeredmodifier.cpp:114]: TriggeredModifier #1497 tag = luck_WEI name = 历史强国-魏国
[triggeredmodifier.cpp:114]: TriggeredModifier #1498 tag = luck_ZHO name = 历史强国-赵国
[triggeredmodifier.cpp:114]: TriggeredModifier #1499 tag = luck_YAN name = 历史强国-燕国
[triggeredmodifier.cpp:114]: TriggeredModifier #1500 tag = goverment_tech_5 name = 行政科技加成
[triggeredmodifier.cpp:114]: TriggeredModifier #1501 tag = goverment_tech_10 name = 行政科技加成
[triggeredmodifier.cpp:114]: TriggeredModifier #1502 tag = goverment_tech_15 name = 行政科技加成
[triggeredmodifier.cpp:114]: TriggeredModifier #1503 tag = goverment_tech_20 name = 行政科技加成
[triggeredmodifier.cpp:114]: TriggeredModifier #1504 tag = goverment_tech_25 name = 行政科技加成
[triggeredmodifier.cpp:114]: TriggeredModifier #1505 tag = goverment_tech_30 name = 行政科技加成
[triggeredmodifier.cpp:114]: TriggeredModifier #1506 tag = goverment_tech_35 name = 行政科技加成
[triggeredmodifier.cpp:114]: TriggeredModifier #1507 tag = goverment_tech_40 name = 行政科技加成
[triggeredmodifier.cpp:114]: TriggeredModifier #1508 tag = goverment_tech_45 name = 行政科技加成
[triggeredmodifier.cpp:114]: TriggeredModifier #1509 tag = goverment_tech_50 name = 行政科技加成
[triggeredmodifier.cpp:114]: TriggeredModifier #1510 tag = goverment_tech_55 name = 行政科技加成
[triggeredmodifier.cpp:114]: TriggeredModifier #1511 tag = goverment_tech_60 name = 行政科技加成
[triggeredmodifier.cpp:114]: TriggeredModifier #1512 tag = goverment_tech_65 name = 行政科技加成
[triggeredmodifier.cpp:114]: TriggeredModifier #1513 tag = goverment_tech_70 name = 行政科技加成
[triggeredmodifier.cpp:114]: TriggeredModifier #1514 tag = goverment_tech_75 name = 行政科技加成
[triggeredmodifier.cpp:114]: TriggeredModifier #1515 tag = goverment_tech_80 name = 行政科技加成
[triggeredmodifier.cpp:114]: TriggeredModifier #1516 tag = land_tech_5 name = 军事科技加成
[triggeredmodifier.cpp:114]: TriggeredModifier #1517 tag = land_tech_10 name = 军事科技加成
[triggeredmodifier.cpp:114]: TriggeredModifier #1518 tag = land_tech_15 name = 军事科技加成
[triggeredmodifier.cpp:114]: TriggeredModifier #1519 tag = land_tech_20 name = 军事科技加成
[triggeredmodifier.cpp:114]: TriggeredModifier #1520 tag = land_tech_25 name = 军事科技加成
[triggeredmodifier.cpp:114]: TriggeredModifier #1521 tag = land_tech_30 name = 军事科技加成
[triggeredmodifier.cpp:114]: TriggeredModifier #1522 tag = land_tech_35 name = 军事科技加成
[triggeredmodifier.cpp:114]: TriggeredModifier #1523 tag = land_tech_40 name = 军事科技加成
[triggeredmodifier.cpp:114]: TriggeredModifier #1524 tag = land_tech_45 name = 军事科技加成
[triggeredmodifier.cpp:114]: TriggeredModifier #1525 tag = land_tech_50 name = 军事科技加成
[triggeredmodifier.cpp:114]: TriggeredModifier #1526 tag = land_tech_55 name = 军事科技加成
[triggeredmodifier.cpp:114]: TriggeredModifier #1527 tag = land_tech_60 name = 军事科技加成
[triggeredmodifier.cpp:114]: TriggeredModifier #1528 tag = land_tech_65 name = 军事科技加成
[triggeredmodifier.cpp:114]: TriggeredModifier #1529 tag = land_tech_70 name = 军事科技加成
[triggeredmodifier.cpp:114]: TriggeredModifier #1530 tag = land_tech_75 name = 军事科技加成
[triggeredmodifier.cpp:114]: TriggeredModifier #1531 tag = land_tech_80 name = 军事科技加成
[triggeredmodifier.cpp:114]: TriggeredModifier #1532 tag = naval_tech_5 name = 文化科技加成
[triggeredmodifier.cpp:114]: TriggeredModifier #1533 tag = naval_tech_10 name = 文化科技加成
[triggeredmodifier.cpp:114]: TriggeredModifier #1534 tag = naval_tech_15 name = 文化科技加成
[triggeredmodifier.cpp:114]: TriggeredModifier #1535 tag = naval_tech_20 name = 文化科技加成
[triggeredmodifier.cpp:114]: TriggeredModifier #1536 tag = naval_tech_25 name = 文化科技加成
[triggeredmodifier.cpp:114]: TriggeredModifier #1537 tag = naval_tech_30 name = 文化科技加成
[triggeredmodifier.cpp:114]: TriggeredModifier #1538 tag = naval_tech_35 name = 文化科技加成
[triggeredmodifier.cpp:114]: TriggeredModifier #1539 tag = naval_tech_40 name = 文化科技加成
[triggeredmodifier.cpp:114]: TriggeredModifier #1540 tag = naval_tech_45 name = 文化科技加成
[triggeredmodifier.cpp:114]: TriggeredModifier #1541 tag = naval_tech_50 name = 文化科技加成
[triggeredmodifier.cpp:114]: TriggeredModifier #1542 tag = naval_tech_55 name = 文化科技加成
[triggeredmodifier.cpp:114]: TriggeredModifier #1543 tag = naval_tech_60 name = 文化科技加成
[triggeredmodifier.cpp:114]: TriggeredModifier #1544 tag = naval_tech_65 name = 文化科技加成
[triggeredmodifier.cpp:114]: TriggeredModifier #1545 tag = naval_tech_70 name = 文化科技加成
[triggeredmodifier.cpp:114]: TriggeredModifier #1546 tag = naval_tech_75 name = 文化科技加成
[triggeredmodifier.cpp:114]: TriggeredModifier #1547 tag = naval_tech_80 name = 文化科技加成
[triggeredmodifier.cpp:114]: TriggeredModifier #1548 tag = trade_tech_5 name = 商业科技加成
[triggeredmodifier.cpp:114]: TriggeredModifier #1549 tag = trade_tech_10 name = 商业科技加成
[triggeredmodifier.cpp:114]: TriggeredModifier #1550 tag = trade_tech_15 name = 商业科技加成
[triggeredmodifier.cpp:114]: TriggeredModifier #1551 tag = trade_tech_20 name = 商业科技加成
[triggeredmodifier.cpp:114]: TriggeredModifier #1552 tag = trade_tech_25 name = 商业科技加成
[triggeredmodifier.cpp:114]: TriggeredModifier #1553 tag = trade_tech_30 name = 商业科技加成
[triggeredmodifier.cpp:114]: TriggeredModifier #1554 tag = trade_tech_35 name = 商业科技加成
[triggeredmodifier.cpp:114]: TriggeredModifier #1555 tag = trade_tech_40 name = 商业科技加成
[triggeredmodifier.cpp:114]: TriggeredModifier #1556 tag = trade_tech_45 name = 商业科技加成
[triggeredmodifier.cpp:114]: TriggeredModifier #1557 tag = trade_tech_50 name = 商业科技加成
[triggeredmodifier.cpp:114]: TriggeredModifier #1558 tag = trade_tech_55 name = 商业科技加成
[triggeredmodifier.cpp:114]: TriggeredModifier #1559 tag = trade_tech_60 name = 商业科技加成
[triggeredmodifier.cpp:114]: TriggeredModifier #1560 tag = trade_tech_65 name = 商业科技加成
[triggeredmodifier.cpp:114]: TriggeredModifier #1561 tag = trade_tech_70 name = 商业科技加成
[triggeredmodifier.cpp:114]: TriggeredModifier #1562 tag = trade_tech_75 name = 商业科技加成
[triggeredmodifier.cpp:114]: TriggeredModifier #1563 tag = trade_tech_80 name = 商业科技加成
[triggeredmodifier.cpp:114]: TriggeredModifier #1564 tag = shangwuchuantong name = 尚武传统
[triggeredmodifier.cpp:114]: TriggeredModifier #1565 tag = waijiaoguanxi_1a name = 维持同盟关系
[triggeredmodifier.cpp:114]: TriggeredModifier #1566 tag = waijiaoguanxi_2a name = 维持同盟关系
[triggeredmodifier.cpp:114]: TriggeredModifier #1567 tag = waijiaoguanxi_3a name = 维持同盟关系
[triggeredmodifier.cpp:114]: TriggeredModifier #1568 tag = waijiaoguanxi_4a name = 维持同盟关系
[triggeredmodifier.cpp:114]: TriggeredModifier #1569 tag = waijiaoguanxi_5a name = 维持同盟关系
[triggeredmodifier.cpp:114]: TriggeredModifier #1570 tag = waijiaoguanxi_6a name = 维持同盟关系
[triggeredmodifier.cpp:114]: TriggeredModifier #1571 tag = waijiaoguanxi_7a name = 维持同盟关系
[triggeredmodifier.cpp:114]: TriggeredModifier #1572 tag = waijiaoguanxi_8a name = 维持同盟关系
[triggeredmodifier.cpp:114]: TriggeredModifier #1573 tag = waijiaoguanxi_9a name = 维持同盟关系
[triggeredmodifier.cpp:114]: TriggeredModifier #1574 tag = waijiaoguanxi_10a name = 维持同盟关系
[triggeredmodifier.cpp:114]: TriggeredModifier #1575 tag = waijiaoguanxi_12a name = 维持同盟关系
[triggeredmodifier.cpp:114]: TriggeredModifier #1576 tag = waijiaoguanxi_14a name = 维持同盟关系
[triggeredmodifier.cpp:114]: TriggeredModifier #1577 tag = waijiaoguanxi_16a name = 维持同盟关系
[triggeredmodifier.cpp:114]: TriggeredModifier #1578 tag = waijiaoguanxi_18a name = 维持同盟关系
[triggeredmodifier.cpp:114]: TriggeredModifier #1579 tag = waijiaoguanxi_20a name = 维持同盟关系
[triggeredmodifier.cpp:114]: TriggeredModifier #1580 tag = waijiaoguanxi_1b name = 维持附庸关系
[triggeredmodifier.cpp:114]: TriggeredModifier #1581 tag = waijiaoguanxi_2b name = 维持附庸关系
[triggeredmodifier.cpp:114]: TriggeredModifier #1582 tag = waijiaoguanxi_3b name = 维持附庸关系
[triggeredmodifier.cpp:114]: TriggeredModifier #1583 tag = waijiaoguanxi_4b name = 维持附庸关系
[triggeredmodifier.cpp:114]: TriggeredModifier #1584 tag = waijiaoguanxi_5b name = 维持附庸关系
[triggeredmodifier.cpp:114]: TriggeredModifier #1585 tag = waijiaoguanxi_6b name = 维持附庸关系
[triggeredmodifier.cpp:114]: TriggeredModifier #1586 tag = waijiaoguanxi_7b name = 维持附庸关系
[triggeredmodifier.cpp:114]: TriggeredModifier #1587 tag = waijiaoguanxi_8b name = 维持附庸关系
[triggeredmodifier.cpp:114]: TriggeredModifier #1588 tag = waijiaoguanxi_9b name = 维持附庸关系
[triggeredmodifier.cpp:114]: TriggeredModifier #1589 tag = waijiaoguanxi_10b name = 维持附庸关系
[triggeredmodifier.cpp:114]: TriggeredModifier #1590 tag = waijiaoguanxi_12b name = 维持附庸关系
[triggeredmodifier.cpp:114]: TriggeredModifier #1591 tag = waijiaoguanxi_14b name = 维持附庸关系
[triggeredmodifier.cpp:114]: TriggeredModifier #1592 tag = waijiaoguanxi_16b name = 维持附庸关系
[triggeredmodifier.cpp:114]: TriggeredModifier #1593 tag = waijiaoguanxi_18b name = 维持附庸关系
[triggeredmodifier.cpp:114]: TriggeredModifier #1594 tag = waijiaoguanxi_20b name = 维持附庸关系
[triggeredmodifier.cpp:114]: TriggeredModifier #1595 tag = fengkuangguodu name = 桀宋
[triggeredmodifier.cpp:114]: TriggeredModifier #1596 tag = xianggongzhiren name = 襄公之仁
[triggeredmodifier.cpp:114]: TriggeredModifier #1597 tag = vassal_morale_limit name = 附庸国限制
[triggeredmodifier.cpp:114]: TriggeredModifier #1598 tag = country_size_1_6 name = 弹丸小国
[triggeredmodifier.cpp:114]: TriggeredModifier #1599 tag = country_size_6_12 name = 蕞尔小国
[triggeredmodifier.cpp:114]: TriggeredModifier #1600 tag = country_size_12_20 name = 声名鹊起
[triggeredmodifier.cpp:114]: TriggeredModifier #1601 tag = country_size_12_20 name = 声名鹊起
[triggeredmodifier.cpp:114]: TriggeredModifier #1602 tag = country_size_20_30 name = 百乘之邦
[triggeredmodifier.cpp:114]: TriggeredModifier #1603 tag = country_size_20_30 name = 百乘之邦
[triggeredmodifier.cpp:114]: TriggeredModifier #1604 tag = country_size_30_45 name = 地域宽广
[triggeredmodifier.cpp:114]: TriggeredModifier #1605 tag = country_size_30_45 name = 地域宽广
[triggeredmodifier.cpp:114]: TriggeredModifier #1606 tag = country_size_45_60 name = 幅员辽阔
[triggeredmodifier.cpp:114]: TriggeredModifier #1607 tag = country_size_45_60 name = 幅员辽阔
[triggeredmodifier.cpp:114]: TriggeredModifier #1608 tag = country_size_60_80 name = 国土广袤
[triggeredmodifier.cpp:114]: TriggeredModifier #1609 tag = country_size_60_80 name = 国土广袤
[triggeredmodifier.cpp:114]: TriggeredModifier #1610 tag = country_size_80_100 name = 区域霸主
[triggeredmodifier.cpp:114]: TriggeredModifier #1611 tag = country_size_80_100 name = 区域霸主
[triggeredmodifier.cpp:114]: TriggeredModifier #1612 tag = country_size_100_150 name = 蛟龙出渊
[triggeredmodifier.cpp:114]: TriggeredModifier #1613 tag = country_size_100_150 name = 蛟龙出渊
[triggeredmodifier.cpp:114]: TriggeredModifier #1614 tag = country_size_150_200 name = 龙行天下
[triggeredmodifier.cpp:114]: TriggeredModifier #1615 tag = country_size_150_200 name = 龙行天下
[triggeredmodifier.cpp:114]: TriggeredModifier #1616 tag = country_size_200 name = 神州华夏
[triggeredmodifier.cpp:114]: TriggeredModifier #1617 tag = country_size_200 name = 神州华夏
[triggeredmodifier.cpp:114]: TriggeredModifier #1618 tag = zongfazhidu name = 宗法制度
[triggeredmodifier.cpp:114]: TriggeredModifier #1619 tag = hujizhidu name = 户籍制度
[triggeredmodifier.cpp:114]: TriggeredModifier #1620 tag = shiguanzhidu name = 世官制度
[triggeredmodifier.cpp:114]: TriggeredModifier #1621 tag = junqishuzuishixin name = 军器赎罪导致国君失信臣民
[triggeredmodifier.cpp:114]: TriggeredModifier #1622 tag = junqishuzuitanwu name = 军器杂乱不堪一用
[triggeredmodifier.cpp:114]: TriggeredModifier #1623 tag = age_1900 name = 年代修正
[triggeredmodifier.cpp:114]: TriggeredModifier #1624 tag = age_2000 name = 年代修正
[triggeredmodifier.cpp:114]: TriggeredModifier #1625 tag = age_2200 name = 年代修正
[triggeredmodifier.cpp:114]: TriggeredModifier #1626 tag = age_2300 name = 年代修正
[triggeredmodifier.cpp:114]: TriggeredModifier #1627 tag = age_2400 name = 年代修正
[triggeredmodifier.cpp:114]: TriggeredModifier #1628 tag = late_reform1 name = 要求改革的呼声
[triggeredmodifier.cpp:114]: TriggeredModifier #1629 tag = late_reform2 name = 要求改革的呼声
[triggeredmodifier.cpp:114]: TriggeredModifier #1630 tag = late_reform3 name = 要求改革的呼声
[triggeredmodifier.cpp:114]: TriggeredModifier #1631 tag = late_reform4 name = 要求改革的呼声
[triggeredmodifier.cpp:114]: TriggeredModifier #1632 tag = QIN_gift name = 称霸西戎
[triggeredmodifier.cpp:114]: TriggeredModifier #1633 tag = WUG_gift1 name = 仿效华夏
[triggeredmodifier.cpp:114]: TriggeredModifier #1634 tag = WUG_gift2 name = 起兵伐楚
[triggeredmodifier.cpp:114]: TriggeredModifier #1635 tag = LUG_gift1 name = 木匠鼻祖
[triggeredmodifier.cpp:114]: TriggeredModifier #1636 tag = ZHO_gift1 name = 将相和——众志成城
[triggeredmodifier.cpp:114]: TriggeredModifier #1637 tag = ZHO_gift2 name = 将相和——休养生息
[triggeredmodifier.cpp:114]: TriggeredModifier #1638 tag = HAN_iron1 name = 弩强剑利
[triggeredmodifier.cpp:114]: TriggeredModifier #1639 tag = HAN_iron2 name = 弩强剑利
[triggeredmodifier.cpp:114]: TriggeredModifier #1640 tag = HAN_iron3 name = 弩强剑利
[triggeredmodifier.cpp:114]: TriggeredModifier #1641 tag = HAN_iron4 name = 弩强剑利
[triggeredmodifier.cpp:114]: TriggeredModifier #1642 tag = HAN_iron5 name = 弩强剑利
[triggeredmodifier.cpp:114]: TriggeredModifier #1643 tag = HAN_iron6 name = 弩强剑利
[triggeredmodifier.cpp:114]: TriggeredModifier #1644 tag = HAN_iron7 name = 弩强剑利
[triggeredmodifier.cpp:114]: TriggeredModifier #1645 tag = HAN_iron8 name = 弩强剑利
[triggeredmodifier.cpp:114]: TriggeredModifier #1646 tag = HAN_iron9 name = 弩强剑利
[triggeredmodifier.cpp:114]: TriggeredModifier #1647 tag = HAN_iron10 name = 弩强剑利
[triggeredmodifier.cpp:114]: TriggeredModifier #1648 tag = HAN_iron11 name = 弩强剑利
[triggeredmodifier.cpp:114]: TriggeredModifier #1649 tag = HAN_iron12 name = 弩强剑利
[triggeredmodifier.cpp:114]: TriggeredModifier #1650 tag = HAN_iron13 name = 弩强剑利
[triggeredmodifier.cpp:114]: TriggeredModifier #1651 tag = HAN_iron14 name = 弩强剑利
[triggeredmodifier.cpp:114]: TriggeredModifier #1652 tag = HAN_iron15 name = 弩强剑利
[triggeredmodifier.cpp:114]: TriggeredModifier #1653 tag = HAN_iron16 name = 弩强剑利
[triggeredmodifier.cpp:114]: TriggeredModifier #1654 tag = HAN_iron17 name = 弩强剑利
[triggeredmodifier.cpp:114]: TriggeredModifier #1655 tag = HAN_iron18 name = 弩强剑利
[triggeredmodifier.cpp:114]: TriggeredModifier #1656 tag = HAN_iron19 name = 弩强剑利
[triggeredmodifier.cpp:114]: TriggeredModifier #1657 tag = HAN_iron20 name = 弩强剑利
[triggeredmodifier.cpp:114]: TriggeredModifier #1658 tag = WUG_buff3 name = 孙子兵法
[triggeredmodifier.cpp:114]: TriggeredModifier #1659 tag = WEG_buff name = 鬼谷纵横
[triggeredmodifier.cpp:114]: TriggeredModifier #1660 tag = CHE_cotton name = 陶正之后
[triggeredmodifier.cpp:114]: TriggeredModifier #1661 tag = CHE_cotton name = 陶正之后
[triggeredmodifier.cpp:114]: TriggeredModifier #1662 tag = CHE_cotton name = 陶正之后
[triggeredmodifier.cpp:114]: TriggeredModifier #1663 tag = CHE_cotton name = 陶正之后
[triggeredmodifier.cpp:114]: TriggeredModifier #1664 tag = CHE_cotton name = 陶正之后
[triggeredmodifier.cpp:114]: TriggeredModifier #1665 tag = SGU_buff name = 山川险要
[triggeredmodifier.cpp:114]: TriggeredModifier #1666 tag = ZHI_buff2 name = 名门望族
[triggeredmodifier.cpp:114]: TriggeredModifier #1667 tag = ZHI_buff2 name = 名门望族
[triggeredmodifier.cpp:114]: TriggeredModifier #1668 tag = ZHI_buff2 name = 名门望族
[triggeredmodifier.cpp:114]: TriggeredModifier #1669 tag = ZHI_buff2 name = 名门望族
[triggeredmodifier.cpp:114]: TriggeredModifier #1670 tag = ZHI_buff2 name = 名门望族
[triggeredmodifier.cpp:114]: TriggeredModifier #1671 tag = ZHI_buff3 name = 政出私门
[triggeredmodifier.cpp:114]: TriggeredModifier #1672 tag = ZGO_buff1 name = 郑商盟誓
[triggeredmodifier.cpp:114]: TriggeredModifier #1673 tag = ZGO_buff1 name = 郑商盟誓
[triggeredmodifier.cpp:114]: TriggeredModifier #1674 tag = ZGO_buff1 name = 郑商盟誓
[triggeredmodifier.cpp:114]: TriggeredModifier #1675 tag = ZGO_buff1 name = 郑商盟誓
[triggeredmodifier.cpp:114]: TriggeredModifier #1676 tag = ZGO_buff1 name = 郑商盟誓
[triggeredmodifier.cpp:114]: TriggeredModifier #1677 tag = ZGO_buff1 name = 郑商盟誓
[triggeredmodifier.cpp:114]: TriggeredModifier #1678 tag = ZGO_buff1 name = 郑商盟誓
[triggeredmodifier.cpp:114]: TriggeredModifier #1679 tag = ZGO_buff1 name = 郑商盟誓
[triggeredmodifier.cpp:114]: TriggeredModifier #1680 tag = ZGO_buff1 name = 郑商盟誓
[triggeredmodifier.cpp:114]: TriggeredModifier #1681 tag = ZGO_buff1 name = 郑商盟誓
[triggeredmodifier.cpp:114]: TriggeredModifier #1682 tag = ZGO_buff1 name = 郑商盟誓
[triggeredmodifier.cpp:114]: TriggeredModifier #1683 tag = ZGO_buff1 name = 郑商盟誓
[triggeredmodifier.cpp:114]: TriggeredModifier #1684 tag = ZGO_buff1 name = 郑商盟誓
[triggeredmodifier.cpp:114]: TriggeredModifier #1685 tag = ZGO_buff1 name = 郑商盟誓
[triggeredmodifier.cpp:114]: TriggeredModifier #1686 tag = ZGO_buff1 name = 郑商盟誓
[triggeredmodifier.cpp:114]: TriggeredModifier #1687 tag = ZGO_buff1 name = 郑商盟誓
[triggeredmodifier.cpp:114]: TriggeredModifier #1688 tag = ZGO_buff1 name = 郑商盟誓
[triggeredmodifier.cpp:114]: TriggeredModifier #1689 tag = ZGO_buff1 name = 郑商盟誓
[triggeredmodifier.cpp:114]: TriggeredModifier #1690 tag = ZGO_buff1 name = 郑商盟誓
[triggeredmodifier.cpp:114]: TriggeredModifier #1691 tag = ZGO_buff1 name = 郑商盟誓
[triggeredmodifier.cpp:114]: TriggeredModifier #1692 tag = YGO_buff3 name = 三千越甲
[triggeredmodifier.cpp:114]: TriggeredModifier #1693 tag = PAP_buff1 name = 天下共主
[triggeredmodifier.cpp:114]: TriggeredModifier #1694 tag = PAP_buff2 name = 天子六师
[triggeredmodifier.cpp:114]: TriggeredModifier #1695 tag = ZHS_buff1 name = ZHS_buff1
[triggeredmodifier.cpp:114]: TriggeredModifier #1696 tag = YQU_buff1 name = 侵略成性
[triggeredmodifier.cpp:114]: TriggeredModifier #1697 tag = YQU_buff2 name = 马背民族
[triggeredmodifier.cpp:114]: TriggeredModifier #1698 tag = YQU_buff2 name = 马背民族
[triggeredmodifier.cpp:114]: TriggeredModifier #1699 tag = YQU_buff2 name = 马背民族
[triggeredmodifier.cpp:114]: TriggeredModifier #1700 tag = YQU_buff2 name = 马背民族
[triggeredmodifier.cpp:114]: TriggeredModifier #1701 tag = YQU_buff2 name = 马背民族
[triggeredmodifier.cpp:114]: TriggeredModifier #1702 tag = YQU_buff2 name = 马背民族
[triggeredmodifier.cpp:114]: TriggeredModifier #1703 tag = LAI_buff1 name = 滨海黄金
[triggeredmodifier.cpp:114]: TriggeredModifier #1704 tag = LAI_buff1 name = 滨海黄金
[triggeredmodifier.cpp:114]: TriggeredModifier #1705 tag = LAI_buff1 name = 滨海黄金
[triggeredmodifier.cpp:114]: TriggeredModifier #1706 tag = LAI_buff1 name = 滨海黄金
[triggeredmodifier.cpp:114]: TriggeredModifier #1707 tag = LAI_buff1 name = 滨海黄金
[triggeredmodifier.cpp:114]: TriggeredModifier #1708 tag = LAI_buff2 name = 东夷古国
[triggeredmodifier.cpp:114]: TriggeredModifier #1709 tag = yumizhixiangmaoyi name = 鱼米之乡
[triggeredmodifier.cpp:114]: TriggeredModifier #1710 tag = yumizhixiangmaoyi name = 鱼米之乡
[triggeredmodifier.cpp:114]: TriggeredModifier #1711 tag = yumizhixiangmaoyi name = 鱼米之乡
[triggeredmodifier.cpp:114]: TriggeredModifier #1712 tag = yumizhixiangmaoyi name = 鱼米之乡
[triggeredmodifier.cpp:114]: TriggeredModifier #1713 tag = yumizhixiangmaoyi name = 鱼米之乡
[triggeredmodifier.cpp:114]: TriggeredModifier #1714 tag = bozhangzhifuyong name = 伯长之附庸
[triggeredmodifier.cpp:114]: TriggeredModifier #1715 tag = bozhangzhifuyong name = 伯长之附庸
[triggeredmodifier.cpp:114]: TriggeredModifier #1716 tag = bozhangzhifuyong name = 伯长之附庸
[triggeredmodifier.cpp:114]: TriggeredModifier #1717 tag = bozhangzhifuyong name = 伯长之附庸
[triggeredmodifier.cpp:114]: TriggeredModifier #1718 tag = bozhangzhifuyong name = 伯长之附庸
[triggeredmodifier.cpp:114]: TriggeredModifier #1719 tag = bozhangzhifuyong name = 伯长之附庸
[triggeredmodifier.cpp:114]: TriggeredModifier #1720 tag = bozhangzhifuyong name = 伯长之附庸
[triggeredmodifier.cpp:114]: TriggeredModifier #1721 tag = SHI_gift1 name = 见贤思齐
[triggeredmodifier.cpp:114]: TriggeredModifier #1722 tag = SHI_gift1 name = 见贤思齐
[triggeredmodifier.cpp:114]: TriggeredModifier #1723 tag = SHI_gift1 name = 见贤思齐
[triggeredmodifier.cpp:114]: TriggeredModifier #1724 tag = SHI_gift1 name = 见贤思齐
[triggeredmodifier.cpp:114]: TriggeredModifier #1725 tag = SHI_gift1 name = 见贤思齐
[triggeredmodifier.cpp:114]: TriggeredModifier #1726 tag = SHI_gift1 name = 见贤思齐
[triggeredmodifier.cpp:114]: TriggeredModifier #1727 tag = SHI_gift1 name = 见贤思齐
[triggeredmodifier.cpp:114]: TriggeredModifier #1728 tag = SHI_gift1 name = 见贤思齐
[triggeredmodifier.cpp:114]: TriggeredModifier #1729 tag = SHI_gift2 name = 深观阴阳
[triggeredmodifier.cpp:114]: TriggeredModifier #1730 tag = SHI_gift2 name = 深观阴阳
[triggeredmodifier.cpp:114]: TriggeredModifier #1731 tag = SHI_gift2 name = 深观阴阳
[triggeredmodifier.cpp:114]: TriggeredModifier #1732 tag = SHI_gift2 name = 深观阴阳
[triggeredmodifier.cpp:114]: TriggeredModifier #1733 tag = SHI_gift1 name = 见贤思齐
[triggeredmodifier.cpp:114]: TriggeredModifier #1734 tag = SHI_gift1 name = 见贤思齐
[triggeredmodifier.cpp:114]: TriggeredModifier #1735 tag = SHI_gift1 name = 见贤思齐
[triggeredmodifier.cpp:114]: TriggeredModifier #1736 tag = SHI_gift1 name = 见贤思齐
[triggeredmodifier.cpp:114]: TriggeredModifier #1737 tag = SHI_gift1 name = 见贤思齐
[triggeredmodifier.cpp:114]: TriggeredModifier #1738 tag = SHI_gift1 name = 见贤思齐
[triggeredmodifier.cpp:114]: TriggeredModifier #1739 tag = SHI_gift1 name = 见贤思齐
[triggeredmodifier.cpp:114]: TriggeredModifier #1740 tag = SHI_gift1 name = 见贤思齐
[triggeredmodifier.cpp:114]: TriggeredModifier #1741 tag = SHI_gift1 name = 见贤思齐
[triggeredmodifier.cpp:114]: TriggeredModifier #1742 tag = SHI_gift1 name = 见贤思齐
[triggeredmodifier.cpp:114]: TriggeredModifier #1743 tag = SHI_gift1 name = 见贤思齐
[triggeredmodifier.cpp:114]: TriggeredModifier #1744 tag = SHI_gift1 name = 见贤思齐
[triggeredmodifier.cpp:114]: TriggeredModifier #1745 tag = SHI_gift1 name = 见贤思齐
[triggeredmodifier.cpp:114]: TriggeredModifier #1746 tag = SHI_gift1 name = 见贤思齐
[triggeredmodifier.cpp:114]: TriggeredModifier #1747 tag = SHI_gift1 name = 见贤思齐
[triggeredmodifier.cpp:114]: TriggeredModifier #1748 tag = SHI_gift1 name = 见贤思齐
[triggeredmodifier.cpp:114]: TriggeredModifier #1749 tag = SHI_gift1 name = 见贤思齐
[triggeredmodifier.cpp:114]: TriggeredModifier #1750 tag = SHI_gift1 name = 见贤思齐
[triggeredmodifier.cpp:114]: TriggeredModifier #1751 tag = SHI_gift1 name = 见贤思齐
[triggeredmodifier.cpp:114]: TriggeredModifier #1752 tag = ZHJ_buff2 name = 纵横之能
[triggeredmodifier.cpp:114]: TriggeredModifier #1753 tag = YYJ_buff2 name = 阴阳之能
[triggeredmodifier.cpp:114]: TriggeredModifier #1754 tag = ZAJ_buff2 name = 杂家之能
[triggeredmodifier.cpp:114]: TriggeredModifier #1755 tag = NOJ_buff2 name = 农家之能
[triggeredmodifier.cpp:114]: TriggeredModifier #1756 tag = MIJ_buff2 name = 名家之能
[triggeredmodifier.cpp:114]: TriggeredModifier #1757 tag = XSJ_buff2 name = 小说家之能
[triggeredmodifier.cpp:114]: TriggeredModifier #1758 tag = JIN_buff2 name = 晋无公族
[triggeredmodifier.cpp:114]: TriggeredModifier #1759 tag = JIN_buff2 name = 晋无公族
[triggeredmodifier.cpp:114]: TriggeredModifier #1760 tag = JIN_buff2 name = 晋无公族
[triggeredmodifier.cpp:114]: TriggeredModifier #1761 tag = JIN_buff2 name = 晋无公族
[triggeredmodifier.cpp:114]: TriggeredModifier #1762 tag = JIN_buff2 name = 晋无公族
[triggeredmodifier.cpp:114]: TriggeredModifier #1763 tag = dizhangbuff name = 嫡长继承
[triggeredmodifier.cpp:114]: TriggeredModifier #1764 tag = dizhangbuff name = 嫡长继承
[triggeredmodifier.cpp:114]: TriggeredModifier #1765 tag = dizhangbuff name = 嫡长继承
[triggeredmodifier.cpp:114]: TriggeredModifier #1766 tag = dizhangbuff name = 嫡长继承
[triggeredmodifier.cpp:114]: TriggeredModifier #1767 tag = dizhangbuff name = 嫡长继承
[triggeredmodifier.cpp:114]: TriggeredModifier #1768 tag = fajiayunji_buff1 name = fajiayunji_buff1
[triggeredmodifier.cpp:114]: TriggeredModifier #1769 tag = yinshangbuzhanbu name = 君主不好占卜
[triggeredmodifier.cpp:114]: TriggeredModifier #1770 tag = CAO_buff1 name = 天下之中
[triggeredmodifier.cpp:114]: TriggeredModifier #1771 tag = CAO_buff1 name = 天下之中
[triggeredmodifier.cpp:114]: TriggeredModifier #1772 tag = CAO_buff1 name = 天下之中
[triggeredmodifier.cpp:114]: TriggeredModifier #1773 tag = CAO_buff1 name = 天下之中
[triggeredmodifier.cpp:114]: TriggeredModifier #1774 tag = CAO_buff1 name = 天下之中
[triggeredmodifier.cpp:114]: TriggeredModifier #1775 tag = YXU_buff1 name = 东夷霸主
[triggeredmodifier.cpp:114]: TriggeredModifier #1776 tag = DAI_buff1 name = 代子立国
[triggeredmodifier.cpp:114]: TriggeredModifier #1777 tag = DAI_buff1 name = 代子立国
[triggeredmodifier.cpp:114]: TriggeredModifier #1778 tag = DAI_buff1 name = 代子立国
[triggeredmodifier.cpp:114]: TriggeredModifier #1779 tag = DAI_buff1 name = 代子立国
[triggeredmodifier.cpp:114]: TriggeredModifier #1780 tag = DAI_buff1 name = 代子立国
[triggeredmodifier.cpp:114]: TriggeredModifier #1781 tag = JUG_buff1 name = 勿忘在莒
[triggeredmodifier.cpp:114]: TriggeredModifier #1782 tag = JUG_buff2 name = 凤鸟立制
[triggeredmodifier.cpp:114]: TriggeredModifier #1783 tag = JUG_buff3 name = 凤国盛世
[triggeredmodifier.cpp:114]: TriggeredModifier #1784 tag = YON_buff1 name = 南风之薰
[triggeredmodifier.cpp:114]: TriggeredModifier #1785 tag = YON_buff2 name = 牧誓之首
[triggeredmodifier.cpp:114]: TriggeredModifier #1786 tag = WY_buff1 name = 收容百越
[triggeredmodifier.cpp:114]: TriggeredModifier #1787 tag = WY_buff2 name = 收容百越
[triggeredmodifier.cpp:114]: TriggeredModifier #1788 tag = JUNZILIUYI_buff name = 君子六艺
[triggeredmodifier.cpp:114]: TriggeredModifier #1789 tag = SHE_buff1 name = 召伯营之
[triggeredmodifier.cpp:114]: TriggeredModifier #1790 tag = SHE_buff1 name = 召伯营之
[triggeredmodifier.cpp:114]: TriggeredModifier #1791 tag = SHE_buff1 name = 召伯营之
[triggeredmodifier.cpp:114]: TriggeredModifier #1792 tag = SHE_buff1 name = 召伯营之
[triggeredmodifier.cpp:114]: TriggeredModifier #1793 tag = SHE_buff1 name = 召伯营之
[triggeredmodifier.cpp:114]: TriggeredModifier #1794 tag = SON_buff1 name = 殷商之遗
[triggeredmodifier.cpp:114]: TriggeredModifier #1795 tag = SON_buff1 name = 殷商之遗
[triggeredmodifier.cpp:114]: TriggeredModifier #1796 tag = SON_buff1 name = 殷商之遗
[triggeredmodifier.cpp:114]: TriggeredModifier #1797 tag = SON_buff1 name = 殷商之遗
[triggeredmodifier.cpp:114]: TriggeredModifier #1798 tag = SON_buff1 name = 殷商之遗
[triggeredmodifier.cpp:114]: TriggeredModifier #1799 tag = ZXS_buff1 name = 困兽犹斗
[triggeredmodifier.cpp:114]: TriggeredModifier #1800 tag = ZXS_buff1 name = 困兽犹斗
[triggeredmodifier.cpp:114]: TriggeredModifier #1801 tag = ZXS_buff1 name = 困兽犹斗
[triggeredmodifier.cpp:114]: TriggeredModifier #1802 tag = ZXS_buff1 name = 困兽犹斗
[triggeredmodifier.cpp:114]: TriggeredModifier #1803 tag = ZXS_buff1 name = 困兽犹斗
[triggeredmodifier.cpp:114]: TriggeredModifier #1804 tag = ZXS_buff1 name = 困兽犹斗
[triggeredmodifier.cpp:114]: TriggeredModifier #1805 tag = ZXS_buff1 name = 困兽犹斗
[triggeredmodifier.cpp:114]: TriggeredModifier #1806 tag = ZXS_buff1 name = 困兽犹斗
[triggeredmodifier.cpp:114]: TriggeredModifier #1807 tag = ZXS_buff1 name = 困兽犹斗
[triggeredmodifier.cpp:114]: TriggeredModifier #1808 tag = ZXS_buff1 name = 困兽犹斗
[triggeredmodifier.cpp:114]: TriggeredModifier #1809 tag = ZXS_buff1 name = 困兽犹斗
[triggeredmodifier.cpp:114]: TriggeredModifier #1810 tag = QIN_buff11 name = 赳赳老秦
[triggeredmodifier.cpp:114]: TriggeredModifier #1811 tag = QIN_buff11 name = 赳赳老秦
[triggeredmodifier.cpp:114]: TriggeredModifier #1812 tag = QIN_buff11 name = 赳赳老秦
[triggeredmodifier.cpp:114]: TriggeredModifier #1813 tag = QIN_buff11 name = 赳赳老秦
[triggeredmodifier.cpp:114]: TriggeredModifier #1814 tag = QIN_buff11 name = 赳赳老秦
[triggeredmodifier.cpp:114]: TriggeredModifier #1815 tag = QIN_buff11 name = 赳赳老秦
[triggeredmodifier.cpp:114]: TriggeredModifier #1816 tag = enweibingshi1 name = 恩威并施
[triggeredmodifier.cpp:114]: TriggeredModifier #1817 tag = enweibingshi2 name = 恩威并施
[triggeredmodifier.cpp:114]: TriggeredModifier #1818 tag = enweibingshi3 name = 恩威并施
[triggeredmodifier.cpp:114]: TriggeredModifier #1819 tag = enweibingshi4 name = 恩威并施
[triggeredmodifier.cpp:114]: TriggeredModifier #1820 tag = enweibingshi5 name = 恩威并施
[triggeredmodifier.cpp:114]: TriggeredModifier #1821 tag = dasouli1 name = 蒐狩之礼
[triggeredmodifier.cpp:114]: TriggeredModifier #1822 tag = JINJ_buff1 name = 君主执政
[triggeredmodifier.cpp:114]: TriggeredModifier #1823 tag = JING_buff1 name = 宗室执政
[triggeredmodifier.cpp:114]: TriggeredModifier #1824 tag = JINS_buff1 name = 元帅执政
[triggeredmodifier.cpp:114]: TriggeredModifier #1825 tag = JSG_buff1 name = 箕子朝鲜
[triggeredmodifier.cpp:114]: TriggeredModifier #1826 tag = junduiweihufei121 name = 冗军
[triggeredmodifier.cpp:114]: TriggeredModifier #1827 tag = junduiweihufei121 name = 冗军
[triggeredmodifier.cpp:114]: TriggeredModifier #1828 tag = junduiweihufei121 name = 冗军
[triggeredmodifier.cpp:114]: TriggeredModifier #1829 tag = junduiweihufei121 name = 冗军
[triggeredmodifier.cpp:114]: TriggeredModifier #1830 tag = junduiweihufei121 name = 冗军
[triggeredmodifier.cpp:114]: TriggeredModifier #1831 tag = youmudiguo name = 游牧帝国。
[triggeredmodifier.cpp:114]: TriggeredModifier #1832 tag = loulan name = loulan
[triggeredmodifier.cpp:114]: TriggeredModifier #1833 tag = jingjuewenhua name = jingjuewenhua
[triggeredmodifier.cpp:114]: TriggeredModifier #1834 tag = jingjuehaijun name = jingjuehaijun
[triggeredmodifier.cpp:114]: TriggeredModifier #1835 tag = jingjuelujun name = jingjuelujun
[triggeredmodifier.cpp:114]: TriggeredModifier #1836 tag = cheshi name = cheshi
[triggeredmodifier.cpp:114]: TriggeredModifier #1837 tag = cheshi name = cheshi
[triggeredmodifier.cpp:114]: TriggeredModifier #1838 tag = cheshi name = cheshi
[triggeredmodifier.cpp:114]: TriggeredModifier #1839 tag = cheshi name = cheshi
[triggeredmodifier.cpp:114]: TriggeredModifier #1840 tag = cheshi name = cheshi
[triggeredmodifier.cpp:114]: TriggeredModifier #1841 tag = guizi name = guizi
[triggeredmodifier.cpp:114]: TriggeredModifier #1842 tag = guizi name = guizi
[triggeredmodifier.cpp:114]: TriggeredModifier #1843 tag = guizi name = guizi
[triggeredmodifier.cpp:114]: TriggeredModifier #1844 tag = guizi name = guizi
[triggeredmodifier.cpp:114]: TriggeredModifier #1845 tag = guizi name = guizi
[triggeredmodifier.cpp:114]: TriggeredModifier #1846 tag = guizi name = guizi
[triggeredmodifier.cpp:114]: TriggeredModifier #1847 tag = guizi name = guizi
[triggeredmodifier.cpp:114]: TriggeredModifier #1848 tag = guizi name = guizi
[triggeredmodifier.cpp:114]: TriggeredModifier #1849 tag = guizi name = guizi
[triggeredmodifier.cpp:114]: TriggeredModifier #1850 tag = guizi name = guizi
[triggeredmodifier.cpp:114]: TriggeredModifier #1851 tag = guizi name = guizi
[triggeredmodifier.cpp:114]: TriggeredModifier #1852 tag = guizi name = guizi
[triggeredmodifier.cpp:114]: TriggeredModifier #1853 tag = guizi name = guizi
[triggeredmodifier.cpp:114]: TriggeredModifier #1854 tag = guizi name = guizi
[triggeredmodifier.cpp:114]: TriggeredModifier #1855 tag = guizi name = guizi
[triggeredmodifier.cpp:114]: TriggeredModifier #1856 tag = guizi name = guizi
[triggeredmodifier.cpp:114]: TriggeredModifier #1857 tag = guizi name = guizi
[triggeredmodifier.cpp:114]: TriggeredModifier #1858 tag = xiyusuijitianfu17 name = xiyusuijitianfu17
[triggeredmodifier.cpp:114]: TriggeredModifier #1859 tag = xiyusuijitianfu18 name = xiyusuijitianfu18
[triggeredmodifier.cpp:114]: TriggeredModifier #1860 tag = xiyusuijitianfu19 name = xiyusuijitianfu19
[triggeredmodifier.cpp:114]: TriggeredModifier #1861 tag = xiyusuijitianfu20 name = xiyusuijitianfu20
[triggeredmodifier.cpp:114]: TriggeredModifier #1862 tag = xiyusuijitianfu21 name = xiyusuijitianfu21
[triggeredmodifier.cpp:114]: TriggeredModifier #1863 tag = xiyusuijitianfu22 name = xiyusuijitianfu22
[triggeredmodifier.cpp:114]: TriggeredModifier #1864 tag = xiyusuijitianfu23 name = xiyusuijitianfu23
[triggeredmodifier.cpp:114]: TriggeredModifier #1865 tag = xiyusuijitianfu24 name = xiyusuijitianfu24
[triggeredmodifier.cpp:114]: TriggeredModifier #1866 tag = xiyusuijitianfu25 name = xiyusuijitianfu25
[triggeredmodifier.cpp:114]: TriggeredModifier #1867 tag = xiyusuijitianfu26 name = xiyusuijitianfu26
[triggeredmodifier.cpp:114]: TriggeredModifier #1868 tag = xiyusuijitianfu27 name = xiyusuijitianfu27
[triggeredmodifier.cpp:114]: TriggeredModifier #1869 tag = xiyusuijitianfu28 name = xiyusuijitianfu28
[triggeredmodifier.cpp:114]: TriggeredModifier #1870 tag = xiyusuijitianfu29 name = xiyusuijitianfu29
[triggeredmodifier.cpp:114]: TriggeredModifier #1871 tag = xiyusuijitianfu30 name = xiyusuijitianfu30
[triggeredmodifier.cpp:114]: TriggeredModifier #1872 tag = xiyusuijitianfu31 name = xiyusuijitianfu31
[triggeredmodifier.cpp:114]: TriggeredModifier #1873 tag = xiyusuijitianfu32 name = xiyusuijitianfu32
[triggeredmodifier.cpp:114]: TriggeredModifier #1874 tag = xiyusuijitianfu33 name = xiyusuijitianfu33
[triggeredmodifier.cpp:114]: TriggeredModifier #1875 tag = xiyusuijitianfu34 name = xiyusuijitianfu34
[triggeredmodifier.cpp:114]: TriggeredModifier #1876 tag = xiyusuijitianfu35 name = xiyusuijitianfu35
[triggeredmodifier.cpp:114]: TriggeredModifier #1877 tag = xiyusuijitianfu36 name = xiyusuijitianfu36
[triggeredmodifier.cpp:114]: TriggeredModifier #1878 tag = nanxiyu name = 南西域
[triggeredmodifier.cpp:114]: TriggeredModifier #1879 tag = duhufu name = duhufu
[triggeredmodifier.cpp:114]: TriggeredModifier #1880 tag = sichouzhilu_bei name = sichouzhilu_bei
[triggeredmodifier.cpp:114]: TriggeredModifier #1881 tag = sichouzhilu_zhong name = sichouzhilu_zhong
[triggeredmodifier.cpp:114]: TriggeredModifier #1882 tag = sichouzhilu_nan name = sichouzhilu_nan
[triggeredmodifier.cpp:114]: TriggeredModifier #1883 tag = hainan name = 珠崖
[triggeredmodifier.cpp:114]: TriggeredModifier #1884 tag = taiwan name = 夷州
[triggeredmodifier.cpp:114]: TriggeredModifier #1885 tag = jiejianzhiguotongzhang1 name = 节俭治国通胀
[triggeredmodifier.cpp:114]: TriggeredModifier #1886 tag = jiejianzhiguotongzhang2 name = 节俭治国通胀
[triggeredmodifier.cpp:114]: TriggeredModifier #1887 tag = jiejianzhiguotongzhang3 name = 节俭治国通胀
[triggeredmodifier.cpp:114]: TriggeredModifier #1888 tag = jiejianzhiguotongzhang4 name = 节俭治国通胀
[triggeredmodifier.cpp:114]: TriggeredModifier #1889 tag = jiejianzhiguotongzhang5 name = 节俭治国通胀
[triggeredmodifier.cpp:114]: TriggeredModifier #1890 tag = feigongbuff1 name = 天下皆攻
[triggeredmodifier.cpp:114]: TriggeredModifier #1891 tag = feigongbuff2 name = 天下非攻
[triggeredmodifier.cpp:114]: TriggeredModifier #1892 tag = feigongbuff3 name = 天下无攻
[triggeredmodifier.cpp:114]: TriggeredModifier #1893 tag = jizhouding name = 冀州鼎
[triggeredmodifier.cpp:114]: TriggeredModifier #1894 tag = youzhouding name = 幽州鼎
[triggeredmodifier.cpp:114]: TriggeredModifier #1895 tag = qingzhouding name = 青州鼎
[triggeredmodifier.cpp:114]: TriggeredModifier #1896 tag = xuzhouding name = 徐州鼎
[triggeredmodifier.cpp:114]: TriggeredModifier #1897 tag = yangzhouding name = 扬州鼎
[triggeredmodifier.cpp:114]: TriggeredModifier #1898 tag = jingzhouding name = 荆州鼎
[triggeredmodifier.cpp:114]: TriggeredModifier #1899 tag = yizhouding name = 益州鼎
[triggeredmodifier.cpp:114]: TriggeredModifier #1900 tag = liangzhouding name = 凉州鼎
[triggeredmodifier.cpp:114]: TriggeredModifier #1901 tag = bingzhouding name = 并州鼎
[triggeredmodifier.cpp:114]: TriggeredModifier #1902 tag = tongzhougongji name = 同舟共济
[triggeredmodifier.cpp:114]: TriggeredModifier #1903 tag = tongzhougongji name = 同舟共济
[triggeredmodifier.cpp:114]: TriggeredModifier #1904 tag = tongzhougongji name = 同舟共济
[triggeredmodifier.cpp:114]: TriggeredModifier #1905 tag = tongzhougongji name = 同舟共济
[eu3application.cpp:1143]: Triggered Modifiers Initialized
[eu3application.cpp:1153]: Revolt Triggers Initialized
[mission.cpp:629]: Missions loaded missions\巴蜀任务.txt' #5
[mission.cpp:629]: Missions loaded missions\曹国任务.txt' #3
[mission.cpp:629]: Missions loaded missions\陈国任务.txt' #6
[mission.cpp:629]: Missions loaded missions\赤狄任务.txt' #5
[mission.cpp:629]: Missions loaded missions\楚国任务.txt' #31
[mission.cpp:629]: Missions loaded missions\代国任务.txt' #2
[mission.cpp:629]: Missions loaded missions\韩国任务.txt' #7
[mission.cpp:629]: Missions loaded missions\汉国任务.txt' #4
[mission.cpp:629]: Missions loaded missions\晋国任务.txt' #29
[mission.cpp:629]: Missions loaded missions\鲁国任务.txt' #8
[mission.cpp:629]: Missions loaded missions\齐国任务.txt' #15
[mission.cpp:629]: Missions loaded missions\秦国任务.txt' #14
[mission.cpp:629]: Missions loaded missions\宋国任务.txt' #10
[mission.cpp:629]: Missions loaded missions\通用任务.txt' #56
[mission.cpp:629]: Missions loaded missions\魏国任务.txt' #10
[mission.cpp:629]: Missions loaded missions\卫国任务.txt' #6
[mission.cpp:629]: Missions loaded missions\吴国任务.txt' #11
[mission.cpp:629]: Missions loaded missions\西域任务.txt' #4
[mission.cpp:629]: Missions loaded missions\匈奴任务.txt' #2
[mission.cpp:629]: Missions loaded missions\徐国任务.txt' #3
[mission.cpp:629]: Missions loaded missions\燕国任务.txt' #10
[mission.cpp:629]: Missions loaded missions\越国任务.txt' #5
[mission.cpp:629]: Missions loaded missions\赵国任务.txt' #7
[mission.cpp:629]: Missions loaded missions\郑国任务.txt' #12
[mission.cpp:629]: Missions loaded missions\中山任务.txt' #2
[mission.cpp:629]: Missions loaded missions\周王任务.txt' #7
[mission.cpp:629]: Missions loaded missions\莒国任务.txt' #1
[decision.cpp:325]: Decisions loaded decisions\廧咎如氏决议.txt' #1
[decision.cpp:325]: Decisions loaded decisions\巴蜀决议.txt' #6
[decision.cpp:325]: Decisions loaded decisions\霸主体系.txt' #18
[decision.cpp:325]: Decisions loaded decisions\霸主征贡.txt' #3
[decision.cpp:325]: Decisions loaded decisions\霸主弭兵.txt' #8
[decision.cpp:325]: Decisions loaded decisions\兵家派系决议.txt' #20
[decision.cpp:325]: Decisions loaded decisions\曹国决议.txt' #1
[decision.cpp:325]: Decisions loaded decisions\长夜专属.txt' #1
[decision.cpp:325]: Decisions loaded decisions\朝鲜决议.txt' #2
[decision.cpp:325]: Decisions loaded decisions\赤狄决议.txt' #1
[decision.cpp:325]: Decisions loaded decisions\楚国决议.txt' #1
[decision.cpp:325]: Decisions loaded decisions\春秋军改.txt' #19
[decision.cpp:325]: Decisions loaded decisions\道决议.txt' #16
[decision.cpp:325]: Decisions loaded decisions\法决议.txt' #1
[decision.cpp:325]: Decisions loaded decisions\封禅泰山.txt' #1
[decision.cpp:325]: Decisions loaded decisions\公家士卿.txt' #11
[decision.cpp:325]: Decisions loaded decisions\国家简介.txt' #195
[decision.cpp:325]: Decisions loaded decisions\国家专属.txt' #2
[decision.cpp:325]: Decisions loaded decisions\韩国决议.txt' #1
[decision.cpp:325]: Decisions loaded decisions\华夏化.txt' #2
[decision.cpp:325]: Decisions loaded decisions\建筑.txt' #9
[decision.cpp:325]: Decisions loaded decisions\建筑决议.txt' #1
[decision.cpp:325]: Decisions loaded decisions\晋国决议.txt' #5
[decision.cpp:325]: Decisions loaded decisions\精细化种田决议.txt' #36
[decision.cpp:325]: Decisions loaded decisions\掘河攻城.txt' #8
[decision.cpp:325]: Decisions loaded decisions\理念相关.txt' #25
[decision.cpp:325]: Decisions loaded decisions\灵风补丁.txt' #5
[decision.cpp:325]: Decisions loaded decisions\鲁国决议.txt' #1
[decision.cpp:325]: Decisions loaded decisions\蛮夷侵袭.txt' #9
[decision.cpp:325]: Decisions loaded decisions\派系终结.txt' #3
[decision.cpp:325]: Decisions loaded decisions\齐国决议.txt' #1
[decision.cpp:325]: Decisions loaded decisions\千秋蒐礼.txt' #1
[decision.cpp:325]: Decisions loaded decisions\秦国决议.txt' #12
[decision.cpp:325]: Decisions loaded decisions\人口决议.txt' #4
[decision.cpp:325]: Decisions loaded decisions\申国决议.txt' #2
[decision.cpp:325]: Decisions loaded decisions\使节.txt' #1
[decision.cpp:325]: Decisions loaded decisions\水利要塞.txt' #23
[decision.cpp:325]: Decisions loaded decisions\宋国决议.txt' #4
[decision.cpp:325]: Decisions loaded decisions\特殊称王.txt' #1
[decision.cpp:325]: Decisions loaded decisions\天痕补丁.txt' #3
[decision.cpp:325]: Decisions loaded decisions\魏国决议.txt' #1
[decision.cpp:325]: Decisions loaded decisions\卫国决议.txt' #1
[decision.cpp:325]: Decisions loaded decisions\文化决议.txt' #8
[decision.cpp:325]: Decisions loaded decisions\文化统一.txt' #5
[decision.cpp:325]: Decisions loaded decisions\吴越决议.txt' #6
[decision.cpp:325]: Decisions loaded decisions\西楚决议.txt' #1
[decision.cpp:325]: Decisions loaded decisions\西域决议.txt' #6
[decision.cpp:325]: Decisions loaded decisions\西域天赋决议.txt' #30
[decision.cpp:325]: Decisions loaded decisions\显隐决议.txt' #49
[decision.cpp:325]: Decisions loaded decisions\新手引导.txt' #2
[decision.cpp:325]: Decisions loaded decisions\新宗教决议.txt' #30
[decision.cpp:325]: Decisions loaded decisions\匈奴决议.txt' #2
[decision.cpp:325]: Decisions loaded decisions\燕国决议.txt' #6
[decision.cpp:325]: Decisions loaded decisions\殷商决议.txt' #9
[decision.cpp:325]: Decisions loaded decisions\越国决议.txt' #1
[decision.cpp:325]: Decisions loaded decisions\战国军改.txt' #29
[decision.cpp:325]: Decisions loaded decisions\赵国决议.txt' #3
[decision.cpp:325]: Decisions loaded decisions\政经改革.txt' #37
[decision.cpp:325]: Decisions loaded decisions\政体转换.txt' #5
[decision.cpp:325]: Decisions loaded decisions\郑国决议.txt' #2
[decision.cpp:325]: Decisions loaded decisions\中山决议.txt' #1
[decision.cpp:325]: Decisions loaded decisions\周王决议.txt' #1
[decision.cpp:325]: Decisions loaded decisions\诸子百家.txt' #10
[decision.cpp:325]: Decisions loaded decisions\自动种田.txt' #12
[spies.cpp:337]: SpyAction #0 tag = lijianji name = 离间计
[spies.cpp:337]: SpyAction #1 tag = incite_against_merchant name = 打击商人行会
[spies.cpp:337]: SpyAction #2 tag = tarnish_reputation name = 毁谤声望
[spies.cpp:337]: SpyAction #3 tag = infiltrate_administration name = 全面密探渗透
[spies.cpp:337]: SpyAction #4 tag = sow_discontent name = 挑动不满
[spies.cpp:337]: SpyAction #5 tag = sabotage_reputation name = 夸大威胁
[spies.cpp:337]: SpyAction #6 tag = counterfeit_currency name = 贿赂官员
[spies.cpp:337]: SpyAction #7 tag = assassinate_advisor name = 刺杀重臣
[spies.cpp:337]: SpyAction #8 tag = hezonglianheng_reputation name = 合纵连横
[spies.cpp:337]: SpyAction #9 tag = spy_ring_infiltration name = 安插宫中亲信
[spies.cpp:337]: SpyAction #10 tag = kill_the_monarch name = 刺杀君主
[spies.cpp:337]: SpyAction #11 tag = kill_heir name = 刺杀继承人
[spies.cpp:337]: SpyAction #12 tag = gudongdudi_reputation name = 鼓动独立
[spies.cpp:337]: SpyAction #13 tag = tech_steal name = 窃取技术
[spies.cpp:337]: SpyAction #14 tag = heqin name = 和亲
[spies.cpp:337]: SpyAction #15 tag = meirenji name = 美人计
[spies.cpp:337]: SpyAction #16 tag = bribe_defenders name = 细作入城
[spies.cpp:337]: SpyAction #17 tag = support_revolt name = 策划叛乱
[spies.cpp:337]: SpyAction #18 tag = incite_troop_desertion name = 鼓动哗变
[spies.cpp:337]: SpyAction #19 tag = sponsor_patriots name = 资助复国军
[spies.cpp:337]: SpyAction #20 tag = sponsor_pretender name = 资助篡位军
[spies.cpp:337]: SpyAction #21 tag = shaoshanhuilin name = 烧山毁林
[spies.cpp:337]: SpyAction #22 tag = dajishengchan name = 打击生产
[spies.cpp:337]: SpyAction #23 tag = sanbowenyi name = 散播瘟疫
[spies.cpp:337]: SpyAction #24 tag = jieduanliangdao name = 截断粮道
[spies.cpp:337]: SpyAction #25 tag = qpjm name = 强迫结盟
[spies.cpp:337]: SpyAction #26 tag = qstb name = 劝说退兵
[spies.cpp:337]: SpyAction #27 tag = yjtd name = 移交土地
[spies.cpp:337]: SpyAction #28 tag = shtd name = 收回土地
[spies.cpp:337]: SpyAction #29 tag = qpgb name = 强迫关闭贸易中心
[spies.cpp:337]: SpyAction #30 tag = lyjh name = 强迫接受礼乐教化
[spies.cpp:337]: SpyAction #31 tag = lybd name = 强迫接受礼乐霸道
[spies.cpp:337]: SpyAction #32 tag = jsgj name = 强迫军事化
[spies.cpp:337]: SpyAction #33 tag = khgj name = 强迫开荒
[spies.cpp:337]: SpyAction #34 tag = shangbingfamou name = 上兵伐谋
[spies.cpp:337]: SpyAction #35 tag = qicifajiao name = 其次伐交
[spies.cpp:337]: SpyAction #36 tag = qicifabing name = 其次伐兵
[spies.cpp:337]: SpyAction #37 tag = qixiagongcheng name = 其下攻城
[eu3application.cpp:1169]: SpyActionDatabase Initialized
[rebeltype.cpp:488]: Rebel Type #0 tag = anti_tax_rebels
[rebeltype.cpp:488]: Rebel Type #1 tag = particularist_rebels
[rebeltype.cpp:488]: Rebel Type #2 tag = nationalist_rebels
[rebeltype.cpp:488]: Rebel Type #3 tag = patriot_rebels
[rebeltype.cpp:488]: Rebel Type #4 tag = colonial_rebels
[rebeltype.cpp:488]: Rebel Type #5 tag = noble_rebels
[rebeltype.cpp:488]: Rebel Type #6 tag = religious_rebels
[rebeltype.cpp:488]: Rebel Type #7 tag = heretic_rebels
[rebeltype.cpp:488]: Rebel Type #8 tag = pretender_rebels
[rebeltype.cpp:488]: Rebel Type #9 tag = reactionary_rebels
[rebeltype.cpp:488]: Rebel Type #10 tag = barbarian_rebels
[eu3application.cpp:1179]: Rebel Types Initialized
[casusbelli.cpp:618]: Casus Belli Types #0 tag = nocasusbelli
[casusbelli.cpp:618]: Casus Belli Types #1 tag = cb_trade_league
[casusbelli.cpp:618]: Casus Belli Types #2 tag = cb_insult
[casusbelli.cpp:618]: Casus Belli Types #3 tag = cb_dishonored_call
[casusbelli.cpp:618]: Casus Belli Types #4 tag = cb_restore_personal_union
[casusbelli.cpp:618]: Casus Belli Types #5 tag = cb_fabricated_claims
[casusbelli.cpp:618]: Casus Belli Types #6 tag = jap_civil_war
[casusbelli.cpp:618]: Casus Belli Types #7 tag = cb_conquest
[casusbelli.cpp:618]: Casus Belli Types #8 tag = cb_core
[casusbelli.cpp:618]: Casus Belli Types #9 tag = cb_imperial_ban
[casusbelli.cpp:618]: Casus Belli Types #10 tag = cb_horde_vs_civ
[casusbelli.cpp:618]: Casus Belli Types #11 tag = cb_border_war
[casusbelli.cpp:618]: Casus Belli Types #12 tag = cb_liberation
[casusbelli.cpp:618]: Casus Belli Types #13 tag = cb_trade_war
[casusbelli.cpp:618]: Casus Belli Types #14 tag = cb_super_badboy
[casusbelli.cpp:618]: Casus Belli Types #15 tag = cb_zhulu
[casusbelli.cpp:618]: Casus Belli Types #16 tag = cb_vassalize_mission
[casusbelli.cpp:618]: Casus Belli Types #17 tag = cb_nationalist
[casusbelli.cpp:618]: Casus Belli Types #18 tag = cb_horde_conquest
[casusbelli.cpp:618]: Casus Belli Types #19 tag = cb_ganshe
[casusbelli.cpp:618]: Casus Belli Types #20 tag = cb_vassalize_pretend_to_bazhu
[casusbelli.cpp:618]: Casus Belli Types #21 tag = cb_insult_zb
[casusbelli.cpp:618]: Casus Belli Types #22 tag = cb_insult_mbng
[casusbelli.cpp:618]: Casus Belli Types #23 tag = cb_imperial
[eu3application.cpp:1189]: Casus Belli Types Initialized
[tradegoods.cpp:350]: TradeGoods price definition #0 tag = nogoods base_price = 1
[tradegoods.cpp:350]: TradeGoods price definition #1 tag = grain base_price = 5.25
[tradegoods.cpp:350]: TradeGoods price definition #2 tag = wine base_price = 4.5
[tradegoods.cpp:350]: TradeGoods price definition #3 tag = wool base_price = 7.25
[tradegoods.cpp:350]: TradeGoods price definition #4 tag = cloth base_price = 4.75
[tradegoods.cpp:350]: TradeGoods price definition #5 tag = fish base_price = 4.25
[tradegoods.cpp:350]: TradeGoods price definition #6 tag = fur base_price = 4
[tradegoods.cpp:350]: TradeGoods price definition #7 tag = salt base_price = 9
[tradegoods.cpp:350]: TradeGoods price definition #8 tag = naval_supplies base_price = 8.75
[tradegoods.cpp:350]: TradeGoods price definition #9 tag = copper base_price = 7.75
[tradegoods.cpp:350]: TradeGoods price definition #10 tag = gold base_price = 11
[tradegoods.cpp:350]: TradeGoods price definition #11 tag = iron base_price = 5.75
[tradegoods.cpp:350]: TradeGoods price definition #12 tag = slaves base_price = 4
[tradegoods.cpp:350]: TradeGoods price definition #13 tag = ivory base_price = 4.75
[tradegoods.cpp:350]: TradeGoods price definition #14 tag = tea base_price = 5.25
[tradegoods.cpp:350]: TradeGoods price definition #15 tag = chinaware base_price = 3.75
[tradegoods.cpp:350]: TradeGoods price definition #16 tag = spices base_price = 5.75
[tradegoods.cpp:350]: TradeGoods price definition #17 tag = coffee base_price = 5.25
[tradegoods.cpp:350]: TradeGoods price definition #18 tag = cotton base_price = 8
[tradegoods.cpp:350]: TradeGoods price definition #19 tag = sugar base_price = 9.5
[tradegoods.cpp:350]: TradeGoods price definition #20 tag = tobacco base_price = 8
[tradegoods.cpp:350]: TradeGoods price definition #21 tag = unknown base_price = 0
[eu3application.cpp:1199]: TradeGoods Prices Initialized
[history.cpp:822]: History loaded 5 advisors from 'history\Advisors\alderman 当政公卿.txt' #5
[history.cpp:822]: History loaded 11 advisors from 'history\Advisors\ambassador 舌辩之才.txt' #11
[history.cpp:822]: History loaded 9 advisors from 'history\Advisors\army_organiser 军事统帅.txt' #9
[history.cpp:822]: History loaded 8 advisors from 'history\Advisors\army_reformer 新军领袖.txt' #8
[history.cpp:822]: History loaded 6 advisors from 'history\Advisors\artist 先雅乐师.txt' #6
[history.cpp:822]: History loaded 3 advisors from 'history\Advisors\banker 经济之才.txt' #3
[history.cpp:822]: History loaded 4 advisors from 'history\Advisors\collector 文人骚客.txt' #4
[history.cpp:822]: History loaded 4 advisors from 'history\Advisors\colonel 统兵之将.txt' #4
[history.cpp:822]: History loaded 6 advisors from 'history\Advisors\colonial_governor 内臣谋士.txt' #6
[history.cpp:822]: History loaded 6 advisors from 'history\Advisors\commandant 卓越将领.txt' #6
[history.cpp:822]: History loaded 8 advisors from 'history\Advisors\diplomat 纵横之士.txt' #8
[history.cpp:822]: History loaded 3 advisors from 'history\Advisors\fortification_expert 防御专家.txt' #3
[history.cpp:822]: History loaded 2 advisors from 'history\Advisors\grand_admiral 水军提督.txt' #2
[history.cpp:822]: History loaded 5 advisors from 'history\Advisors\grand_captain 三军先锋.txt' #5
[history.cpp:822]: History loaded 4 advisors from 'history\Advisors\grand_marshal 直言之臣.txt' #4
[history.cpp:822]: History loaded 5 advisors from 'history\Advisors\high_judge 先贤巨子.txt' #5
[history.cpp:822]: History loaded 2 advisors from 'history\Advisors\inquisitor 法家酷吏.txt' #2
[history.cpp:822]: History loaded 3 advisors from 'history\Advisors\lord_proprietor 山林隐逸.txt' #3
[history.cpp:822]: History loaded 8 advisors from 'history\Advisors\master_of_mint 聚贤贵族.txt' #8
[history.cpp:822]: History loaded 5 advisors from 'history\Advisors\natural_scientst 能工巧匠.txt' #5
[history.cpp:822]: History loaded 2 advisors from 'history\Advisors\naval_organiser 史家绝唱.txt' #2
[history.cpp:822]: History loaded 3 advisors from 'history\Advisors\naval_reformer 布衣门客.txt' #3
[history.cpp:822]: History loaded 2 advisors from 'history\Advisors\navigator 济世医者.txt' #2
[history.cpp:822]: History loaded 6 advisors from 'history\Advisors\philosopher 诸子百家.txt' #6
[history.cpp:822]: History loaded 4 advisors from 'history\Advisors\pioneer 蛮夷经略.txt' #4
[history.cpp:822]: History loaded 4 advisors from 'history\Advisors\privateer 贤达智者.txt' #4
[history.cpp:822]: History loaded 6 advisors from 'history\Advisors\quartermaster 军需官员.txt' #6
[history.cpp:822]: History loaded 8 advisors from 'history\Advisors\rear_admiral 改革人士.txt' #8
[history.cpp:822]: History loaded 5 advisors from 'history\Advisors\recruitmaster 征兵官员.txt' #5
[history.cpp:822]: History loaded 4 advisors from 'history\Advisors\sergeant_major_general 兵法名将.txt' #4
[history.cpp:822]: History loaded 5 advisors from 'history\Advisors\sheriff 内政精英.txt' #5
[history.cpp:822]: History loaded 6 advisors from 'history\Advisors\spymaster 孤胆刺客.txt' #6
[history.cpp:822]: History loaded 5 advisors from 'history\Advisors\statesman 一代名相.txt' #5
[history.cpp:822]: History loaded 3 advisors from 'history\Advisors\theologian 布道学究.txt' #3
[history.cpp:822]: History loaded 4 advisors from 'history\Advisors\trader 商人巨贾.txt' #4
[history.cpp:822]: History loaded 4 advisors from 'history\Advisors\treasurer 商宦监理.txt' #4
[eu3application.cpp:1213]: History Initialized
[eu3application.cpp:726]: Checksum is EU3 v5.2 (GWPS)    -483881560
[provincemanager.cpp:472]: CEU3MapCache creation.
[provincemanager.cpp:627]: Creating beach manager.
[provincemanager.cpp:638]: Creating province collision data.
[provincemanager.cpp:644]: Finished creating province collision data.
[natives.cpp:158]: NativeType #0 tag = noNativeType name = noNativeType provinces = 0
[natives.cpp:158]: NativeType #1 tag = natives_american name = 美洲原住民 provinces = 606
[natives.cpp:158]: NativeType #2 tag = natives_african name = 非洲原住民 provinces = 0
[natives.cpp:158]: NativeType #3 tag = natives_asian name = 亚洲原住民 provinces = 0
[natives.cpp:158]: NativeType #4 tag = natives_siberian name = 西伯利亚原住民 provinces = 0
